channelId,customer_illust,customer_2d_modeling,customer_3d_modeling,customer_event,customer_talk,customer_comedy,customer_game,customer_sing,customer_perform,customer_composition,customer_video_edit,customer_foreign_lng,cluster
UC-0McIXO-k-ueD879cVjYGA,0,0,0,1,1,0,0,0,0,0,0,0,1:企画・お笑い・トーク
UC-5fy20Ws6pGKiPniGWSp_w,0,0,0,0,1,0,1,0,0,0,0,0,5:一般的
UC-5n3rENHsCuCBVtOS7cMzw,0,0,0,0,1,0,0,0,0,0,0,1,5:一般的
UC-6Iez54bE038UQauMgJS-w,0,1,0,0,1,0,0,1,0,0,0,0,1:企画・お笑い・トーク
UC-9mpnLpsp6O15A4qVSZkaw,0,0,0,0,0,0,0,0,0,1,0,0,5:一般的
UC-C7nycpin5BFgvJg8hOOvA,1,0,1,1,1,0,1,0,0,0,0,1,5:一般的
UC-FRKMBZ-XLLVHipcYPCjnA,0,0,0,1,0,0,0,0,0,0,0,0,5:一般的
UC-MZ5Rm8JPpXnPoTan1JGdQ,1,0,0,0,0,0,0,0,0,0,0,0,2:イラスト・2Dモデル
UC-Osw5bCN2PJKJq-s6gCcQQ,0,0,0,0,1,0,1,0,0,0,0,0,5:一般的
UC-QLBeV8GVfexXnQOisUTXQ,0,0,0,1,0,0,0,0,0,0,0,0,5:一般的
UC-QiTPDr_mwFVc3LYsdsM9w,1,1,0,1,1,0,1,1,0,0,1,0,1:企画・お笑い・トーク
UC-WfEvgxDBQ3E82yhohUaaw,1,0,0,1,1,0,0,1,1,1,0,0,1:企画・お笑い・トーク
UC-Y_6gEbu4sw65fru_zRD_w,0,0,0,0,0,0,0,0,0,1,0,0,5:一般的
UC-_FkS6liTecyggLY9_Pblw,1,0,0,0,0,0,0,0,0,0,0,0,2:イラスト・2Dモデル
UC-_X1qXm3mJgiZUoRMgCOwg,0,1,0,0,0,0,0,0,0,0,0,0,2:イラスト・2Dモデル
UC-hF7RQOScFblBSVBJ0PQoA,1,1,0,0,0,0,0,0,0,0,0,0,2:イラスト・2Dモデル
UC-mM3_AGLuCPUlTBGAqBNWw,0,0,0,1,0,1,0,0,0,0,1,0,1:企画・お笑い・トーク
UC-oclVGZWejWQqm3a77m92A,0,0,0,1,0,0,0,0,0,0,0,0,5:一般的
UC-paul1Nd8pnK2eAAtxAaYw,0,0,0,0,0,0,0,1,0,0,0,0,3:歌
UC-rOEaaqTBZKIO6jSdXpdPQ,0,0,0,1,1,1,1,1,0,0,0,0,1:企画・お笑い・トーク
UC-s7Qogbwocsd6r5ws4FyaA,0,0,0,0,1,0,1,0,0,0,0,0,5:一般的
UC-vawMwEtWJ6u9adL2uclbg,1,1,1,1,0,0,0,1,0,0,1,0,1:企画・お笑い・トーク
UC-wZpxe-sOkaJPAL88F4nhg,0,0,0,1,1,0,1,1,0,0,0,0,1:企画・お笑い・トーク
UC0-fiHH0MWrG1JMQi-2YDAQ,1,1,1,0,1,0,0,1,0,0,0,0,1:企画・お笑い・トーク
UC04Lp4fnMhrFNYM8PWbRiZg,0,0,1,1,0,0,1,0,0,0,1,0,4:動画編集
UC06VqaCdzE-WFS1ErD-vWTQ,0,1,0,0,1,0,1,0,0,0,0,0,5:一般的
UC07Ox8mQhE-bROLNbUOy2BA,0,0,0,1,0,0,0,0,0,0,0,0,5:一般的
UC08TI5fvi8KTaT5JXend4-w,0,0,0,1,1,1,1,0,0,0,0,0,1:企画・お笑い・トーク
UC0AOSe8rC8zF1GWjcrbEttg,1,0,0,1,0,0,1,0,0,0,0,0,1:企画・お笑い・トーク
UC0LFEzDw6vUN1tDvBvCT6-Q,0,0,0,1,0,0,0,1,1,1,1,0,4:動画編集
UC0P3jtkvQjZNLlGDuPMBq6g,1,0,0,0,0,0,0,0,0,0,0,0,2:イラスト・2Dモデル
UC0QO7Ecmv75MFV_ru89fTeQ,0,0,1,1,1,0,1,0,0,0,1,0,4:動画編集
UC0SBBci0S1JWL0JHCX5QnZA,0,0,0,0,0,0,1,0,0,0,0,0,5:一般的
UC0SK2WVy_aVAaa14ep6WHCg,0,0,0,0,1,1,1,1,0,0,0,0,1:企画・お笑い・トーク
UC0UXEbX8VV4Cggnxg_f5A_Q,0,0,0,0,1,0,1,0,0,0,0,0,5:一般的
UC0ZbCzmJ_MN4qzvC09aNZtA,0,0,0,0,0,0,1,0,0,0,0,0,5:一般的
UC0boJYCv_7IZng-7ipsvzAw,0,1,0,0,0,0,1,1,0,0,0,0,1:企画・お笑い・トーク
UC0nasgeLGQZYGQdfhu6b-SQ,0,0,0,0,1,0,0,1,0,0,0,0,3:歌
UC0qhw3KdajqiUshNfU26-nA,1,0,0,0,0,0,0,1,0,0,0,0,3:歌
UC0wQk-NWk9SNTY5vpzeWc3w,0,0,0,1,1,0,0,1,0,0,0,1,5:一般的
UC0wzKgdczgwcFlHsbylBOfg,0,0,0,0,0,0,1,0,0,0,0,0,5:一般的
UC0yUtSIpcVTO8dpyhFqbS_g,1,0,0,0,0,0,1,1,0,0,0,0,2:イラスト・2Dモデル
UC10Hvs8hwlKbERjpkHTzEWA,0,0,0,0,0,0,1,0,0,0,0,0,5:一般的
UC12oTwhIFytkX4-muA1pqkQ,0,0,1,0,0,0,1,0,0,0,0,0,2:イラスト・2Dモデル
UC15XtnvAiHPHgll2l8KV_gw,1,1,0,0,0,0,1,0,0,0,0,0,2:イラスト・2Dモデル
UC15aMYGSWSvazgyaHJsvMpQ,0,0,1,0,0,0,0,0,0,0,1,0,4:動画編集
UC16DK2sdofXQfShdlf4Bjag,0,0,0,0,0,0,1,1,0,0,0,0,3:歌
UC16d4b4gNRmPjqaCuOOJVqA,0,0,0,1,0,0,1,0,0,0,0,0,5:一般的
UC1AyCiv-RzVLZbQOtqyDKzA,1,1,0,1,1,1,1,0,0,0,0,0,1:企画・お笑い・トーク
UC1BiQwqgvFNli5m48p4yRqg,0,0,0,0,1,0,1,1,0,0,0,0,3:歌
UC1D6BasOxK0jXGRm1HmncaA,0,0,1,0,1,0,0,0,0,0,0,0,2:イラスト・2Dモデル
UC1H4wogIvYz7aVmaDpFA99Q,1,0,0,0,0,0,1,0,0,0,0,0,2:イラスト・2Dモデル
UC1Hr64qXZWAIOpx2PsnAu9A,0,0,0,0,0,0,1,0,0,0,0,0,5:一般的
UC1Je5rfcripQtpev7f-1Idw,0,0,0,0,0,0,0,1,0,0,0,0,3:歌
UC1M0hXl3p86WP_eqgv20oWw,0,0,0,0,0,0,0,1,0,0,0,0,3:歌
UC1O739Bs_hJN35_doH8nwUQ,0,0,0,1,1,0,1,1,0,0,0,0,1:企画・お笑い・トーク
UC1UtoxnTjGDok3azO2rRkCw,1,0,0,0,0,0,0,0,0,0,0,0,2:イラスト・2Dモデル
UC1WAEoIIcv5Q3bL9UP5mSSQ,0,0,0,1,1,1,0,0,0,0,0,0,1:企画・お笑い・トーク
UC1bB4d5Bgv6XnZoN3Lk1qOg,0,0,0,0,1,0,1,1,0,0,0,0,3:歌
UC1eCFqwn3Ds6kDnpMYt0oTQ,0,0,0,1,0,0,1,1,1,0,0,0,4:動画編集
UC1jWtttNKgM_wQ7m6ggYFbw,0,0,0,1,1,0,1,1,0,0,0,1,5:一般的
UC1ldvNjvkH1BFxS4jWpsv2g,0,0,0,0,0,0,1,0,0,0,0,0,5:一般的
UC1niXF1Af5HyHt2zH3r5TuA,0,0,0,0,1,1,1,1,0,0,1,0,4:動画編集
UC1qyF4v435EjuKNdWtv78hw,0,0,0,1,0,0,1,0,0,0,1,0,4:動画編集
UC1rnSfnNW-45z0H-h8eV6zw,1,1,0,0,1,0,1,0,0,0,0,0,5:一般的
UC1xfK2bcKqZ13nDRs0u4iFQ,0,0,0,0,0,0,1,1,0,0,0,0,3:歌
UC21DkLrQeAnUVokuiKTYVQg,0,0,0,0,1,0,1,1,0,0,0,0,3:歌
UC21kFbD7byARmZ-oCmyuq5Q,0,0,0,1,1,0,1,1,0,0,0,0,1:企画・お笑い・トーク
UC24_LEm6ddEpG60uL7F85AQ,1,0,0,1,0,0,1,0,0,0,0,0,1:企画・お笑い・トーク
UC24jXUR8FlMvxtpZYmQiVqA,0,0,0,0,1,0,1,0,0,0,0,0,5:一般的
UC29o1LO2_FAi_NQar3F4-yw,1,0,0,0,0,0,0,0,0,0,0,0,2:イラスト・2Dモデル
UC2Cjji6DPdKxHZqXtDiVpiQ,0,0,0,0,0,0,1,0,0,0,1,1,4:動画編集
UC2EFpg8OBlhXDTL74SRnIyQ,0,0,1,1,0,0,1,0,0,0,0,0,4:動画編集
UC2GSF2gbol49r3e7ZuZupfA,1,0,1,0,0,0,0,0,0,0,0,0,2:イラスト・2Dモデル
UC2GlSOsnVE9y91AO08IiXwg,1,0,0,1,1,0,0,0,0,0,1,1,4:動画編集
UC2JVuvAo74kqPH0GXC8JcBw,0,0,0,0,0,0,0,0,0,1,0,0,5:一般的
UC2K8sRze5m27lPGddWX0EXw,0,0,0,0,0,0,1,1,0,0,1,1,4:動画編集
UC2PFRFwwzPst3bdTWE8EuVg,0,0,0,0,0,0,1,0,0,0,0,0,5:一般的
UC2RLL3W-negkiUdeAXV9dsw,0,1,0,0,1,0,1,0,0,0,0,0,5:一般的
UC2Vyy8we1hHf5Qcud01WMjA,0,0,0,1,1,0,0,1,0,0,0,0,1:企画・お笑い・トーク
UC2YSkjrHkjqW74aVwng_5Lw,0,0,0,0,0,0,1,0,0,0,0,0,5:一般的
UC2ZWmqiY0OJHz1QNS4Bj8Eg,0,0,0,1,1,0,1,0,0,0,0,0,1:企画・お笑い・トーク
UC2aBQtucR2iIAm_yZhzBPVQ,0,0,0,0,0,0,1,0,0,0,0,0,5:一般的
UC2fzIs-C_0SkjzZPi7dlhuQ,0,0,0,1,1,0,1,1,0,0,0,0,1:企画・お笑い・トーク
UC2kPnsU0XgIEtRqqpZkM71Q,0,0,0,0,0,0,0,1,0,0,1,0,4:動画編集
UC2sZQIn1hMKqxmgcJaflKOw,0,0,0,0,1,0,1,0,0,0,0,0,5:一般的
UC2vSUNvmHcMyph6W-mfRN5A,0,0,0,0,1,0,0,0,0,0,0,0,5:一般的
UC2wvHSuzr8z4XsC37uN_XNg,0,1,0,0,1,0,1,0,0,0,0,0,5:一般的
UC3-_0d6ykHO7_WnIJ7RXU3Q,0,0,0,0,1,0,1,0,0,0,0,0,5:一般的
UC31Q_uUwjOQhZMcovbK6igQ,1,0,0,1,1,0,0,1,0,0,0,0,1:企画・お笑い・トーク
UC32RqWFcWXgK_PBfzO9h2Tg,0,0,0,0,1,0,1,1,0,0,0,0,3:歌
UC38mrZv-qjVWyOs_WObJ9PQ,1,1,0,0,0,0,1,0,0,0,0,0,2:イラスト・2Dモデル
UC3Cpmk8kGKYlAYOS9c6Igfw,0,0,1,0,0,0,0,0,0,0,0,0,2:イラスト・2Dモデル
UC3DAn3SqfD81mbVZuW9igUA,0,0,0,0,1,0,1,1,0,0,0,0,3:歌
UC3ETsn9cTinBPwW-vUMT7aA,1,0,0,0,0,0,0,0,0,0,0,0,2:イラスト・2Dモデル
UC3G7IJJAv_epkSur02-tE8A,0,0,0,0,0,0,0,0,1,1,0,0,5:一般的
UC3L6Bf5L2kpofnyi1_qiaDw,0,0,0,1,1,0,1,1,0,1,1,0,1:企画・お笑い・トーク
UC3LGsPWOj2p6JxP7oRjSl1w,0,0,0,1,1,0,0,0,0,0,0,0,1:企画・お笑い・トーク
UC3LaieYhkDxMDhQLYlvqynw,0,0,0,1,1,0,1,0,0,0,0,0,1:企画・お笑い・トーク
UC3Nds_sl7f5UK4owgogjoIQ,1,0,0,0,1,0,0,0,0,0,0,0,5:一般的
UC3Sqg6wZYL1DcdTfc9sQA9Q,0,0,0,0,0,0,0,1,0,0,0,0,3:歌
UC3Z4nXVK8a0Y3D9MroL7gEA,0,0,0,1,0,0,0,0,0,0,0,0,5:一般的
UC3_Mh4qQS62CWKp45gqnY2A,0,0,0,1,1,0,1,1,0,0,0,0,1:企画・お笑い・トーク
UC3dU5GPoknYi76xMOM3JbUQ,1,1,0,0,1,0,1,1,0,1,1,0,1:企画・お笑い・トーク
UC3gzd_poK7UFD2LAkwojiaw,1,1,0,0,0,0,0,0,0,0,0,0,2:イラスト・2Dモデル
UC3hHO5VuS4YD_rx6e3eFzLA,0,0,0,0,1,0,0,0,0,0,0,0,5:一般的
UC3jDGxI2BmRRHIQ4S3cgSVw,0,0,0,1,1,1,0,0,0,0,1,0,1:企画・お笑い・トーク
UC3kUzLIMWMIJKt0n_ZqRs9g,0,0,1,0,0,0,0,0,0,0,0,0,2:イラスト・2Dモデル
UC3n-A4K3F_4tY_0EmpsDfkA,0,0,0,0,0,0,0,1,0,0,0,0,3:歌
UC3nYB-CnpY7L_2ZaQNeThoA,0,0,0,1,1,0,0,0,0,0,0,0,1:企画・お笑い・トーク
UC3qwIP8oaDnaGH313D_KgBA,1,0,0,0,1,0,0,1,0,0,1,0,1:企画・お笑い・トーク
UC3tOL8JHgdhz4hPU-DKYXNw,0,1,0,0,1,0,1,0,0,0,1,0,5:一般的
UC491xVp6Ip4qz5gTyDRg4Ow,0,0,0,0,0,0,1,0,0,0,0,0,5:一般的
UC4K0BPhoZW1MzEHnpk_jhHw,0,0,0,0,0,0,1,0,0,0,1,0,4:動画編集
UC4L9QGtCX4Q3F6IECUUlgow,0,0,0,0,0,0,0,0,1,0,0,0,5:一般的
UC4LoSYSUdRjcU9N3SmNEywQ,0,1,0,0,0,0,1,1,0,0,0,0,1:企画・お笑い・トーク
UC4Vau0DXBRFC-LsyRBhX6hA,1,0,0,0,1,0,0,1,0,0,0,0,3:歌
UC4a1dbAuhRwTPRNRJ3sRr-Q,1,1,0,0,0,0,0,0,0,0,0,0,2:イラスト・2Dモデル
UC4aZLkAT3S4ja3MXnicYZzw,1,0,0,1,1,0,1,0,0,0,0,0,1:企画・お笑い・トーク
UC4abpqV-4CEEB_WHiU4HHCA,0,0,0,0,1,0,1,0,0,0,0,0,5:一般的
UC4aiwUeuq4Ax_sqDM5SAj9g,0,0,0,0,0,1,1,0,0,0,0,0,1:企画・お笑い・トーク
UC4drTm13k1Keo3Y04tgk6pw,0,0,0,0,1,0,0,0,0,1,0,0,5:一般的
UC4hks00UI5wextQdVkEIB-Q,0,0,0,1,0,0,0,0,0,0,0,0,5:一般的
UC4ijBQknjgBzLPMzpVtlMmQ,0,0,0,0,0,0,1,0,0,0,0,0,5:一般的
UC4npTd2MGMpuLXol2egY2hQ,0,0,0,0,1,0,1,1,0,0,0,0,3:歌
UC4tdzXb3MRGMw2gMS-QnmPQ,0,0,0,1,0,0,0,0,0,0,0,0,5:一般的
UC4wyC0JgnE9DhoLQkKo3qgw,0,0,0,0,1,0,1,0,0,0,0,0,5:一般的
UC4z7qMOpkdlWDU945-KDywQ,0,0,0,0,1,0,0,0,0,0,0,0,5:一般的
UC5-DtmP44TYaMLzdUaBDYdg,0,0,0,0,1,0,0,1,0,0,0,0,3:歌
UC5-UTz3GS8U5sYW2Hz38kwA,1,0,0,0,0,0,0,0,0,0,0,0,2:イラスト・2Dモデル
UC52ZfO6UKXPSy1i9RC-xBTQ,0,0,0,0,0,0,0,1,0,0,1,0,4:動画編集
UC54gypPh8-BdJ5-PgWLb45g,0,0,0,1,0,1,1,0,0,0,0,0,1:企画・お笑い・トーク
UC5F6_-cT8h2-Cy0luWBlFGQ,0,0,0,0,0,0,1,0,0,0,0,0,5:一般的
UC5Gsp0cTLrIKRkz4D9yCxkQ,1,0,0,0,0,0,0,0,0,0,0,0,2:イラスト・2Dモデル
UC5HS-IecqatQ45Mm41z5B8w,0,0,0,0,0,0,1,0,0,0,0,0,5:一般的
UC5JJf9l3VpQ14KOPDL8pbjQ,1,0,0,0,0,0,0,1,0,0,0,0,3:歌
UC5OB45jE0XqRyXdGETY-2-w,1,1,0,1,0,0,0,0,0,0,0,0,1:企画・お笑い・トーク
UC5P_25q11zSWA6wKulI4EeA,0,0,0,0,1,0,1,0,0,0,0,0,5:一般的
UC5R3E1fjcNgbNPITCzQ35Ag,0,0,0,1,1,0,1,0,0,0,0,0,1:企画・お笑い・トーク
UC5SjDrYN9fAgw6t2MI_AVvQ,0,0,0,0,1,0,1,0,0,0,0,0,5:一般的
UC5XJnacGMzHFL_DGAePt06A,0,0,0,0,1,1,0,0,0,0,0,0,1:企画・お笑い・トーク
UC5XvKctSiQQ3NFVSfYJLJWA,0,0,0,0,0,0,0,1,0,0,0,0,3:歌
UC5_0PuQdXUgpLLZkdozq1Vw,1,0,0,0,0,0,0,0,0,0,0,0,2:イラスト・2Dモデル
UC5_BgT0Kr0pOlwgWpnWL0Ug,1,0,0,0,0,0,1,1,0,0,0,0,2:イラスト・2Dモデル
UC5_nDyH-003dh1nZy8lVHlg,0,0,0,0,0,0,1,1,0,0,0,0,3:歌
UC5cLyxwU-kuuAWtMdBa6fQg,0,0,0,0,1,0,0,1,0,0,0,0,3:歌
UC5cbSyFTohO2_PJAqr-6NFA,0,0,0,1,0,0,1,0,0,0,1,0,4:動画編集
UC5csJ6hBMLhxBAtJ7Mi0BsA,0,0,0,1,1,0,0,1,0,0,0,0,1:企画・お笑い・トーク
UC5dSJc8mJ8k8hFaNr5HnT_A,0,0,0,0,1,1,0,0,0,0,1,0,4:動画編集
UC5gRDZyHF9TTotk28E5ayPg,1,1,0,0,0,0,0,0,0,0,0,0,2:イラスト・2Dモデル
UC5k4A1n2jGJZp8ClbS8CcyA,1,0,0,0,0,0,1,1,1,0,0,0,2:イラスト・2Dモデル
UC5snfPNcLa8srbCe4dn8Wew,0,0,0,1,0,0,1,0,0,0,0,0,5:一般的
UC632rW4pL7yq4oGLJFfsuVA,1,0,0,0,0,0,1,0,0,0,0,0,2:イラスト・2Dモデル
UC63UJPlX9IF89gK0PC_3naQ,1,0,0,0,0,0,0,0,0,0,1,0,4:動画編集
UC64lAAAboDtVyX5DohKvVnA,1,0,0,1,1,0,1,0,0,0,0,0,1:企画・お笑い・トーク
UC66p0k7akdIl9JG2CIyKzBg,0,0,0,0,1,0,0,0,0,0,0,0,5:一般的
UC6GmZCjSN_1D0v9qvqVEE5g,0,0,1,1,1,0,0,1,1,1,1,0,4:動画編集
UC6K0F33utZ_KZnko18khl-Q,1,0,0,0,0,0,1,1,0,0,0,1,2:イラスト・2Dモデル
UC6M5X72dgfoMp27sdCU27CA,1,0,0,0,1,0,0,1,0,0,0,0,3:歌
UC6MjPTgQT0_oGsBVdX5nZUw,0,0,0,0,0,0,1,0,0,0,0,0,5:一般的
UC6Mt9a8Mm2ZLrsP9xNOnRpw,1,0,0,1,0,0,1,0,0,0,0,1,5:一般的
UC6PJ5D0dI_FgTjuSwYwUK-g,1,0,0,0,0,0,0,1,0,0,0,0,3:歌
UC6SYWBb8lhHYKybg9Ppr56Q,1,1,0,0,1,0,0,0,0,0,0,0,5:一般的
UC6SsfvvMYXGRVryQkR_9jIA,1,0,1,0,0,0,0,0,0,0,0,0,2:イラスト・2Dモデル
UC6XEofw_jOSc1ne6F97NOTA,1,0,0,0,0,0,0,0,0,0,0,0,2:イラスト・2Dモデル
UC6Zb58SYs25mnbTtR4ZAr9A,0,0,0,1,1,0,1,0,0,0,1,1,5:一般的
UC6cgUcRa_gGsjqq3Kp6B68w,0,0,0,1,1,0,0,1,0,0,0,0,1:企画・お笑い・トーク
UC6eVhk2wg_MqHdLcB1kPvGw,0,0,0,0,0,0,0,0,0,0,0,1,5:一般的
UC6i23xw5sXBCl9HYPiwTpgA,0,0,0,0,0,0,1,0,0,0,0,0,5:一般的
UC6jtmVEyT1oh6Lo6BdSTcBg,0,0,0,0,1,0,0,0,0,0,0,0,5:一般的
UC6kI9UelZ7W8kOOkv6gLXUA,1,0,0,1,1,0,1,1,0,0,0,0,1:企画・お笑い・トーク
UC6raxFTU0y8d8_4JVwZ56YQ,0,1,0,0,0,0,0,1,0,0,0,0,3:歌
UC6uqxSyfR4vnb--6vjfzU5A,0,0,0,0,0,0,1,0,0,0,0,0,5:一般的
UC6z05SC9m44YJVYFFFo3g4g,1,0,0,0,0,0,0,0,0,0,0,0,2:イラスト・2Dモデル
UC729_Tcmnv7_thRfdVSlk1Q,0,0,0,1,1,1,0,0,0,0,0,0,1:企画・お笑い・トーク
UC73DLMOm-BzwF-SelLSuxnw,0,0,0,0,1,0,1,0,0,0,0,0,5:一般的
UC74254idDopreMMQfNIsJFw,0,0,0,1,0,0,1,0,0,0,1,0,4:動画編集
UC77pnz0QGqvMpJZMFTY_zLw,1,0,0,1,0,0,1,1,0,0,0,0,1:企画・お笑い・トーク
UC7A7bGRVdIwo93nqnA3x-OQ,0,0,0,0,0,0,0,1,0,0,1,0,4:動画編集
UC7Ar3UTX9pqTXZKfIO7wfVw,0,0,0,1,1,0,1,0,0,0,0,0,1:企画・お笑い・トーク
UC7Bjbk5PlrywAY2nHSxCurg,1,1,0,0,0,0,0,0,0,0,0,0,2:イラスト・2Dモデル
UC7CX-YJ14nMNbxSzVcnUqMQ,0,0,0,0,1,0,1,1,0,0,0,0,3:歌
UC7E0ZB2Feiq1fWCucicTR0Q,1,0,0,1,1,0,0,1,0,0,0,0,1:企画・お笑い・トーク
UC7FMDZMIFyuNxyc0ocPU_Kg,1,0,0,0,0,0,0,0,0,0,0,0,2:イラスト・2Dモデル
UC7MBvGkcH3bWqmyoRjLFw_g,0,0,0,0,0,0,0,1,0,0,0,0,3:歌
UC7MKzk1xlqe9pcsae5u97VA,0,0,0,1,1,0,1,0,0,0,0,0,1:企画・お笑い・トーク
UC7OPkXOadje491mUGcPIhAA,0,0,0,1,1,0,0,1,0,0,0,0,1:企画・お笑い・トーク
UC7Pfn1SEmphNP07g7YjeKLg,1,0,0,0,0,0,0,0,0,0,0,0,2:イラスト・2Dモデル
UC7R2tH4OhJE5Zt6L4N6bOnw,0,0,0,1,1,0,1,1,0,0,0,0,1:企画・お笑い・トーク
UC7SlaxqTvy-zoFbacWeJX5w,0,0,0,1,1,0,0,1,0,0,0,0,1:企画・お笑い・トーク
UC7W2zxRLjrjatz2KoFn_E9A,0,0,0,1,1,0,1,0,0,1,0,0,5:一般的
UC7WY5VP-P-rSb2ES5npk8yA,0,0,0,0,0,0,1,1,0,0,0,0,3:歌
UC7WiEMYYclGCpxppbxEvbJw,0,0,0,1,1,0,1,1,0,0,0,0,1:企画・お笑い・トーク
UC7YWr5lwet-_0af_cUo35Kg,0,0,0,1,0,0,1,0,0,0,0,0,5:一般的
UC7b2UoNgCM1-ncdEg5Lb9yQ,0,0,0,0,0,0,1,0,0,0,0,0,5:一般的
UC7b4AbeME2fPipioiKBLjfA,0,0,0,1,1,1,0,1,0,0,0,1,5:一般的
UC7kiR8rqM9ojRPLYXV-wa-A,0,0,0,1,1,0,1,1,0,0,0,0,1:企画・お笑い・トーク
UC7lDcWB9HvRy3D7kvBOXFOA,0,0,0,0,0,0,0,0,0,1,0,0,5:一般的
UC7qemBGRFW6o2FZPKhZhv9g,0,0,0,0,1,0,0,0,0,0,0,0,5:一般的
UC7r_hkNSKN22RXRklZsPbWg,0,0,0,0,0,0,1,0,0,0,1,0,4:動画編集
UC7vEjdm4EFBGWkOOxxWR6bw,1,0,0,1,0,0,1,0,0,0,0,0,1:企画・お笑い・トーク
UC7vjGEbLNlo6ukrmeLKI7rw,0,0,0,0,0,0,1,0,0,0,1,0,4:動画編集
UC7wq4kxtd6VhSRn0jmOexVQ,0,0,0,0,0,0,0,1,0,0,0,0,3:歌
UC7xdiXo7eiR1iOzOoHi-Rlg,0,0,0,0,1,0,1,0,0,0,0,0,5:一般的
UC7xyzq_Hd72-IbJVoz4DSrQ,0,0,0,1,1,0,0,0,0,0,0,0,1:企画・お笑い・トーク
UC85lV6xJp3YZEaAFIK8c-EQ,0,0,0,1,1,0,0,0,0,1,0,0,5:一般的
UC85p70c36OfpwaL8qRjzWNw,0,0,0,0,0,0,1,0,0,0,0,0,5:一般的
UC870IRzMEanbV-hr8HTpRBw,0,0,0,1,1,1,0,1,0,0,0,0,1:企画・お笑い・トーク
UC8MJKmsgsQej0-1g1D8f4wQ,0,0,0,0,0,0,1,0,0,0,0,0,5:一般的
UC8RYKdY9W3DvmpvapUfsy4g,0,0,0,1,1,0,0,1,0,0,0,0,1:企画・お笑い・トーク
UC8S13GSwUAq5BVw7UG3BcaQ,0,0,0,0,0,0,1,0,0,0,0,0,5:一般的
UC8XPv5NUWv-aMhSBpdKlK0w,0,0,0,0,0,0,0,0,0,0,1,0,4:動画編集
UC8Xfq87xcmxbKd7XL0ouVXA,0,0,0,0,0,0,1,0,0,0,1,0,4:動画編集
UC8aB0TDbCuD7smRZwrpLc0g,0,1,1,1,1,1,1,1,0,0,1,0,1:企画・お笑い・トーク
UC8eaqurxu_lRbcqu85l3iVg,1,0,0,0,0,0,0,0,0,0,0,0,2:イラスト・2Dモデル
UC8jqnWIyghVwMzUb2mA0tHg,1,0,0,1,1,0,0,1,0,0,1,0,1:企画・お笑い・トーク
UC8pHOwHgsAp2a4KYILgM0qw,0,0,0,1,0,0,0,0,0,0,0,0,5:一般的
UC8rvbxCrJnsL_gZZajVoNQg,0,0,0,1,1,0,1,0,0,0,1,0,4:動画編集
UC8t73HaIIyn9OcoHGcxrmHA,1,0,0,1,1,0,1,1,0,0,0,0,1:企画・お笑い・トーク
UC8w23FEH1LglqQ69tj3HZ5w,0,0,0,0,0,0,0,1,0,0,0,1,5:一般的
UC8wIhzi7n8tw4crEXNk1HkQ,0,0,0,1,1,0,0,0,0,0,0,0,1:企画・お笑い・トーク
UC9-e7NcdqK-ugc1L2YttNWw,1,1,0,1,1,0,1,1,0,0,0,0,1:企画・お笑い・トーク
UC92r6IX7Mgh42aSQSlCCzWw,0,0,0,0,0,0,0,0,0,0,0,1,5:一般的
UC93u-UdFfEX0RD9E4BTZEwg,0,0,0,0,1,0,1,0,0,0,0,0,5:一般的
UC9A0EMtmMKa6J_jL0Hkez8Q,0,0,0,0,1,0,1,0,0,0,0,0,5:一般的
UC9E1qttL-uO1dhfM6x0dl-g,0,0,0,0,0,0,0,1,0,0,0,0,3:歌
UC9Io4j2kf_LqbKp8nwvfHSQ,0,0,0,1,0,0,1,1,1,0,1,0,4:動画編集
UC9KAh4g-p7DCsQS60dowJ8g,0,0,0,0,0,1,1,0,0,0,0,0,1:企画・お笑い・トーク
UC9PkqFPl59BQAm32QTlHhmQ,0,0,0,0,0,0,1,1,1,0,1,0,4:動画編集
UC9S88PESIt-gDZvAS-Kt6-Q,0,0,0,1,1,0,0,1,1,0,0,0,5:一般的
UC9V_3-A-aboUNwO-yNmCqgQ,1,0,0,0,1,0,1,1,0,0,0,0,1:企画・お笑い・トーク
UC9XrNQF7M7EZO9QdF2kvoIg,0,0,0,0,1,0,1,0,0,0,0,0,5:一般的
UC9YpkutUklIk54ra8MK8-_Q,0,0,0,1,0,0,0,0,0,0,0,0,5:一般的
UC9kgxfAMJTNjzEGaYm3Ae6A,0,0,0,0,1,0,0,0,0,0,0,0,5:一般的
UC9lxsXEP21vE0px26MIFGzQ,1,1,0,0,1,0,1,1,0,0,0,1,1:企画・お笑い・トーク
UC9opcrRCXBQxHBZ8axO1XBw,1,1,0,1,1,1,0,0,0,0,0,0,1:企画・お笑い・トーク
UC9qTGOH8ouDq18Plox9AGHQ,0,0,0,1,1,1,1,1,0,0,0,0,1:企画・お笑い・トーク
UC9xcn33zRbepmrOa2XH_VxQ,0,0,0,1,1,0,0,1,0,0,0,0,1:企画・お笑い・トーク
UC9yCr44yTfX9hmK6AUteVKw,0,0,1,1,1,1,1,1,0,0,1,0,1:企画・お笑い・トーク
UC9ywrvsXTsFcXq-Q4b5fhtQ,0,0,0,0,1,0,1,1,1,1,0,0,5:一般的
UC9zjZzmkJ4rY4QGr1XzbsXA,1,0,0,0,0,0,0,0,0,0,0,0,2:イラスト・2Dモデル
UCA8gdv543INqOQAsWJ-CsqQ,0,0,0,0,1,0,1,0,0,0,1,0,4:動画編集
UCA9gbbFQBpjJtOmn1290qfA,1,0,0,1,0,0,0,1,0,0,1,0,1:企画・お笑い・トーク
UCAB7gH8FN4W5RRWLdW6_n1w,1,0,0,0,0,1,1,1,0,0,1,0,1:企画・お笑い・トーク
UCAF5P0_1MFBPbwFnlqXBCDQ,0,0,0,0,0,0,1,0,0,0,1,0,4:動画編集
UCAPeg9xL7IQbI9ajHI9pStA,0,0,0,1,1,0,1,0,0,0,0,0,1:企画・お笑い・トーク
UCAShGS4qcNb7cB0fMQkJ_zQ,1,0,0,0,0,0,0,0,0,0,1,0,4:動画編集
UCAX2AlCbBbzi0ZCIBSDXBhg,1,0,0,0,0,0,0,0,0,0,0,0,2:イラスト・2Dモデル
UCAeya5DrlFjk5N-Q2QkjADA,0,0,0,0,0,0,0,1,0,0,0,0,3:歌
UCAg_bUbWqaq0xqdW5r_cL2g,1,1,0,0,1,1,1,0,0,0,0,0,1:企画・お笑い・トーク
UCAh0rzFLXEZPsczKpHhcYAg,1,1,1,0,0,0,0,0,0,0,0,0,2:イラスト・2Dモデル
UCAo04ZXtnGqdksRzthKQGFA,1,0,1,0,0,0,0,0,0,0,0,0,2:イラスト・2Dモデル
UCApYlKNymyHZ9dlOCImFVBg,0,0,0,0,1,0,1,0,0,0,0,0,5:一般的
UCAwaT53ahBc7GLPW9FBec2Q,1,0,0,0,0,0,0,0,0,0,1,0,4:動画編集
UCB21dFufOAPxxq4jYMZwinA,0,0,0,0,1,0,1,0,0,0,0,0,5:一般的
UCB2L7BUketCt3Q4Lx6UiWig,0,0,0,0,0,0,0,0,0,1,0,0,5:一般的
UCB65LjSO-nG4CS-e6f8jl8A,0,1,0,0,0,0,0,0,0,0,0,0,2:イラスト・2Dモデル
UCB7nD9Qw055AFHhsDZMEziw,1,0,1,1,0,0,0,0,0,0,0,0,2:イラスト・2Dモデル
UCBEN1kZLjq9AaltbJUceriw,1,0,0,1,1,0,1,0,0,0,0,0,1:企画・お笑い・トーク
UCBKzNNiJV88UX2i7-vbEDsg,0,0,0,0,0,0,1,0,0,0,0,0,5:一般的
UCBL8P81ucPTAsfalU8cIkIw,0,0,0,0,1,0,1,0,0,0,0,0,5:一般的
UCBOXNvvRegV74XXD5ZtgIMA,1,0,0,0,0,0,0,0,0,0,0,0,2:イラスト・2Dモデル
UCBUIvESz_0qqu4GQVuC5lew,0,0,0,0,0,0,0,1,0,0,0,0,3:歌
UCBWi2qk4NclI4oKa-DWclgw,0,1,0,0,1,0,1,0,0,0,1,0,5:一般的
UCB_83BDYFGs03gv0NaNlS3g,0,0,0,1,0,0,0,1,0,0,0,0,5:一般的
UCBcrDGLNodQvNZH4FNW_-XA,0,0,0,0,1,0,0,0,0,0,0,0,5:一般的
UCBld8zTgiY5uPaS0OD27_2A,0,0,0,0,0,0,1,0,0,0,0,0,5:一般的
UCBpQOPcTVeZ2irh_FzSyIbg,0,0,0,1,1,0,0,1,0,0,1,0,4:動画編集
UCBrqv6A5HxuvWncu-1SB08w,0,0,0,0,0,0,1,0,0,0,0,0,5:一般的
UCBsVUeDX45EDbWGy3CpzKCQ,0,0,0,1,1,1,1,1,0,0,0,0,1:企画・お笑い・トーク
UCC0MIMnQdNWzREHb2LMaLjA,0,0,0,0,0,0,1,0,0,0,0,0,5:一般的
UCC3_SXQqnyEdHEOUJDa3kTQ,0,0,0,0,1,0,0,1,0,0,0,0,3:歌
UCCAKiV6oCbj5-IkAATk2ipA,0,0,0,1,0,0,1,1,0,0,0,0,5:一般的
UCCI-zQsuYuvLmPmZEVfgfCQ,0,1,0,0,0,0,0,0,0,0,0,0,2:イラスト・2Dモデル
UCCKEIHNHTjahlpI9mkcJl1g,0,0,0,0,0,0,1,0,0,0,0,0,5:一般的
UCCVFWWrigGSqNgVC_JW23Ew,0,0,0,0,0,0,1,0,0,0,0,0,5:一般的
UCCWl59PDtxrB3tqUiP8WyXw,0,0,0,0,1,0,1,0,0,0,0,0,5:一般的
UCCYiIDASgcdkIDUwLR96E_w,1,1,0,0,1,0,1,0,0,0,0,0,5:一般的
UCCcn0MBWhlSV3yNL0frrI8A,1,0,1,1,1,0,0,1,0,1,0,0,1:企画・お笑い・トーク
UCCjTmWMoROltUCf_OVwRS-w,0,0,0,0,0,0,1,0,0,0,0,0,5:一般的
UCCsj8yNKOZYpR8j932Non2w,1,0,1,0,0,0,0,0,0,1,0,0,5:一般的
UCD3u3SdRmL1mS39aNK79bcQ,0,0,0,0,1,0,1,1,0,0,0,0,3:歌
UCD4gzEbeBc35-JIn8GR5vig,1,0,0,1,0,0,0,0,0,0,0,0,1:企画・お笑い・トーク
UCD4jfZH8CmKxGtHIJSuKDUg,1,0,0,1,0,0,1,0,0,0,0,0,1:企画・お笑い・トーク
UCD7Pg0uHDSGf5x4EYReopQg,0,0,0,0,0,0,0,0,0,1,1,0,5:一般的
UCDJW_dH5VsZyj1-6Gr8Dkrw,0,0,0,1,0,0,1,0,0,0,1,0,4:動画編集
UCDVvK7ngis3eOjPcgQE1KRg,0,0,0,1,0,0,0,0,0,0,0,0,5:一般的
UCDWNg2WpVoi68dzLp7QehKA,0,0,0,1,1,0,1,0,0,0,1,0,4:動画編集
UCDYwGe72TZOvqC27LsDw59A,0,0,0,0,0,0,1,0,0,0,0,0,5:一般的
UCD_uaBVlRwmB4R8ydSKVqOQ,0,0,0,0,0,0,1,1,0,0,0,0,3:歌
UCDaMU2WZomg1ZLsyxNrTVvQ,0,0,0,1,0,0,1,1,0,0,0,0,5:一般的
UCDe1nbAlOkncedsqW-y8tNA,0,0,0,0,1,0,1,1,0,1,1,0,1:企画・お笑い・トーク
UCDeSOIuBNis9Nx8jLMJyYfQ,0,0,0,0,1,0,0,0,0,0,0,0,5:一般的
UCDfldzXh5eSu-jlz7IQB8oQ,0,0,0,0,1,0,0,1,0,0,0,0,3:歌
UCDi0DmL9L0HocNjfraTGdKQ,0,0,0,0,1,0,0,1,0,1,0,0,5:一般的
UCDkYCI1H4NB8ERC-dMpZeyQ,0,0,0,0,0,0,1,0,0,0,0,0,5:一般的
UCDt10WTxSTPBpR4ulcLZz1A,0,0,0,1,1,0,1,0,0,0,0,0,1:企画・お笑い・トーク
UCDuL7xgYk0yKJ6BJ653qNMw,0,0,0,0,1,1,0,0,0,0,1,0,4:動画編集
UCDwwJ3W_hwyo9GpVOspvb7g,0,1,0,0,0,0,0,0,0,0,0,0,2:イラスト・2Dモデル
UCE0Aruy_hbfpeEhP5LuQ_Lg,0,0,0,0,1,0,0,1,0,0,0,0,3:歌
UCE26F7kJQ6lH_iYLpsElUFg,0,0,0,0,0,0,1,1,0,0,0,0,3:歌
UCEDmLqbYpMg2cPjVmdbcHdw,0,0,0,1,1,1,1,0,0,0,1,0,1:企画・お笑い・トーク
UCEDpcNnJydwdGHbrOx-SKMA,1,1,0,0,0,0,1,0,0,0,0,0,2:イラスト・2Dモデル
UCEKx2rwPMNMsBGztWcNeIxg,0,0,0,1,1,0,0,0,0,0,0,0,1:企画・お笑い・トーク
UCEMVVtKNQWNEqm92eXwHXqA,0,1,0,0,0,0,1,0,0,0,1,0,2:イラスト・2Dモデル
UCENAXw8TAqPSht7KSQ6VNSQ,0,0,0,1,1,0,1,0,0,0,0,0,1:企画・お笑い・トーク
UCEPExz1gciskA3RzZYNqn-A,0,1,0,1,0,0,0,0,0,0,0,0,1:企画・お笑い・トーク
UCEPOa7RUSGoIdpROYtYy3zA,0,0,0,0,0,0,1,0,0,0,0,0,5:一般的
UCEQNr2aP9UgS8B8cFkYxAjA,0,0,0,1,0,0,1,0,0,0,0,0,5:一般的
UCERT5AoVEwqFHmsNaIYeSCg,1,0,0,0,0,0,1,0,0,0,0,0,2:イラスト・2Dモデル
UCEYejhUok5y7d5QXQcBrxsw,0,0,0,0,0,0,1,0,0,0,0,0,5:一般的
UCEYk401LPdxlAdSGtyrU7Mg,0,0,0,0,0,0,1,0,0,0,0,0,5:一般的
UCEZfq7r0TTYNzh-p9E1V1ZA,1,0,0,0,1,0,0,0,0,0,0,0,5:一般的
UCEqMTXfxDXg92qxq1dmzWQw,0,0,0,0,0,0,1,1,0,0,0,0,3:歌
UCEzcTclFRku9Lspw7hesIqg,0,0,0,0,1,0,0,0,0,0,0,0,5:一般的
UCEziWW2LHX1rG8XDmAJN6NQ,0,0,0,1,1,1,1,1,0,0,0,0,1:企画・お笑い・トーク
UCF-VYfBjb7uupcdELrrB58A,0,0,0,1,1,1,1,0,1,0,0,0,1:企画・お笑い・トーク
UCF0D8qqep7DOl3Ug0DbPrug,0,0,0,0,0,0,0,0,0,0,1,0,4:動画編集
UCF5782AA0rilAGs_PS98_ZQ,0,0,0,1,1,0,0,0,0,0,0,0,1:企画・お笑い・トーク
UCF5YkKGR1X--8b86T5icBqw,0,0,0,1,0,0,0,0,0,0,0,0,5:一般的
UCF7LiOZTkl9FGsJ8Pb5d5CQ,1,1,0,1,1,0,0,1,0,0,0,0,1:企画・お笑い・トーク
UCF9cyz5l36Eb4kVpFP5Ud1A,0,0,0,0,0,0,0,1,0,0,0,0,3:歌
UCF9y1vQ9IbA85iBgAPKj4mg,0,0,0,0,0,0,1,1,0,0,0,0,3:歌
UCFDpUrDeDK5TRG63xeCQdAQ,0,0,0,0,1,0,0,0,1,0,1,1,4:動画編集
UCFHG4s_JIsfaE4NhhJS2IpA,0,0,0,0,1,0,0,0,0,0,0,0,5:一般的
UCFIIUbw-N43Z-Phgxogmi0A,0,0,0,1,0,0,1,1,0,0,0,0,5:一般的
UCFJiU5Q2tb8nTkt2h3yaSFw,0,0,0,0,1,1,0,1,0,1,1,0,4:動画編集
UCFR0X75rua1_CJn3oGfVllA,0,0,0,0,1,0,0,1,0,0,0,0,3:歌
UCFSKMxErKM089i-BPddNjKw,0,0,0,1,0,0,0,0,0,0,1,0,4:動画編集
UCFU2o9K37kfh0VHtVQXPWfQ,0,0,0,0,1,1,1,1,0,0,0,0,1:企画・お笑い・トーク
UCFWvSX_Fd5h_NE8yKvS0Izg,0,0,0,1,0,0,0,0,0,0,1,0,4:動画編集
UCFWzM08bCqNILVcgjhcqT2w,1,1,0,0,1,0,1,0,0,0,1,0,5:一般的
UCFbrIKQK8DUEQUMdnvI5dRQ,1,1,0,0,0,0,1,0,0,0,0,0,2:イラスト・2Dモデル
UCFernrRmaCRoOjZ55pwNxpw,0,0,0,1,1,0,1,0,0,0,0,0,1:企画・お笑い・トーク
UCFfY6VGOyqMEB_3UbpihSMw,1,1,1,1,1,0,1,0,0,0,0,0,1:企画・お笑い・トーク
UCFncs-T_n2Ksf1DBxRstfnw,0,0,0,1,1,1,1,0,0,0,0,0,1:企画・お笑い・トーク
UCFqAACh4ESbHFzM11xh38jQ,0,0,0,0,0,0,0,0,0,1,0,0,5:一般的
UCFv1Oom-YDvewN1lvE40KZg,0,0,0,1,0,0,1,0,0,0,0,0,5:一般的
UCFvF_j17A_D-kUslOhmhlyw,0,0,0,0,1,0,0,1,0,0,0,0,3:歌
UCFvS3PnHaasTVxKLsgQ2hlA,1,0,0,0,0,0,1,0,0,0,0,0,2:イラスト・2Dモデル
UCFwFTtARglhl7IGq-t865QA,0,0,0,0,0,0,1,0,0,0,0,0,5:一般的
UCFy5SQC3_gG9dqIQv_dXgLw,0,0,0,0,0,0,1,0,0,0,0,0,5:一般的
UCFysAvbOEvqhz78t3somv1g,0,0,0,0,0,1,1,1,1,0,0,0,5:一般的
UCG2FABSuQPWhTIOJyi5ZbEA,0,0,0,1,1,1,1,0,0,0,0,0,1:企画・お笑い・トーク
UCGFteZphdMTdEnlbuRpe5UA,0,0,0,1,1,1,0,1,1,1,1,1,4:動画編集
UCGG746hJJbH1VcK6Dlu5Wkw,1,0,0,0,0,0,1,0,0,0,0,0,2:イラスト・2Dモデル
UCGIPuscStxbJ2X4tLR5v6jg,1,0,0,1,0,1,0,1,0,0,1,0,1:企画・お笑い・トーク
UCGMQwcRTinv3DgW609Ovkjg,0,0,0,1,1,1,0,1,1,1,1,0,4:動画編集
UCGOPk7uJKsmlAcrrQT-Em0A,0,0,0,0,1,0,1,1,0,0,0,1,5:一般的
UCGUbQU4sYNqmm_5B2Rroj4A,0,0,0,1,1,0,0,0,0,0,0,0,1:企画・お笑い・トーク
UCGWZtHLzEyN4Y3yuBem3yZQ,0,0,0,0,0,0,1,0,0,0,0,0,5:一般的
UCGc49DwG_XT5hh097ySbnew,1,1,0,1,1,0,1,1,0,0,0,0,1:企画・お笑い・トーク
UCGeqXW9kXlL4y6WMyxOCMGg,0,0,0,0,1,0,1,1,0,1,0,0,5:一般的
UCGrH5qBmbSCycWLzy-hAtSA,1,0,0,0,0,0,1,0,0,0,0,0,2:イラスト・2Dモデル
UCGvUTWNVtXHS28knrO8FwdQ,0,0,0,0,1,0,0,0,0,0,0,0,5:一般的
UCGy8hMVW_rtvjiHalPp_0qw,0,0,0,0,0,0,1,1,0,0,0,0,3:歌
UCH18YKYwn89RHqnkqmnpIGw,0,0,0,0,1,0,0,0,0,0,0,0,5:一般的
UCH3tRsAvHSsTi1LDC7l_PDA,1,1,0,0,1,1,1,0,0,0,0,0,1:企画・お笑い・トーク
UCH4GQz6j6P_DfWzfAFF0vpA,0,0,0,1,1,0,1,1,0,0,1,0,1:企画・お笑い・トーク
UCH5HohYG8TvMoxA7XhI87UA,0,0,0,0,0,0,1,0,0,0,0,0,5:一般的
UCH5SmePQqSenUAv8tsvWTRg,0,0,0,0,1,0,1,0,0,0,0,0,5:一般的
UCH5zBoluu-DiJ0R8CcGedvg,0,0,0,0,0,0,1,0,0,0,0,0,5:一般的
UCHCbTXJHv9bk-kngMQq205Q,0,0,0,0,1,1,0,0,0,0,0,0,1:企画・お笑い・トーク
UCHKUUhkAt8EaXYAeLUPn8Sg,1,0,0,1,0,0,1,0,0,0,0,0,1:企画・お笑い・トーク
UCHLy-Dub9tVIDr4kem6OnYg,0,0,0,1,1,0,1,0,0,0,0,0,1:企画・お笑い・トーク
UCHMnkq-T2RLOdhHczr2mgfw,0,0,0,1,1,0,1,1,0,0,0,0,1:企画・お笑い・トーク
UCHUbDMXqjVbT5tWIsicHnkg,0,0,0,0,0,0,1,0,0,0,0,0,5:一般的
UCHWpl96KjxnwtWokRotwD9w,0,0,0,0,0,0,0,1,0,0,0,0,3:歌
UCHWxsvjrJ4wWVzSfKB9wTTA,0,0,0,0,0,0,1,0,0,0,0,0,5:一般的
UCHYgG-eBMUo5tHMfmnbottg,1,1,0,1,1,0,1,1,0,0,1,0,1:企画・お笑い・トーク
UCHYjhDYvodIuMNVIRlqARQw,1,0,0,1,1,0,1,1,0,0,0,0,1:企画・お笑い・トーク
UCHZF3CZbGrr508jAyY_lDSQ,0,0,0,1,1,0,0,0,0,0,0,0,1:企画・お笑い・トーク
UCHcLs1E5uzBreRuH0xGwpWg,0,0,0,1,1,1,0,1,0,0,0,0,1:企画・お笑い・トーク
UCHgEJRKrGLo6_KQebRvkxXQ,0,0,0,0,0,0,1,0,0,0,0,0,5:一般的
UCHgNZ1lX6BC8GKaOMz00n5g,0,0,0,0,0,0,1,0,0,0,0,0,5:一般的
UCHh8YgBGDHw4tJx9opCx3aQ,0,0,0,0,1,0,0,0,0,0,0,0,5:一般的
UCHkJhOYmzzCqN_wlw6SZtZw,0,0,1,0,0,0,1,0,0,0,1,0,4:動画編集
UCHsRxMUnT65cE1R-uAS_fVA,0,1,0,1,1,0,1,1,0,0,0,0,1:企画・お笑い・トーク
UCI-0Iod3eF5GgjBDZD99npg,0,0,0,1,0,0,1,0,0,0,0,0,5:一般的
UCI-c4S4Uh7BEzdHfMrTrhiQ,0,0,0,1,0,0,0,0,0,0,0,0,5:一般的
UCI2InUWLG30iqY5e2EalvcQ,1,1,0,1,1,1,0,1,0,0,0,0,1:企画・お笑い・トーク
UCI6NdOEXzjpEbaBDGb6txJg,1,0,0,0,0,0,0,0,0,0,0,0,2:イラスト・2Dモデル
UCI8ZWDh0hq53mCgCNTFzfAw,1,0,0,0,0,0,0,0,0,0,0,0,2:イラスト・2Dモデル
UCI8e9ezdnCo0XCMxD3T_tGQ,1,0,0,1,1,0,1,0,0,0,0,0,1:企画・お笑い・トーク
UCINSDxcNofl8Pj0aGlI42DQ,1,0,0,1,1,0,1,0,0,0,0,0,1:企画・お笑い・トーク
UCIUd7c2-N29IZaebbPKHc0w,0,0,0,0,1,0,1,0,0,0,0,0,5:一般的
UCIUpELGuZ5_hQ-7BfeH1nvw,0,0,0,0,1,1,1,1,0,0,0,0,1:企画・お笑い・トーク
UCIYJG2GEjkbB9LUfnAxaitA,0,0,0,0,1,0,1,0,0,0,0,0,5:一般的
UCIb0CH4FR-iAQJ9l2zt6Trg,0,0,0,1,1,1,1,0,0,0,0,0,1:企画・お笑い・トーク
UCIc_WCIurQuj3Maf2n-ozlg,0,0,0,0,1,0,0,0,0,0,0,0,5:一般的
UCIg6hBWS00pGZI-gYi9-M0w,0,0,0,0,0,0,1,0,0,0,0,0,5:一般的
UCIlO-mBLpPvhJR1iDJ2ScVw,0,0,1,1,1,0,1,1,0,0,0,0,1:企画・お笑い・トーク
UCIlQ5LPPtQHHGshn2czah1Q,0,1,0,0,1,1,1,0,0,0,0,0,1:企画・お笑い・トーク
UCIlS3p8StCViFfc548qSrmQ,0,0,0,0,1,0,0,0,0,1,0,0,5:一般的
UCIo2K71MMfFdfHoO4CQnfhA,1,1,1,1,0,0,1,1,0,0,0,0,1:企画・お笑い・トーク
UCIqs5oh6u-GjXgcH4VuUVsw,0,0,0,0,1,0,1,0,0,0,0,0,5:一般的
UCIx8Bw7IEaYfioC-40xxx1g,0,0,0,1,1,0,0,1,0,0,1,0,4:動画編集
UCIy23K5bEJ047ZRto_RSMOQ,0,0,0,0,1,0,1,1,0,0,0,0,3:歌
UCJ-jEcH-yJbsCztmZ_VnI_A,1,1,0,0,0,0,0,0,0,0,0,0,2:イラスト・2Dモデル
UCJ48lH3LktNF0jqaCYer8sQ,1,0,0,1,1,0,1,0,0,0,0,0,1:企画・お笑い・トーク
UCJ78YlNsQWn18Qth20cTnqw,0,0,0,1,0,0,0,0,0,0,1,0,4:動画編集
UCJGPIxEUpRYUH-f3rmesb-Q,0,0,0,0,0,0,0,0,0,1,0,0,5:一般的
UCJLQvozD91XXCE-zPZfpvqA,1,0,0,1,1,0,0,0,0,0,0,0,1:企画・お笑い・トーク
UCJUFRFcMxdqwFX-uPh4WJWA,0,0,0,1,1,0,0,0,0,0,0,0,1:企画・お笑い・トーク
UCJY5_7CJbpgqW6-tpXKQNJQ,1,0,0,0,0,0,0,0,0,0,0,0,2:イラスト・2Dモデル
UCJmA0V1LXxMznAZsefj4vEA,0,0,0,1,0,0,0,0,0,0,0,0,5:一般的
UCJpkhQcx9u1JPW6b7OGHpPA,0,0,0,1,1,1,1,0,0,0,1,0,1:企画・お笑い・トーク
UCJrEBCS-4rF6wHyc4sLETOA,0,0,0,0,1,0,0,1,0,0,0,0,3:歌
UCJrNDaC5HYtuR7hn8ell_4A,0,0,0,1,1,1,0,0,0,0,0,0,1:企画・お笑い・トーク
UCJvcpf_3l-78VXVSbIj3Thw,1,1,0,0,1,0,1,0,0,0,0,0,5:一般的
UCJwI5OB7wMX_tw9FKM-ENOA,0,0,1,0,1,0,0,0,0,0,0,0,2:イラスト・2Dモデル
UCK-t_ko1mCAl7xzdNMIfkBA,0,0,0,0,0,0,0,0,0,0,1,0,4:動画編集
UCK3BEzgpNKIf_KOiV35hmIw,0,0,0,0,0,0,1,0,0,0,0,0,5:一般的
UCK4KAUy-HAKoEOiE_XXjZAg,0,0,0,1,0,0,0,0,0,0,0,0,5:一般的
UCK71Xa8yBHllg1yUhD0v6Iw,0,0,0,0,0,0,1,0,0,0,0,0,5:一般的
UCK92KwVdaAa21H3Yw-w7ZnQ,0,0,0,1,1,1,1,0,0,0,0,0,1:企画・お笑い・トーク
UCKAGtmS3yLI4gZCng68u__A,0,0,0,0,1,0,1,0,0,0,0,0,5:一般的
UCKDgRZG-NirGvpd4M5QbKtw,1,1,0,0,0,0,1,0,0,0,0,0,2:イラスト・2Dモデル
UCKHRYOoiiVOLcjlutGX8Dlg,0,0,1,0,0,0,0,1,1,1,0,0,5:一般的
UCKJFRIa_PNd8WrEpP0j8Kfg,0,0,0,0,0,0,1,0,0,0,0,0,5:一般的
UCKLOR0JsABzXPa2cDhkd9eg,0,0,0,0,0,0,1,0,0,0,0,0,5:一般的
UCKLhS5Kzdr7jpb8DmTgxAIQ,1,0,0,1,1,0,0,0,0,0,0,0,1:企画・お笑い・トーク
UCKMmctA8PhYL2Sc6aK5lkbw,0,0,0,0,1,0,1,0,0,0,0,0,5:一般的
UCKU3OoPCuxKoy9uUQTxxkMQ,1,0,0,0,0,0,1,0,0,0,0,0,2:イラスト・2Dモデル
UCKUHfnNk_9kGED_2WaXrYhA,0,0,0,0,0,0,0,0,1,1,0,0,5:一般的
UCKXPOCG1DsLe2TmfMGNLpsA,1,0,0,0,0,0,1,0,0,0,0,0,2:イラスト・2Dモデル
UCKZFSeG3JIVnFi1jfpZzTHA,0,1,0,0,1,0,1,0,0,0,0,0,5:一般的
UCKZVHOQtB9GcGuxD1HqMWaw,0,0,0,0,1,0,1,1,0,0,0,0,3:歌
UCKazUhH9AEihTcDgSMq4oSA,0,0,0,0,0,0,1,0,0,1,0,0,5:一般的
UCKg0wHMaW2XY44-6B61mvSA,1,0,0,0,1,0,0,0,0,0,0,0,5:一般的
UCKhmObAF1UtqnXQUSRB195w,0,0,0,1,1,0,1,1,0,0,0,1,5:一般的
UCKnNsqQ2TeshnCrI9oJ1XEg,0,0,0,0,0,0,1,0,0,0,0,0,5:一般的
UCKo08nUrGTg_YN1gAliFnDw,0,0,0,0,1,0,1,0,1,0,0,0,5:一般的
UCKrGMrU-XtoL54-qFDxTSxg,0,0,0,0,0,0,0,1,0,0,0,0,3:歌
UCKuG9aLmm7S02EoM0zBdThA,0,0,0,0,1,0,0,0,0,0,1,0,4:動画編集
UCKvYa1SWqJXNqcvlmh7qW0Q,0,0,0,1,1,0,1,1,0,0,0,0,1:企画・お笑い・トーク
UCKxJp2lAo0STcqGhb7zavXA,0,0,0,0,1,0,1,0,0,0,0,0,5:一般的
UCKzDPq4kyFF_eWTipON8L6Q,0,0,0,0,0,0,0,0,0,0,1,0,4:動画編集
UCKznQRJ7VshvJ5mMokjIlHw,0,0,0,0,1,0,1,0,0,0,1,0,4:動画編集
UCL2Zp9wmnV9PMfaUKBEcESg,0,0,0,0,0,0,1,0,0,0,0,0,5:一般的
UCL30cxyo5E8lk_iOK-aZYOg,1,1,0,0,0,0,0,0,0,0,0,0,2:イラスト・2Dモデル
UCL63Oxzwe4MdW8LI5PjNdxQ,0,0,0,1,1,0,1,0,0,0,0,0,1:企画・お笑い・トーク
UCL758311MM7JUu1iwhrJ2sw,0,0,0,0,0,0,1,0,0,0,0,0,5:一般的
UCLEp9_-cPbHmyJ9dmjcEwCQ,0,0,0,0,0,0,0,1,0,0,0,0,3:歌
UCLGpoIL5XEK3ZXeXeJ0sbOw,0,0,0,1,1,1,1,1,0,0,0,0,1:企画・お笑い・トーク
UCLIcu2u-d245zmg7KL6bnIA,0,0,0,0,0,0,1,0,0,0,0,0,5:一般的
UCLJ7sTH2gc9ElQl2tVJXYUA,0,0,0,0,0,0,1,0,0,0,0,0,5:一般的
UCLKp68wTgAwk3ur0bA3hu8Q,0,0,0,1,1,0,1,0,0,0,0,0,1:企画・お笑い・トーク
UCLLOrDyxPV6XZlkcXgn16og,1,0,0,1,1,1,0,1,0,0,0,0,1:企画・お笑い・トーク
UCLNIbYQkp3qIbLY-gzvD4kw,0,0,0,1,0,1,1,1,0,0,0,0,5:一般的
UCLdkip28kXO2UqPX-EJWxOQ,0,1,0,0,0,0,0,0,0,0,0,0,2:イラスト・2Dモデル
UCLevYCl2nDbIghJceScDxSQ,0,0,0,0,1,0,0,0,0,0,0,0,5:一般的
UCLfE0bUt77NDsSado-6b2Mg,0,0,0,0,1,0,1,0,0,0,0,0,5:一般的
UCLgtTFtr18BDCtO99IGVrNw,0,0,0,0,0,1,1,0,0,0,0,0,1:企画・お笑い・トーク
UCLtZxUIblVNMgf9pNLpmp3w,1,1,0,0,0,0,1,0,0,1,0,0,2:イラスト・2Dモデル
UCLuyrUQPIjGkqID9UlKUP2g,1,1,0,0,0,0,1,0,0,0,0,0,2:イラスト・2Dモデル
UCM0ULDdBKDAG-rmstIPK-8g,0,0,0,0,0,0,1,1,0,0,0,0,3:歌
UCM40xYB1XKyXrdHnM1a5fmg,0,0,0,0,1,0,1,1,0,0,0,0,3:歌
UCM4NJnUo5zi0mGj4RSnpV3Q,0,0,0,0,1,0,0,1,0,0,0,0,3:歌
UCM4n5uEfd-JgVz_1eVK5REg,0,0,0,0,0,1,0,1,0,0,1,0,4:動画編集
UCM5Z7NcA9_GuHlthVXZPSxA,1,0,0,0,0,0,0,1,0,0,0,0,3:歌
UCMCVANim-P8B0GWx2oQ7fow,0,0,0,0,1,0,1,0,0,0,0,0,5:一般的
UCMESCOJlGewj3fbSVfTHoxQ,0,0,0,0,0,0,0,1,0,0,0,0,3:歌
UCMG7DhyPga2ZpGfkrs2IiGA,0,0,0,1,0,0,0,1,0,0,0,1,5:一般的
UCMLXWLvU0N5upB45nDqiW_A,1,1,0,0,0,0,1,0,0,0,0,0,2:イラスト・2Dモデル
UCMNH-qVhKOy1Ydvn6nTpOrw,0,0,0,0,1,0,1,1,0,0,0,0,3:歌
UCMTj8Rk42EcHrW2vcQbWApA,0,0,0,0,1,0,0,1,1,0,0,0,5:一般的
UCMYadva5ayESXVkTCzrB0RQ,1,1,0,1,1,1,1,1,0,0,0,0,1:企画・お笑い・トーク
UCMiA8YbOje9Mf148_jMsHIg,1,1,0,0,1,0,0,0,0,0,0,0,5:一般的
UCMsiWFEylMbDJ0gZfV61sow,0,0,0,1,1,0,0,1,0,0,0,0,1:企画・お笑い・トーク
UCMvf3AhN_59Jhj5bgFBjAog,0,0,0,0,1,1,0,0,0,1,0,0,5:一般的
UCMw5Ey7jXlv5IZc6QSkNsYw,0,0,1,0,0,0,1,0,0,0,0,0,2:イラスト・2Dモデル
UCN-KB4ScQprwOcMevaS0vhA,0,0,0,1,1,1,1,1,0,0,0,0,1:企画・お笑い・トーク
UCN40P43BvEIYpAVdTEyCYcA,1,0,0,1,1,1,0,0,0,0,0,0,1:企画・お笑い・トーク
UCN4vXRPq2rmZ9wq1mIYDGsA,0,1,0,1,1,0,0,0,0,0,1,0,4:動画編集
UCN84kddLj2J6OTgKl6Kkt7Q,0,0,0,1,1,0,1,1,0,0,0,0,1:企画・お笑い・トーク
UCN8DhwrPhrxa_LhwqJmKcyQ,0,0,0,1,1,0,0,0,0,0,0,0,1:企画・お笑い・トーク
UCN8EZxZcuPZjtFGyoEs1r0A,0,0,0,1,1,0,1,1,0,0,1,0,1:企画・お笑い・トーク
UCNC6eRU1hdF1EQAgMy1tGZg,1,0,0,1,0,0,0,0,0,0,0,0,1:企画・お笑い・トーク
UCNHQ_bVi6633CzIdvvxtVtw,0,0,0,0,0,0,0,1,0,0,0,0,3:歌
UCNIUbJ1BjqWY7cKDYeaYbSw,1,0,0,0,0,0,1,0,0,0,0,0,2:イラスト・2Dモデル
UCNOMainYSXUudqKf2Qx_gAA,1,0,0,1,0,0,1,0,0,0,0,1,5:一般的
UCNPYh205ZpATb9jQpLXxCPg,0,0,0,1,1,0,0,0,0,0,1,0,4:動画編集
UCNPhuBO5V7Rj0NqLa4mBnCQ,0,0,0,0,0,0,1,1,0,0,0,0,3:歌
UCNQPparKsmaY5Kbe3VHSwkg,0,0,0,0,0,0,1,1,0,0,0,0,3:歌
UCNRIdcMjR3t4snOfSq5sVpQ,1,1,0,0,0,0,0,0,0,0,0,0,2:イラスト・2Dモデル
UCNTfsXCrlKSZu3kaq7lFMDQ,1,1,0,0,0,0,1,0,0,0,0,0,2:イラスト・2Dモデル
UCNYDL90f-LER5g62Xig0KbA,0,0,0,0,1,0,1,0,0,0,0,0,5:一般的
UCNbTaBG7jTwn4EMw5m9ceFw,0,1,0,0,1,0,1,1,0,0,0,0,1:企画・お笑い・トーク
UCNen3R3Lwlm1c-HjkTGmgPw,0,0,0,1,1,1,1,0,0,0,0,0,1:企画・お笑い・トーク
UCNfft-3jwhRKiL_t8am_qUA,0,0,0,0,1,1,0,0,0,0,0,0,1:企画・お笑い・トーク
UCNgfnmeooZt5Xfd7rgIO86A,0,1,0,1,0,0,1,0,0,0,0,0,1:企画・お笑い・トーク
UCNgoHcOCZ8Tiv-W4bV7Xv5A,0,0,0,1,1,0,1,0,0,0,0,0,1:企画・お笑い・トーク
UCNoTQel1pu9lZcXP5ADOF7w,0,0,0,0,0,0,1,0,0,0,0,0,5:一般的
UCNuSkjcdQbSRhulwkfZPoqw,0,0,0,0,1,1,1,1,0,0,0,0,1:企画・お笑い・トーク
UCNuUNTqFmwFQuNVfic2xKmg,0,0,0,0,1,0,1,1,0,0,0,1,5:一般的
UCO0WPrBG5QImaKI2YI27xwg,1,0,0,1,1,0,1,1,0,0,0,0,1:企画・お笑い・トーク
UCO4Z2VHp90m57eXaAgKYR6g,0,0,0,0,1,0,0,0,0,0,1,0,4:動画編集
UCO5QUta0vC6SKPOteu_AM_g,1,0,0,1,1,0,0,1,0,0,0,0,1:企画・お笑い・トーク
UCO8-4UNtaWyrs5AwDSaMdtA,0,0,0,1,1,0,1,0,0,0,0,0,1:企画・お笑い・トーク
UCOCIOfX8iDq7t7MHc5WuWUg,0,0,0,0,0,0,1,0,0,0,0,0,5:一般的
UCOFX_SbPT1OU_ebVv1578bQ,1,0,0,1,1,0,0,0,0,0,1,0,4:動画編集
UCOS2muz4i1EZeMv0TSU0o-w,0,0,0,0,0,0,1,0,0,0,0,0,5:一般的
UCOSEsnkS1AEWoJAZ2RNu-QA,1,0,0,0,1,1,1,1,0,0,0,0,1:企画・お笑い・トーク
UCOTDGe0lTih6b_CJBB0QSEA,0,0,0,1,1,0,1,0,0,0,0,0,1:企画・お笑い・トーク
UCOUcahcBzw4aHzsdBptxVyw,0,1,0,1,0,0,1,0,0,0,0,0,1:企画・お笑い・トーク
UCOWL_F0dIR8-hSSmF1e9vPg,0,0,0,0,1,1,1,0,0,0,0,0,1:企画・お笑い・トーク
UCOb2e-w5BiD4rMTNCg8F_aA,1,0,0,0,1,0,0,0,0,0,0,0,5:一般的
UCOcrEkFE9jUvNqdiNMIUqZA,0,0,0,1,0,0,0,0,0,0,0,0,5:一般的
UCOmN0kDH6xv9GaFO0KkynXA,0,1,0,0,0,0,1,0,0,0,0,0,2:イラスト・2Dモデル
UCOtDJ4ZcGbL_9OKpxkNXiAA,0,0,0,0,0,0,1,0,0,0,0,0,5:一般的
UCOwL_fmW6VPIAfJjoRylB5A,0,0,0,1,1,0,0,0,0,0,1,0,4:動画編集
UCP-fTjLoUt766QEsfPwP6dQ,0,0,0,1,1,0,0,0,0,0,1,0,4:動画編集
UCP22aJhS04PkmET4ZuqedUw,0,0,0,0,0,0,1,0,0,0,0,0,5:一般的
UCP3POt7w6ONR-yi7RgyfAKw,1,1,0,1,0,0,1,1,0,0,1,0,1:企画・お笑い・トーク
UCP3zfZSLOgeslGMIMQ811Ag,0,0,0,0,0,0,1,0,0,0,0,0,5:一般的
UCP4BDh7G5kWhQ2BnkEzWC0A,0,0,0,0,0,0,1,0,0,0,1,0,4:動画編集
UCP6jqkBOa36E6oqR7EMMkQg,0,0,0,0,1,0,0,1,0,0,0,0,3:歌
UCPD1ulp3Hh3xZrFXZ8pevog,1,0,0,1,1,0,1,1,0,0,1,0,1:企画・お笑い・トーク
UCPEjDK8KhFXr6GOla5ZfK4Q,1,0,0,1,0,0,1,0,0,0,0,0,1:企画・お笑い・トーク
UCPF3i4x4SlmPubGVyCH6dNA,0,0,0,0,0,0,0,1,0,0,0,0,3:歌
UCPGJPhu6TDKAC4LplHeV32Q,0,0,0,1,1,0,1,1,0,0,0,0,1:企画・お笑い・トーク
UCPHrqNH-xTdluvJOfRsU0WQ,0,0,0,0,1,0,1,0,0,0,0,0,5:一般的
UCPJ3R0BeGo4CYsflBxRWMZQ,0,0,0,0,1,0,1,0,0,0,0,0,5:一般的
UCPQRvl6TQxr93_L35sWlPiw,0,0,0,1,1,1,0,0,0,0,0,0,1:企画・お笑い・トーク
UCPTmeOSf5H9C12maQ3dRVkg,1,1,0,1,1,0,0,0,0,0,0,0,1:企画・お笑い・トーク
UCPa8U89SI8vVRkMaLUaBrUw,1,1,1,0,0,0,0,0,0,0,0,0,2:イラスト・2Dモデル
UCPceuZrm28gFBqBmmLjTooQ,0,0,0,0,0,0,1,0,0,0,0,0,5:一般的
UCPhk3xx6E4Uy6swgNOrOH-g,1,0,0,0,0,0,0,0,0,0,0,0,2:イラスト・2Dモデル
UCPiOiRQrMMsuJC5wsGq5MMA,0,0,0,1,1,0,1,1,1,1,0,0,5:一般的
UCPjJTX-HcJOEicumBOdZDWQ,0,0,0,0,0,0,0,0,0,0,1,0,4:動画編集
UCPoEbybnhgG_ZbjtSiu-sLw,0,0,0,1,1,0,0,0,0,0,0,0,1:企画・お笑い・トーク
UCPr0btfTlrGSq-1GMiMfGxQ,0,0,0,0,0,0,1,1,0,0,0,0,3:歌
UCPuR6JPgQJg5pzB3-RktS7A,0,0,0,1,1,0,1,0,0,0,0,0,1:企画・お笑い・トーク
UCPwcGxorXZ10bCO9c42jNEg,1,1,0,0,0,0,0,0,0,0,0,0,2:イラスト・2Dモデル
UCPxvQmO5bbG_rOLcI05hOiA,0,0,0,1,1,0,1,1,0,0,0,0,1:企画・お笑い・トーク
UCPzHX8wvRDMwAnbJ_MicxGQ,1,0,0,1,0,0,0,0,0,0,0,0,1:企画・お笑い・トーク
UCQ3cWPw92qfa6uJXvLqSLog,0,0,0,0,1,0,0,1,0,0,0,0,3:歌
UCQ5IYZuvmxmpFyGFsfsRYAA,0,0,0,0,1,0,0,1,0,0,0,0,3:歌
UCQ7yb8eBJOMgvxKnbhWj1Mw,0,0,0,0,0,0,1,0,0,0,0,0,5:一般的
UCQKRmkbOwdcVmoOlt4eGoUg,0,0,0,1,0,0,0,0,0,0,0,0,5:一般的
UCQcWbNeRbjjTMdBJUjCpuOA,0,0,0,1,1,0,1,0,0,0,0,0,1:企画・お笑い・トーク
UCQcv_kvdpzs4fF8JUrxGFcA,1,1,0,1,1,0,0,0,0,0,0,0,1:企画・お笑い・トーク
UCQejnt7-QrfuJzZrtVeGiyA,1,0,0,1,0,0,1,0,0,0,0,0,1:企画・お笑い・トーク
UCQhE9MWLYniFGDBkn6oI_Gg,0,0,0,0,0,0,1,0,0,0,0,0,5:一般的
UCQj8o5vibtFdPeR5orzkpBA,0,0,0,1,1,1,1,1,0,0,0,0,1:企画・お笑い・トーク
UCQnAxwZdfcp-9Gd9_x-29iA,0,0,0,0,0,1,1,0,0,0,0,0,1:企画・お笑い・トーク
UCQpRmzd1wWlzXYFVod2PjBA,1,0,0,1,0,0,0,0,0,0,1,0,1:企画・お笑い・トーク
UCQtG73JgijFQris1s6bFNhw,0,0,0,1,1,0,1,0,0,0,0,1,5:一般的
UCQx3ARKKm6hmayqb7oolwQA,0,0,0,0,0,0,1,0,0,0,1,0,4:動画編集
UCQxJkJkXUBRcnL_CkWv07_A,0,0,0,0,0,0,1,0,0,0,0,0,5:一般的
UCQxWwKL7QF9X9SSAIkU7lHw,0,0,0,1,1,0,0,1,0,0,0,0,1:企画・お笑い・トーク
UCR1hkx1bedXS-Lybv-v1nOQ,0,0,0,0,0,0,1,0,0,0,0,0,5:一般的
UCR3M9A2Uded3Ktt-IcFbtPA,1,0,0,0,0,0,0,0,0,0,0,0,2:イラスト・2Dモデル
UCR3anc5uhAvaLfl3SbymcRA,0,0,0,0,0,0,0,1,0,0,1,0,4:動画編集
UCR4ZoMOP1xzcyoJHOjkv1aQ,0,0,0,0,1,0,0,0,0,0,0,0,5:一般的
UCR81qi4Q3ZKX5xwgYnmqMXQ,1,0,0,1,1,0,1,1,0,0,0,0,1:企画・お笑い・トーク
UCRFeskPspPBRGGJRc39NMDw,0,0,0,1,0,0,0,0,0,0,0,1,5:一般的
UCRGoi4YW5afhZukGo3P8H_Q,0,0,0,0,1,0,0,1,0,0,0,0,3:歌
UCRIwQGKmAVetsDE-b1BhBqQ,1,0,0,0,1,0,1,0,0,0,0,0,5:一般的
UCRJtb-Qb2xzr1g29CoMVs2A,1,0,0,1,1,0,1,0,0,0,1,0,1:企画・お笑い・トーク
UCRK-LY-QiwA_PhWNgZSEDsA,0,0,0,0,0,0,0,1,0,1,0,0,5:一般的
UCRKcul-WIUU7B2vODQ_H_qQ,0,0,0,1,1,0,1,1,0,0,0,0,1:企画・お笑い・トーク
UCRKi_l9Z5HWbj2vVipWIcSQ,0,0,0,0,0,0,0,1,0,0,0,0,3:歌
UCRLvzFCa0dt1SLTM5xbGrNw,0,0,0,0,1,0,1,0,0,0,0,0,5:一般的
UCRTPHBHpw5hEBXW5yYV33nw,0,0,0,1,1,0,0,1,0,0,0,0,1:企画・お笑い・トーク
UCRUFY2ZCyVOvC-1rJIVZlKg,0,0,0,1,1,0,0,1,0,0,0,0,1:企画・お笑い・トーク
UCRXZiMRMLbx9RtPbsuBMGiw,1,0,0,0,1,0,1,0,0,0,0,0,5:一般的
UCRYKAEJEvE3GSoAMgWd-dSQ,0,0,0,0,1,0,0,0,0,0,0,0,5:一般的
UCRZe5RNsD_rkBcwff7FsW-g,0,0,0,0,1,1,0,0,0,0,0,0,1:企画・お笑い・トーク
UCRcGtDtwXvuBL86zQb2toTw,0,0,0,0,1,0,0,1,0,0,0,0,3:歌
UCRiAOo2xHR__2WrfejWle8w,1,1,0,1,1,0,1,0,0,0,0,0,1:企画・お笑い・トーク
UCRjKCTIG9dbzauB1y5fMXhg,1,0,0,1,1,0,1,0,0,0,1,0,1:企画・お笑い・トーク
UCRnlHD29u4VKrpaiQV-tTTg,0,0,0,0,1,0,1,1,0,0,0,0,3:歌
UCRtW_UvSohyxSz2CQo8GdIg,1,1,0,0,0,0,1,0,0,0,0,0,2:イラスト・2Dモデル
UCRu_bgKUZPtu-t29-WXsDBg,0,0,0,1,0,0,1,0,1,0,0,0,5:一般的
UCRufVowx8t9zI-4XxGeI8tA,0,0,0,1,1,0,1,0,0,0,0,0,1:企画・お笑い・トーク
UCRxwiRE4-l604TROGgEArkA,0,0,0,0,0,0,1,0,0,0,0,0,5:一般的
UCRzIfJ6YDwzrKK4buqCGTLg,0,0,0,0,0,0,1,0,0,0,0,0,5:一般的
UCS-AEU8ccZmIf1I9-z4czkw,1,0,0,0,1,0,0,0,0,0,0,0,5:一般的
UCS1XlQ227rZCKjG9lpXymIg,0,0,0,0,0,0,1,1,0,0,0,0,3:歌
UCS7rpsx_B36LPwhFNKML7Ew,1,0,0,1,0,0,0,0,0,0,1,0,1:企画・お笑い・トーク
UCSAHr56RH8xzNUpwAw4JClg,0,0,0,0,1,1,1,1,0,0,1,0,4:動画編集
UCSIwLoEr-GQUFXYEBop2FVQ,0,0,0,0,1,0,0,0,0,0,0,0,5:一般的
UCSKeFSK7VbMAMOsPfdB3MWA,0,0,0,0,0,0,1,0,0,0,0,0,5:一般的
UCSRKMpCknDJ1vX8C5KQ1V_w,0,0,0,0,0,0,1,0,0,0,0,0,5:一般的
UCSRo2XChF9n0E0ty16zh6Hw,1,0,0,1,1,0,1,0,0,0,0,0,1:企画・お笑い・トーク
UCSTarTBIgfQfLcTsqo9ARHw,0,0,0,1,0,1,1,0,0,0,0,0,1:企画・お笑い・トーク
UCSWR1UQElOYPr26Y00lqfwg,0,0,0,1,1,0,1,0,0,0,0,0,1:企画・お笑い・トーク
UCSeRZleiNIqGWgdmPU-YJjw,0,1,1,1,1,0,0,0,0,0,1,0,4:動画編集
UCSkAoufyYzfqBDlYPqjh_7A,0,0,0,0,1,0,1,1,0,0,0,0,3:歌
UCSn0B-SrTgUmv_GntmT7FTA,0,0,0,1,0,0,0,0,0,0,0,0,5:一般的
UCSnxc7AhTPn85T52On4Tc4w,0,0,0,0,1,0,1,0,0,0,0,0,5:一般的
UCSqmr34Y49vzzKPmar9lOgQ,0,0,0,0,1,0,1,0,0,0,0,0,5:一般的
UCSsTLqvR9gXZPXuSGAg0E6g,1,0,0,0,0,0,0,0,0,0,0,0,2:イラスト・2Dモデル
UCSt3p78jrIMXaGh-Gxv6eUg,1,0,0,0,0,0,0,0,0,0,0,0,2:イラスト・2Dモデル
UCStg1DNQeMLTisfIGOZx7tQ,0,0,0,1,1,1,1,0,0,0,0,0,1:企画・お笑い・トーク
UCSuwNiQQ8Z2ptVPcBlScbZw,0,0,0,0,1,0,0,1,0,0,0,1,5:一般的
UCSvq9SCM8XFDXLeClXza2Xg,0,0,0,0,0,0,1,0,0,0,0,0,5:一般的
UCSxLebKgbS8-QedEMQQtrCA,1,0,0,0,1,0,1,1,0,0,0,0,1:企画・お笑い・トーク
UCSxmj4sQUJr55_Rb_dtJH-w,0,0,0,0,0,1,1,0,0,0,0,0,1:企画・お笑い・トーク
UCT3A8n1ocPTcwczBMHWUNnA,1,1,0,1,0,0,0,0,0,0,0,0,1:企画・お笑い・トーク
UCT5fUg1KHzGbCGhKDGyLY6w,0,0,0,0,1,0,0,0,0,0,0,0,5:一般的
UCT6oxEhw_1sMMd0bMfFGF1w,0,0,0,0,1,1,1,1,0,0,0,0,1:企画・お笑い・トーク
UCT6xZ4pOfK616UxefeT4MAA,0,0,0,1,1,0,0,1,0,0,0,0,1:企画・お笑い・トーク
UCTC5wAC7pq62fk0wKb8abcg,1,0,0,0,0,0,0,0,0,0,0,0,2:イラスト・2Dモデル
UCTF7IXcUVQU-yPXsqW5PIAg,0,0,0,1,1,0,1,0,0,0,0,0,1:企画・お笑い・トーク
UCTKfW5IxTeY1V-_gy4wYMuA,0,0,0,0,1,0,0,1,0,0,0,1,5:一般的
UCTNWzdpykybAFi7FV_mS7tQ,1,1,0,0,0,0,0,1,0,0,0,0,3:歌
UCTOxAh_MDuXtl0TJPZVL1sw,0,0,0,1,1,0,1,0,0,0,1,0,4:動画編集
UCTRNPsO9ZQq13yDOfM54oRA,0,0,0,0,0,0,0,0,0,0,1,0,4:動画編集
UCTVwwF_s0_CWwOUz-7GCHww,0,0,0,0,0,0,1,0,0,0,0,0,5:一般的
UCTWHdoN72SsT1FBBwA_9gdQ,0,0,0,0,0,0,1,0,0,0,0,0,5:一般的
UCTbrLOPF6jX__UNHT2GMKTg,0,0,0,1,0,0,0,1,0,0,0,0,5:一般的
UCTcGPCVOjEMnjHyKUciI6Xw,1,1,0,0,0,0,1,1,0,0,0,0,3:歌
UCTlAFJSid-vdOs0Ciwl5HKg,0,1,0,0,0,0,1,0,0,0,0,0,2:イラスト・2Dモデル
UCTtQ-MDpxl0DEKJige2SZWA,0,0,1,0,0,0,1,0,0,0,1,0,4:動画編集
UCTt_MxOFetASvh6zePBxV6w,0,0,0,0,0,0,1,0,0,0,0,0,5:一般的
UCTyUsII-tj-smDn-Tg80HBQ,0,0,1,0,0,0,1,0,0,0,0,0,2:イラスト・2Dモデル
UCU-IyJRy8iOCvKgHELDg_8Q,0,0,0,0,0,0,1,0,0,1,0,0,5:一般的
UCU48uidUFMxYdZl3a8Qucgw,0,0,0,0,1,0,0,0,0,0,0,0,5:一般的
UCUG0EfG2NA_Bc2U8nJEeesg,0,0,0,0,0,0,1,0,0,0,0,0,5:一般的
UCUHTLKAwCH4t0cZTZVjGe8Q,0,0,0,1,0,0,1,0,0,0,1,0,4:動画編集
UCUSa7U4kyoQsHpTqlk_NKFQ,0,0,0,0,0,1,0,1,0,0,0,0,4:動画編集
UCUUbs64nBkENc6J09o3aUyg,0,0,0,0,1,0,1,1,0,0,0,0,3:歌
UCUWcAwH8u8NR6vT1pUuhStA,1,1,0,0,1,0,0,0,0,0,0,0,5:一般的
UCUf-8IH7RZU5hfbVeMoompA,1,0,0,0,0,0,1,1,0,0,1,0,1:企画・お笑い・トーク
UCUl5BjTg9CIShunsoDiIf8Q,0,0,0,0,0,0,1,0,0,0,0,0,5:一般的
UCUqQ7sRLNrgMj2WpngWeE9Q,0,0,0,0,1,0,1,0,0,0,1,0,4:動画編集
UCV-f-msELn2ndhssIw19XnQ,1,0,0,1,1,0,1,1,0,0,0,0,1:企画・お笑い・トーク
UCV2qgpkQnRfLVV9wGmd-nAQ,0,0,0,1,1,0,0,1,0,0,0,0,1:企画・お笑い・トーク
UCV3H5eJReR4WSP6i5iirp6w,0,0,0,0,0,0,1,0,0,0,0,0,5:一般的
UCV4K1iLzMgb6m4SNNsDghIg,0,0,0,1,1,0,0,0,0,0,0,1,5:一般的
UCV76_5lt73NY_Ol6nD67dfw,0,0,0,0,1,0,0,0,0,0,0,0,5:一般的
UCV8Np-VXrd4umPyXBYm4_VQ,1,0,0,0,1,1,1,1,0,0,0,0,1:企画・お笑い・トーク
UCVB16vOi24WElLNbbmOFFsA,1,0,0,0,1,1,1,0,0,0,0,0,1:企画・お笑い・トーク
UCVDa9cTAXKrJ9yxTstZH29Q,0,0,0,1,1,1,1,0,0,0,0,0,1:企画・お笑い・トーク
UCVHykctvqUX1fhARnxv10ZA,0,0,0,1,1,1,0,1,0,1,0,0,1:企画・お笑い・トーク
UCVOIIKdW4k_HHnvBtsGmTbQ,0,0,0,0,1,0,0,0,0,0,0,0,5:一般的
UCVP5E_PqeF-PUe8dfVsRMGQ,0,0,0,0,0,0,1,0,0,0,0,0,5:一般的
UCVQnmM4bJYqWzcExK74sm-g,0,1,0,0,0,0,1,0,0,0,1,0,2:イラスト・2Dモデル
UCVVS1o0lSndpO9q80IVtcfA,0,0,0,0,0,0,1,0,0,0,0,0,5:一般的
UCVbK_r3xC6HKN_dOft6iLVg,0,0,0,0,1,0,1,0,0,0,0,0,5:一般的
UCVcRKJmdhcGTEXDAnC7KwbA,0,0,0,0,0,0,1,0,0,0,0,0,5:一般的
UCVi45MCqllaFYjSTP2bO5gA,0,0,0,0,0,0,1,0,0,0,0,0,5:一般的
UCVjKDFDTejXXzT1cud7Kbaw,0,0,0,0,0,0,1,0,0,0,0,0,5:一般的
UCVkb5wMIZVTmLgeQSIcPzww,0,0,0,0,0,0,1,1,0,0,0,0,3:歌
UCVpT8wQ23B6Jn3m7gA-t99w,1,1,1,1,1,0,0,0,0,0,0,0,1:企画・お笑い・トーク
UCVwYCJIcKru_15r-CPGveXg,0,0,0,0,1,0,0,0,0,0,0,0,5:一般的
UCW0l6XXIjbHYdd11gSL1jog,0,0,0,1,1,0,1,0,0,0,0,0,1:企画・お笑い・トーク
UCW2ZgN3XYg9sjXoEon1mImQ,0,0,0,0,1,0,1,1,0,0,1,0,4:動画編集
UCW3NawHTYuhLJotnqSuNVKg,0,0,0,0,0,0,1,1,0,0,1,0,4:動画編集
UCW6IhZ5tT4jXnWqUAVKDLCQ,1,1,0,0,0,0,1,1,1,0,0,0,2:イラスト・2Dモデル
UCWDEnfP6CcWNT1U5OlNqsgw,1,0,0,0,0,0,1,0,0,0,0,0,2:イラスト・2Dモデル
UCWHkrlo-waHxCLUzGAVER8A,0,0,0,1,1,1,0,0,0,0,0,0,1:企画・お笑い・トーク
UCWK7QBUvQ1JmHTgLTjDsJ8g,1,1,0,1,0,0,1,0,0,0,0,0,1:企画・お笑い・トーク
UCWO-jbvK2g0L8hmgA7nSgUA,0,0,0,0,0,0,1,1,0,0,0,0,3:歌
UCWP_nWo2mPwoVkQbqQAScHQ,1,1,0,0,1,0,0,0,0,0,0,0,5:一般的
UCWYGoppQj3q7fDn0tiKvXTA,0,0,0,1,1,0,0,0,0,0,0,0,1:企画・お笑い・トーク
UCWeC7KL_AwgTguFir3fEC1w,0,0,0,0,0,0,0,1,0,0,0,0,3:歌
UCWeEKramQrMj99uVMelQbtA,1,0,0,0,0,0,0,0,0,0,0,0,2:イラスト・2Dモデル
UCWmVl06hG9etcVpVp6Vpsjw,1,0,0,0,1,0,0,0,0,0,1,0,1:企画・お笑い・トーク
UCWuKuAo94_kkkBIPnfa3R5w,0,0,0,0,0,0,1,0,0,0,0,0,5:一般的
UCWxXVDBhHSauvarC9sIDoHw,0,0,0,0,1,0,0,0,0,0,0,0,5:一般的
UCWxp2Y9JIo4iXAHnvrovB4w,1,0,0,1,1,0,0,1,1,0,0,0,1:企画・お笑い・トーク
UCWzeZL8-tH-i7G3IhPp9O-w,0,0,0,1,1,1,1,1,0,0,0,0,1:企画・お笑い・トーク
UCX35JkgOjZAZwZ2sgccZS4w,0,1,0,0,1,0,1,1,0,0,0,0,1:企画・お笑い・トーク
UCX4OAcO4jVFBxaLBMXyuN3Q,0,0,0,0,1,1,0,0,0,0,0,0,1:企画・お笑い・トーク
UCXBXHXnzt6gtMcQH0pW6yQw,0,0,0,1,0,0,1,1,0,0,0,1,5:一般的
UCXDnVkyVFd1Q0S4ujwalhsQ,0,0,0,0,0,0,1,1,0,0,1,0,4:動画編集
UCXDspelgEfUzW-PrqB8q62Q,0,0,0,1,0,0,1,1,0,1,0,0,1:企画・お笑い・トーク
UCXDy3Bx-VDX96Z_24c9zrAA,0,0,0,0,0,0,1,0,0,0,0,0,5:一般的
UCXMZ4cV6o-QoRFO5dCz7bOQ,0,0,0,0,1,0,1,0,0,0,0,0,5:一般的
UCXO37eA_WGfN18ctqnnt_7g,0,0,0,0,1,0,0,1,0,0,0,0,3:歌
UCXSQDlS-1HBYpPxLh94wOww,0,0,0,0,0,0,1,0,0,0,0,0,5:一般的
UCXcVvdMgQnjdjgUsSMoId4g,0,0,0,0,1,0,1,1,0,0,0,0,3:歌
UCXcxjYALNDQHGsRK8nXCV6Q,0,0,0,1,1,1,1,1,0,0,0,0,1:企画・お笑い・トーク
UCXfdN0pKOdD4YynFQdQONKw,0,0,0,0,1,0,1,1,0,0,0,0,3:歌
UCXjObf6AfcuKyyk_u2Sih9w,0,1,0,1,1,0,1,0,0,0,0,0,1:企画・お笑い・トーク
UCXkZUKRO_23QQUFNDWYtyHQ,0,0,0,1,1,0,1,1,0,0,0,0,1:企画・お笑い・トーク
UCXlaGq6-OS46qIwtqcPa62A,0,0,0,0,0,0,1,0,0,0,0,0,5:一般的
UCXqwkK6zlTYYRNlUbo21YuQ,0,0,0,1,1,0,0,0,0,1,0,0,5:一般的
UCXrRkb7n5aXAxFSetfpe29Q,0,0,0,1,1,0,1,1,0,0,0,0,1:企画・お笑い・トーク
UCY-rzz8F3xdJ9NS3Y5iAGjw,0,0,0,0,0,0,0,0,1,0,0,0,5:一般的
UCY1AtKv8VBRjiANSSwd8DKg,0,0,0,0,1,0,0,0,0,0,0,1,5:一般的
UCY1greSYoItqNTQWwddm7kQ,0,0,0,0,1,0,1,0,0,0,0,0,5:一般的
UCY1qrEDK378Jay-0ewRfnHw,0,1,0,0,0,0,0,0,0,0,0,0,2:イラスト・2Dモデル
UCY5nxSq4K9hOW0eieKafdIQ,1,1,0,0,1,0,0,1,0,0,0,0,1:企画・お笑い・トーク
UCY6_e0cIUo3nI8LKhvBewxA,0,0,0,1,1,0,1,0,0,0,0,0,1:企画・お笑い・トーク
UCYDy13Yc98EkFbXcROZsaQQ,0,0,0,1,0,0,1,1,0,0,0,0,5:一般的
UCYGRrQjTI3jjBVYal9nbv3A,0,0,0,1,0,0,0,0,0,0,0,0,5:一般的
UCYH2Xjxs954DOtJ48RE8Duw,0,0,0,1,0,0,1,1,0,0,0,0,5:一般的
UCYJjMxGHCWF89hzPRYEqAhg,1,0,0,1,0,1,0,1,0,0,1,1,1:企画・お笑い・トーク
UCYLn1xts4mDfDEZAAZFAk4A,1,1,1,1,1,1,1,0,0,0,1,0,1:企画・お笑い・トーク
UCYMnf5YYFemiv4F2S8lQbrA,0,0,0,0,0,0,0,1,0,0,0,0,3:歌
UCYSum2jNtiE9JZedmy00okQ,1,1,0,0,0,0,0,0,0,0,1,0,2:イラスト・2Dモデル
UCYT8a--RSMKRcZaMHjzLSTA,0,0,0,0,0,0,1,1,0,0,0,0,3:歌
UCYXzB5vlPS5Z_wiAPQJqe1w,0,0,0,1,0,0,0,0,0,0,0,0,5:一般的
UCYZTrT9XYtdGZrCC9LCGqoA,0,0,0,0,1,0,0,0,0,0,0,0,5:一般的
UCYZUujsTn8uopC8gwBxXFPQ,0,1,0,0,0,0,0,1,0,0,0,1,3:歌
UCYaEGfKFqU5eINks8Ey0UTQ,0,0,0,0,0,0,1,0,0,0,0,0,5:一般的
UCYambje2dNOLOz64tgfsbUg,0,0,1,0,0,0,1,1,0,0,1,1,4:動画編集
UCYbBPtS52enSskfHm9-DCaA,1,0,1,1,1,1,1,1,1,0,0,0,1:企画・お笑い・トーク
UCYbPpfX_kDevsHgUl4chgrg,1,0,0,0,1,0,0,0,0,0,0,0,5:一般的
UCYl2qeRPosUnc-GAmk6K1cQ,0,0,0,0,0,0,0,1,1,1,0,0,5:一般的
UCYpu7V31Si5rHUFkS9aNPpw,0,0,0,0,0,0,0,0,0,0,1,0,4:動画編集
UCZ-U9WtpKv61WSpuSd7NAkA,0,0,0,1,1,0,1,1,0,1,1,0,1:企画・お笑い・トーク
UCZ7TMz5GXcxhpaRAhm1R--w,0,0,0,0,0,0,0,0,1,0,0,0,5:一般的
UCZ7e7KqFfovnRS1U2bPy48w,0,0,0,0,0,0,0,0,0,1,0,0,5:一般的
UCZB3CHNHP5tD6S7lV59tS9Q,0,0,0,0,1,1,1,1,0,0,0,0,1:企画・お笑い・トーク
UCZKKZ_BNI1_-LDFtSl9-YMQ,0,0,0,0,0,0,1,0,0,0,0,0,5:一般的
UCZQzXAz_4-ea557GQEP-KRw,0,1,0,1,0,0,1,1,0,0,0,0,1:企画・お笑い・トーク
UCZR6LWoDCIIL5-bu1oMUh-Q,0,0,0,0,0,0,1,0,0,0,0,0,5:一般的
UCZSCGEcUD5sekIsc8MgeSVw,0,0,0,1,1,0,1,0,0,0,1,0,4:動画編集
UCZX5lhPBhsIvpGQyunxjCDw,1,0,0,0,1,0,1,1,0,0,0,0,1:企画・お笑い・トーク
UCZXIpT51Du-MDBLHn-L7ztw,1,1,0,0,1,0,0,0,0,0,0,1,5:一般的
UCZcugKYkn9YIqDK_BkGtIpQ,0,0,0,1,1,0,1,0,0,0,0,0,1:企画・お笑い・トーク
UCZid1t1kx2mDJuDVKJXfBng,0,0,0,0,0,0,0,1,0,0,0,0,3:歌
UCZlDvPqtymr4ETUMT6oRAPw,0,0,0,0,0,0,1,0,0,0,0,0,5:一般的
UCZp_9ppEu_2pKxdPkvb3M0g,0,0,0,1,1,0,1,0,0,0,0,0,1:企画・お笑い・トーク
UCZpszs4x7JjZXOoJYjZ63Nw,0,0,0,0,1,0,1,1,0,0,0,0,3:歌
UCZrRqsN-528Jp1Q5ZrIdK3g,0,0,0,1,1,0,1,0,0,0,0,0,1:企画・お笑い・トーク
UCZwA6bcDy9cMWRKpOVMIwGg,0,0,1,1,0,0,1,1,0,0,0,0,1:企画・お笑い・トーク
UCZwsOhl_T0k2Sgf7S3JReNQ,0,0,0,0,0,0,0,1,0,0,0,0,3:歌
UCZzso-nqlGNdF9urBAWoU6Q,0,0,0,1,1,0,0,1,0,0,1,0,4:動画編集
UC_-UeNLnsCOebsOau344gqA,0,0,0,0,1,0,1,1,0,0,0,0,3:歌
UC_6Ai8svBvpMEqRdCH8QhhQ,0,0,0,1,1,0,0,0,0,0,0,0,1:企画・お笑い・トーク
UC_9DxYZ_4Lhm9ujFvcHryNw,0,0,0,1,1,0,1,0,0,0,0,0,1:企画・お笑い・トーク
UC_A8A39-o_hcbWa0IpxKIcg,0,0,0,0,1,0,1,0,0,0,1,0,4:動画編集
UC_HWSkQFp0JUWG0p3g6IK2g,1,0,0,0,0,0,1,0,0,0,0,0,2:イラスト・2Dモデル
UC_LQWk4Q2JOcXzr6HNnYFkg,0,0,0,1,0,0,1,0,0,0,1,0,4:動画編集
UC_OgziLVtGyrlp2EGXreQ7w,0,0,0,0,1,0,1,0,0,0,0,0,5:一般的
UC_QFbIgMACq0tuJ_CFdCYlA,0,0,0,0,1,0,1,0,0,0,1,0,4:動画編集
UC_WQq68cnKTdgbfDCoK6zzA,1,1,0,0,1,0,1,0,0,0,1,0,5:一般的
UC_ZM1Eg4o1NMJZ9vJ1JtIoQ,1,0,0,0,1,0,0,1,0,0,0,0,3:歌
UC__DOF4LkU50LOMyzVe7tDQ,0,0,0,0,0,0,1,0,0,0,0,0,5:一般的
UC_eYNb2rcoFzjaeW_KnDILA,1,1,0,0,0,0,1,0,0,0,0,0,2:イラスト・2Dモデル
UC_fuqq56nJIrdSzE28xqqcA,0,0,0,0,0,0,0,0,0,0,0,1,5:一般的
UC_fvCMXg2wW715kdTOxcWIw,1,0,0,1,0,0,1,0,0,0,1,0,1:企画・お笑い・トーク
UC_k1itxLnmYvdr9sRUr9g2A,0,0,0,0,0,0,1,1,0,0,0,0,3:歌
UC_kVMJY14iOXWhHMzG302AA,1,1,0,0,0,0,1,0,0,0,0,1,2:イラスト・2Dモデル
UC_knFr4NEqkxdyjMp8GoQMw,1,1,0,1,1,0,0,0,0,0,0,0,1:企画・お笑い・トーク
UC_nYFFhgy36RWFaC70ySUkg,0,0,0,0,0,0,0,1,0,0,0,0,3:歌
UC_pm96XrJqjN6v5jPchzD3Q,0,0,0,0,0,0,1,0,0,0,0,0,5:一般的
UC_uhr-B8-kiDtUgXjaPhmjw,0,0,0,0,1,0,1,0,0,0,0,0,5:一般的
UC_v3obb9USAvu-sof6EWoug,1,0,0,1,1,0,1,0,0,0,0,0,1:企画・お笑い・トーク
UC_w5NmHheErqzqUDfxStFjA,0,0,0,0,1,0,1,0,0,0,1,0,4:動画編集
UC_wsLBhgvAeTR26RaaL6RRA,0,1,0,0,1,0,0,0,0,0,0,0,5:一般的
UC_y6bzV_aWGYYUtSH3KwdQQ,0,0,0,0,1,0,0,1,0,0,0,0,3:歌
UCa1MucFcRedNFa9dEmcXWtg,1,0,0,0,1,0,1,0,0,0,1,0,1:企画・お笑い・トーク
UCa32Gu2Wo8EepUHEdLjfRVA,0,1,0,1,1,1,1,1,0,0,0,0,1:企画・お笑い・トーク
UCaBJpskufXmLFHEr7I6_UPw,0,0,0,0,1,0,1,0,0,0,0,0,5:一般的
UCaFWs1xar3vB04371S5I4WA,0,0,0,0,0,0,1,0,0,0,0,0,5:一般的
UCaGpND58K8VLPgI8ryykI0g,0,0,0,1,1,0,1,1,0,0,0,0,1:企画・お笑い・トーク
UCaI-5ljwpouYfyghDOIhP-g,1,0,0,1,0,0,0,0,0,0,0,1,5:一般的
UCaI7c41luCDgCu3FFlqtMhA,1,1,0,0,0,0,0,0,0,0,0,0,2:イラスト・2Dモデル
UCaINMeCRB3imgr27jG9gOVQ,0,0,0,0,0,0,1,0,0,0,0,0,5:一般的
UCaP1ncJ1cHGqvRcICbThd-g,0,0,0,0,0,0,1,0,0,0,0,0,5:一般的
UCaRQqhSkHY-JllEAuprPR0g,1,1,0,1,0,0,1,1,0,0,0,1,1:企画・お笑い・トーク
UCaWChLJF24HDzteT8u0EYnw,0,0,0,0,0,0,1,0,0,0,0,0,5:一般的
UCaXfFDauhubIgmaTKxM74Kw,1,1,0,0,0,0,1,0,0,0,1,0,2:イラスト・2Dモデル
UCaXng-3y1HCwt1si1_LxbzQ,0,0,0,0,1,0,0,0,1,0,1,0,4:動画編集
UCaXySHXtaqrSKbywrEtiuNA,0,0,0,0,0,0,1,0,0,0,0,0,5:一般的
UCaZCkMgFVy6Ff-eKH4i6CiA,0,0,0,0,1,0,1,0,0,0,0,0,5:一般的
UCaZyZTK97xSw257pUV_7ebg,0,0,0,0,1,0,1,0,0,0,0,0,5:一般的
UCa_c-GDWvfwrb9IadpydJLQ,0,0,0,0,1,0,0,1,0,0,0,0,3:歌
UCaa7x_w40FSFvnyTpfsU_eg,0,0,0,1,0,0,1,0,0,0,1,0,4:動画編集
UCahDtRMtHl65Wx9oMi7Ao6g,0,0,0,0,1,0,0,1,0,0,0,0,3:歌
UCaiW85cp9i9DkupjuIGd6iA,0,0,0,0,0,0,1,0,0,0,0,0,5:一般的
UCakOOeWPecsvk6BvVhlR-zg,0,0,0,0,1,1,0,0,0,0,0,0,1:企画・お笑い・トーク
UCan812aVrwN0oWyJd2baunA,1,0,0,0,0,0,0,0,0,0,0,0,2:イラスト・2Dモデル
UCauJiYQYD3DJkEQGDQ8F43w,1,1,0,0,1,0,1,1,1,1,1,0,1:企画・お笑い・トーク
UCavP2MzniLiZq-SHFAmbUaA,0,0,0,1,0,0,0,0,0,0,0,0,5:一般的
UCb-q8hZcaqrM7EiI2WnMsdA,0,0,0,1,0,1,0,0,0,0,0,0,1:企画・お笑い・トーク
UCb3tuQAv8tEYFW7_QdgM--A,0,0,0,1,1,0,0,1,0,0,0,0,1:企画・お笑い・トーク
UCb57Oks-J0tudkCJEcvwnbw,1,0,0,0,0,0,0,0,0,0,0,0,2:イラスト・2Dモデル
UCb7cgAw6fybC9aP-UopXIGw,0,0,0,1,1,0,1,1,1,0,1,0,4:動画編集
UCbDPbAfuWag0flTtStNjJBw,1,1,0,0,1,0,0,0,0,0,0,0,5:一般的
UCbF5xOeqwFJuiV5YIBohqtw,0,0,1,1,0,0,0,0,0,0,0,0,2:イラスト・2Dモデル
UCbGZT-jq3oxejrWs_tHlmqQ,1,0,0,1,0,0,0,1,0,0,0,0,1:企画・お笑い・トーク
UCbHdpEcUAabA4ciH2stjPKQ,0,0,0,0,1,0,1,1,0,0,0,0,3:歌
UCbKne6Ja7RovPOiaPLpDKeg,0,0,0,0,0,0,1,0,1,0,1,0,4:動画編集
UCbPXwjTcE54UJyBAKoGRw_g,0,0,0,0,0,0,1,1,0,0,0,0,3:歌
UCbQFG4a9y-PDxde_u5dB4dw,1,0,0,0,0,0,0,0,0,0,0,0,2:イラスト・2Dモデル
UCbQyUW-ZZepatnnzCq6hOrg,0,0,0,1,1,0,1,0,0,0,1,0,4:動画編集
UCbXv7KfH7RIqXhqUaBWWVfQ,0,0,0,0,1,0,1,0,0,0,0,0,5:一般的
UCbY72SlSr78S0zynNitmh6g,0,1,0,1,0,0,1,0,0,0,0,0,1:企画・お笑い・トーク
UCbYLR3WA38jYtsSp_F2K73w,1,0,0,0,0,0,1,0,0,0,0,0,2:イラスト・2Dモデル
UCb_He6SSh4YjKTLXAoVeVng,0,0,0,0,0,0,1,1,0,0,0,0,3:歌
UCbcvWPWVSpghOhXQS_fEyBQ,1,0,0,1,1,0,1,0,0,0,1,0,1:企画・お笑い・トーク
UCbdRgu5SIbaYBPv8_SkUIEw,0,1,0,0,0,0,0,1,0,0,0,0,3:歌
UCbdiD3s1A-6ZtUXUHsZLzfQ,0,0,0,0,0,0,1,0,1,1,0,0,5:一般的
UCbf1HP8rxlJU2Ok8Wa4suEw,0,0,0,1,0,0,1,0,0,0,0,0,5:一般的
UCbkBpqd6HHe4-v3t7hnTE_Q,1,1,0,1,0,0,0,0,0,0,0,0,1:企画・お笑い・トーク
UCbqcVMzwEkh-jieFVJlRZ1w,0,0,0,1,1,0,1,1,0,0,0,0,1:企画・お笑い・トーク
UCbv3Bo3KJAMYbIYOxiHmCpg,0,0,0,0,0,0,1,1,0,0,0,0,3:歌
UCbyjhEB9zq8_lbzO3nFA1CQ,0,0,0,0,1,0,1,0,0,0,0,0,5:一般的
UCbzcrlew8CX9qMf5Sn5bakw,0,0,0,1,1,0,0,1,0,0,0,0,1:企画・お笑い・トーク
UCc-EHjhhh_gNY_-O48OE3BA,0,0,1,0,1,0,0,1,0,0,1,0,4:動画編集
UCcBwExkkqUGhFvYYKVy4bjQ,0,0,0,0,1,0,1,0,0,0,0,0,5:一般的
UCcIzAN1Nv56oZysr3A-U41g,0,0,0,0,0,0,1,1,0,0,0,0,3:歌
UCcJJr7OiJ7LaFljPesvU4ZQ,0,0,1,1,1,1,0,1,1,1,1,0,4:動画編集
UCcLWiQFLAySNg9QjiCIRogg,0,0,0,0,0,0,1,0,0,0,0,0,5:一般的
UCcMXcKhp_AYVf_SPCs1JpCA,0,0,0,0,0,0,1,0,0,0,0,0,5:一般的
UCcNg1rl7bnXXWpVSmq0YTkg,0,0,0,0,0,0,1,1,0,0,0,0,3:歌
UCcRDTazPBLdYSYtTj5v_Fyw,1,0,0,0,0,0,0,0,0,0,0,0,2:イラスト・2Dモデル
UCcSSf6NLiboaq62lb6q2PkA,0,0,0,1,1,0,1,1,0,0,0,0,1:企画・お笑い・トーク
UCcTogQMO8a7Bu64K75-2a_w,1,0,0,0,0,0,0,0,0,0,0,0,2:イラスト・2Dモデル
UCcYCi6EwVRkM5rMoL19FCbQ,0,0,0,1,0,1,0,1,0,0,0,0,5:一般的
UCc_2TinbOgb0EhXrdRjxCaw,0,1,0,0,1,0,0,0,0,0,0,0,5:一般的
UCcaoUlaUyoR_wotukLKleWA,0,0,0,1,1,0,1,0,0,0,0,0,1:企画・お笑い・トーク
UCcdcxHO11d4ZNyu2Ph_OQFg,0,0,0,0,1,0,1,1,0,0,1,0,4:動画編集
UCcdgzmLKfrGYv-amSSswX3g,0,0,0,0,0,0,0,0,0,0,0,1,5:一般的
UCchK9jCrG88ymPXt5y8f98w,0,0,0,0,1,1,0,1,0,0,0,0,1:企画・お笑い・トーク
UCcnLRhKiue4YpNGwupP0Ptg,1,0,0,0,0,0,0,0,0,1,0,0,5:一般的
UCcniKxCKKgvOX1LSD2mDxAQ,0,0,0,1,0,0,1,0,0,0,1,0,4:動画編集
UCcqCHOzqi5c0j1tBd0h5j2Q,1,0,0,1,0,0,1,1,0,0,1,0,1:企画・お笑い・トーク
UCcqEON3s2GXnReyYQEKIutg,0,0,0,1,1,0,1,0,0,0,0,0,1:企画・お笑い・トーク
UCcqKBNA4ZA5CSEImRI48VKA,1,0,0,0,0,0,0,0,0,0,0,0,2:イラスト・2Dモデル
UCcqnvJqfflNgaf43uZg22dw,0,0,0,0,1,0,0,1,0,0,0,0,3:歌
UCcrkYKl4OHqU2PAcB3Le2bQ,1,0,0,0,0,0,0,1,0,0,1,0,3:歌
UCcxTE9X0pWrTbsFa5NipTYg,1,0,0,1,1,1,0,1,0,0,0,0,1:企画・お笑い・トーク
UCd2_hljVFKySLyEaUa8f7yA,0,0,0,0,0,0,1,0,0,0,0,0,5:一般的
UCd6Hb18gTgQoShOnfkXAcaw,0,0,0,0,0,0,0,1,0,0,0,0,3:歌
UCd8ajtODkYLCLFC6nLoWMAA,0,0,0,0,0,0,1,1,0,0,0,0,3:歌
UCdAB5G-crAtj363Sh6JUk9w,0,0,0,0,0,0,1,0,0,0,0,0,5:一般的
UCdBcZgVr0ErDdtKP7wZMpmw,0,0,0,0,0,0,0,1,0,0,0,0,3:歌
UCdHS6wIAM39eYA4I7MqTKmg,0,0,0,1,1,0,1,1,0,0,1,0,1:企画・お笑い・トーク
UCdKKxVykJB_NKiq9_4fwllQ,1,1,0,0,1,0,1,1,0,0,0,0,1:企画・お笑い・トーク
UCdKSpI4ksS3mOSEON3kK8Xw,0,0,0,1,0,0,0,0,0,0,0,0,5:一般的
UCdLqOSa1BbYtC9HiTh9DFrQ,1,0,0,0,1,0,0,1,0,0,0,0,3:歌
UCdN9WF7IZb0PaKW_muAB2RQ,1,1,1,0,1,0,1,1,0,0,0,0,1:企画・お笑い・トーク
UCdNt3F3wM_UBZ_PLwILiNXg,0,0,0,1,1,0,1,1,0,0,0,0,1:企画・お笑い・トーク
UCdSSq9vdTFch5e9DgvEry8Q,1,0,0,0,1,0,0,0,0,0,0,1,5:一般的
UCdaFGg0dqt0gIWL82Q5UK_g,0,0,0,1,0,0,1,1,0,1,1,1,1:企画・お笑い・トーク
UCdbByRBDoGJEdO6yjwgaimQ,0,0,0,0,1,0,0,1,0,0,0,0,3:歌
UCdclBcD_4FN_yK8Gd3V9I1g,0,0,0,1,0,1,1,0,0,0,0,0,1:企画・お笑い・トーク
UCdhTrLS7gusvGvcXucYfy9Q,0,0,0,0,0,0,0,1,0,0,0,0,3:歌
UCdken0VUPCa4qA6P0-5zCmg,0,0,0,1,1,0,1,1,0,0,1,0,1:企画・お笑い・トーク
UCdknlDyLAYSlqIoEN9FFUKw,1,1,0,0,0,0,1,1,0,0,0,0,3:歌
UCdktACSrw2uHkL_cl1VbudQ,0,0,0,0,0,0,1,0,0,0,0,0,5:一般的
UCdlDGPRc4EjtN-QnCuzwFKw,0,0,0,0,0,0,1,0,0,0,0,0,5:一般的
UCdmyMpg1SBUfZybNxuFkPcw,0,0,0,0,0,1,1,0,0,0,0,0,1:企画・お笑い・トーク
UCdqAtQIxcWJ8P11Kkez0RFw,0,0,0,1,0,1,0,0,0,0,0,0,1:企画・お笑い・トーク
UCds_Rwk7PPbBveRG4P6m_8Q,0,1,0,1,0,0,0,1,0,0,1,0,4:動画編集
UCdtgu-bjkW3Gt_LkOV_1Ecg,0,0,0,0,0,0,1,0,0,0,0,0,5:一般的
UCduiLe0-61x4vgcH8E2Minw,1,0,0,0,0,0,0,0,0,0,1,0,4:動画編集
UCdyWD_42PFlGYre6GeXWuFg,0,0,0,1,1,0,1,0,1,1,0,1,5:一般的
UCdzKTwB9PsvaKZ7Mvrqv_tw,0,0,0,1,0,0,1,0,0,0,1,0,4:動画編集
UCe10vwfJ2b9EQh6XX2WXE6g,0,0,0,0,0,0,0,1,0,0,0,0,3:歌
UCe10wQFN1Z5G4vcAn5W4xXA,0,0,1,0,1,0,0,1,0,0,1,0,4:動画編集
UCe2xF5TKhTmoUZBMSA58e9Q,0,0,0,1,1,0,1,0,0,0,0,0,1:企画・お笑い・トーク
UCe32uxRCVULIxoS941zengw,0,0,0,0,0,0,1,0,0,0,0,0,5:一般的
UCe7cG0gVpPN0IJZ2lIh3Ajg,1,1,0,1,1,0,1,0,0,0,1,0,1:企画・お笑い・トーク
UCe8nF6gFBOaqPwkhoW49rWQ,0,1,0,0,1,0,1,0,0,0,0,0,5:一般的
UCeHfSt0ygHjj3D-897auDzw,0,0,0,1,1,1,1,0,0,0,0,0,1:企画・お笑い・トーク
UCeJWc7XvjRPA21ONtpjKoig,0,0,0,0,1,0,0,0,0,0,0,0,5:一般的
UCeWb8YN2qD-nwM1QNFIYbUw,0,0,0,1,1,0,1,0,0,0,0,0,1:企画・お笑い・トーク
UCegFQTNyFwva_1SD4DQAoaw,0,0,1,0,0,0,0,1,1,0,1,0,4:動画編集
UCehSCs9QPvaoM7BkYXPQt_A,0,0,0,0,0,0,1,0,0,0,0,0,5:一般的
UCehteXVjm9OhwPbpF35p2CQ,0,0,1,0,0,0,0,0,0,0,1,0,4:動画編集
UCelP0tUWy_v6NyVTxp8FzNQ,0,0,0,1,1,0,1,1,0,0,0,0,1:企画・お笑い・トーク
UCeldBm1EjkdTkb0L_heR5MQ,1,0,0,0,0,0,0,1,0,0,0,0,3:歌
UCelew9wfONsgKeEvZEaLzsQ,0,0,0,1,0,0,1,1,0,0,0,0,5:一般的
UCerXGqh8P1N4-_ohqEv9pNA,0,0,0,0,0,0,1,0,0,0,0,0,5:一般的
UCeu5EypIZ0JW0LyHxtVeztQ,0,0,0,0,0,0,1,0,0,0,0,0,5:一般的
UCeuqg3bz8lMkElBYy4O-Drw,0,0,0,1,1,0,1,0,0,0,0,0,1:企画・お笑い・トーク
UCevISkw3UXAWi7BWE8t3k9A,0,0,0,1,1,0,1,0,0,0,0,0,1:企画・お笑い・トーク
UCex38Vm3iKTuhCMK96GJz1w,0,0,0,0,1,1,1,0,0,0,0,0,1:企画・お笑い・トーク
UCez5D_dtExDJzQOAzg1k1RQ,0,0,0,1,1,0,0,1,0,0,0,0,1:企画・お笑い・トーク
UCf3sSkQuImy9RE9ViZ9VeZQ,0,0,0,0,1,0,1,0,0,0,0,1,5:一般的
UCf4b4sIziV3jVxmG9puREDA,1,0,0,0,1,1,1,0,0,0,0,0,1:企画・お笑い・トーク
UCfA-_1xgih-wMYhJ5jcG8Wg,1,0,0,0,1,0,1,0,0,0,1,0,1:企画・お笑い・トーク
UCfAR5VKJL1nj-lSotjFB13Q,0,0,0,0,0,0,1,1,0,0,0,0,3:歌
UCfCthQdvGvIEP4aNlvwDONQ,0,0,0,0,1,0,1,0,0,0,0,0,5:一般的
UCfE5hpVioVgrEw87yzidr0w,1,1,0,0,0,0,0,0,0,0,0,0,2:イラスト・2Dモデル
UCfFnrr49nFp6IyQO9ouI2ag,0,0,1,0,0,0,0,0,0,0,0,0,2:イラスト・2Dモデル
UCfID92astwm5deddqFs4GZg,1,0,0,0,1,0,0,0,0,0,1,0,1:企画・お笑い・トーク
UCfMTSbp2gBfmOpREtsUMoqQ,0,0,0,0,0,0,1,0,0,0,0,0,5:一般的
UCfP4a_p9RyWfqiQkmH59ysg,1,1,0,0,0,0,1,0,1,0,0,0,2:イラスト・2Dモデル
UCfPwtmjVXsByl4z8TT32Lbg,0,0,0,1,1,0,0,1,0,0,0,0,1:企画・お笑い・トーク
UCfRoKmsatznAxLXEWOgcQKA,1,0,0,1,1,0,1,0,0,0,0,0,1:企画・お笑い・トーク
UCfSf4ToLpHoh1wbYkVHF_mg,0,0,0,1,0,0,1,1,0,0,0,1,5:一般的
UCfXGaRMYEgPn9PBKQCThjnA,1,1,0,0,0,0,0,1,0,0,0,0,3:歌
UCfY7YIWfNk5m46XRst2709A,0,0,0,0,0,0,0,1,0,0,0,0,3:歌
UCf_URK1Y-rzOkOCh5W-gNEg,0,0,0,0,1,0,1,1,0,0,0,0,3:歌
UCff1QdgVV1iFeCi0GdPcqwg,0,0,0,1,1,1,0,0,0,0,0,0,1:企画・お笑い・トーク
UCfnI5YS8RX8byI7O5hBvSgw,0,0,0,0,0,0,0,1,0,0,0,0,3:歌
UCfoSy6v26Hu1mJxO7jVcB0w,0,0,0,1,1,0,1,0,0,0,0,0,1:企画・お笑い・トーク
UCftJR3Qm0LyEuEQue1QYytA,0,0,0,0,1,0,1,1,0,0,0,0,3:歌
UCfuFx4-QmRIDi5R1YPvx0Zw,1,0,0,0,1,0,0,0,0,0,1,0,1:企画・お笑い・トーク
UCfuS_Fp-uFB-1fgCXgJc2MA,1,1,0,0,1,0,0,0,0,0,0,0,5:一般的
UCfxn5cmOYnC2y6Qpb2TQgsg,0,0,0,0,0,0,1,1,0,0,0,0,3:歌
UCg6N2lmVe6GE3CvShuv6bTg,0,0,0,0,0,0,1,0,0,0,0,0,5:一般的
UCg8-ZOExFxonnHTaK9aYznQ,0,0,0,1,1,0,1,1,0,0,0,0,1:企画・お笑い・トーク
UCgGWLLZK_X2wKuCAVmJ6Q5g,1,1,0,1,0,0,0,0,0,0,0,0,1:企画・お笑い・トーク
UCgK45_8vM6bMxtEiVBEsS8A,0,1,0,1,1,0,0,0,0,0,0,0,1:企画・お笑い・トーク
UCgKH6CVq4FVesKl5tU9sCvQ,0,0,1,1,1,0,1,0,0,0,1,0,4:動画編集
UCgOGJOPEjfwALrVdCqRWwLg,1,0,0,0,0,0,1,0,0,0,0,0,2:イラスト・2Dモデル
UCgONllw5Zoa-kKpJrotvxuw,0,0,0,0,0,0,0,1,1,0,0,0,5:一般的
UCgRKTXR7rjChmCDd6PMHSEQ,0,0,0,1,1,0,1,1,0,0,1,0,1:企画・お笑い・トーク
UCgRwoZjk7TLb5MctlGQbYEQ,1,0,0,0,0,0,0,1,0,0,0,0,3:歌
UCgUHyazT6FS6QWYmw0rlW-g,0,0,0,0,1,0,0,0,0,0,0,0,5:一般的
UCgUIm-EShMCyV9baRT9SW6w,0,1,1,0,0,0,1,0,0,0,1,1,4:動画編集
UCgWyZOhwXjozIsX0itOomDA,0,0,0,1,1,0,1,0,0,0,0,0,1:企画・お笑い・トーク
UCgX_lkr_Rf9C6KgUHU99vJQ,0,0,0,0,0,0,1,0,0,0,0,0,5:一般的
UCgbVwE75qZoBii_RSE9wYaA,0,0,0,0,0,0,1,1,0,0,0,0,3:歌
UCgcZQBWzXrLfr5V2BZwi0hQ,0,0,0,1,1,0,1,0,0,0,0,0,1:企画・お笑い・トーク
UCgfToRN_MRy3Mg-W8JkHwgg,0,0,0,1,1,0,1,1,0,0,0,0,1:企画・お笑い・トーク
UCgfhmzCA1skPuhBorW5Fj1Q,0,0,0,1,0,0,1,0,1,1,0,0,5:一般的
UCgg5TvrhuXf_uA3ah8JExxQ,0,0,0,0,1,0,0,0,0,0,0,0,5:一般的
UCgga1fREEsZaTqSJYqo_2sA,0,0,0,0,1,0,0,1,0,0,0,0,3:歌
UCgiAlZ8C1-RHLde9U1Y0yLw,0,0,0,1,0,0,1,1,0,1,1,0,1:企画・お笑い・トーク
UCgo4TxatUpnwAACYRU0Fs4w,0,0,0,0,0,0,0,1,0,1,0,0,5:一般的
UCgsj8Yt4lp7MYk6Zbk104CQ,0,0,0,1,1,0,1,0,0,0,0,0,1:企画・お笑い・トーク
UCgyxG91nNr1hO4nsu2b6GxQ,1,0,0,0,0,0,0,0,0,0,0,0,2:イラスト・2Dモデル
UCh1E8qvxpe5GxMzxk9Qv6rA,0,0,0,0,1,0,1,0,0,0,0,0,5:一般的
UCh3bQf20rJnEtiU25vIK2Hg,1,0,0,1,1,0,0,0,0,0,1,0,4:動画編集
UCh4dV4_CKhI63JglJGigqfA,1,0,0,1,1,0,1,0,0,0,0,0,1:企画・お笑い・トーク
UCh52hp0_j3paYqDXPxnGapA,0,0,0,1,0,0,1,0,0,0,0,1,5:一般的
UCh7gjyYRqRUmhpw5_EHXieA,0,0,0,0,1,0,0,1,0,0,0,0,3:歌
UChDuEBOpon-Q6Bw3FrX-V0A,0,0,0,0,1,0,1,0,0,0,0,0,5:一般的
UChNMNhBIsh9EghGbTyu87mg,0,0,0,1,1,0,0,0,0,0,0,0,1:企画・お笑い・トーク
UChOBfJ657HFPrSSfovzQ7OQ,0,0,0,0,0,0,1,1,0,0,0,0,3:歌
UChR1jZvjSA1r3n9vYCe5mfQ,0,0,0,1,1,0,0,0,0,0,0,0,1:企画・お笑い・トーク
UChVXos0pE8NWTGRm9ZUVe6g,0,0,0,0,0,0,0,0,0,0,1,0,4:動画編集
UChdU9Q2LB1gaGjG5lf8dRyw,1,0,0,1,1,0,1,0,0,1,0,0,5:一般的
UChetQUnY0nfB1a-evwtCRfQ,0,0,0,0,0,0,0,1,0,0,0,0,3:歌
UChgfPYHfd5ro0vJ5NxWYraQ,1,0,0,0,1,0,0,0,0,0,0,0,5:一般的
UChhyZhh-lNF040FnF8ButLg,0,0,0,0,0,0,0,0,0,0,0,1,5:一般的
UChmCoFceTL5NxSh0_o-z6jg,0,0,0,1,1,0,1,0,0,0,0,0,1:企画・お笑い・トーク
UChrT92QQtYsDHV64DkuhLmA,1,0,0,1,0,0,1,0,0,0,1,0,1:企画・お笑い・トーク
UChsEOVjWrnt9hkfkpZnfD1w,1,0,0,0,1,0,0,1,0,0,0,0,3:歌
UCht4hlHb9tv04jK7m9Y1CkA,0,0,0,0,1,0,0,1,0,0,0,0,3:歌
UChuQxkz1aqeuZORCLN-IbJg,0,0,0,0,0,0,1,0,0,0,1,0,4:動画編集
UCi0w1rDGK7-Ew8ZbPd2O9hA,0,0,0,1,1,0,1,1,0,0,0,0,1:企画・お笑い・トーク
UCi1A7ffg3pcx4ro64dv_IYA,0,0,0,0,0,0,1,1,0,0,0,0,3:歌
UCi3gutRxG5Qy2CdUxs4--mA,0,0,0,0,1,0,1,1,0,0,0,0,3:歌
UCi5GCOZtNvsKw30S2BxuaoA,0,0,0,1,0,0,1,0,0,1,0,0,5:一般的
UCi837ueZ2WHZan3KrMJtGEQ,0,1,0,0,0,0,0,0,0,0,0,0,2:イラスト・2Dモデル
UCiAHT9CYWRNbb0hujhcMpKA,0,0,0,0,0,0,1,0,0,0,1,0,4:動画編集
UCiBcXqMM2CSOY6OmkuA_j0A,0,0,0,1,0,0,1,0,0,0,1,0,4:動画編集
UCiD0WR6Wx0uk88qWAdsUs4g,0,0,0,0,1,0,1,1,0,0,0,0,3:歌
UCiJZUs2b4Z-b2pAIFQ6s0-g,0,0,0,1,1,0,0,1,0,0,0,0,1:企画・お笑い・トーク
UCiOtlajRm8xJ9WUHyruptSg,0,0,0,0,0,0,1,0,0,0,0,0,5:一般的
UCiQXSOl-4JLlDTs-k_cqL2A,0,1,0,0,0,0,0,0,0,0,1,0,2:イラスト・2Dモデル
UCiR5PAeL8TpbA7bbR58_7cg,0,0,0,1,1,0,1,1,0,0,0,0,1:企画・お笑い・トーク
UCiRRDaHNYKF8eSwhYPu3x4w,0,0,0,1,1,0,1,0,0,0,0,0,1:企画・お笑い・トーク
UCiRp0-EvDg5FeWtftAWDPTg,1,1,0,0,1,0,1,1,0,0,0,0,1:企画・お笑い・トーク
UCi_Ms8ta3HkNxdYF2WJ8m6A,0,0,0,0,0,0,1,0,0,0,0,0,5:一般的
UCi_RzqXuEujY4ji_ZDAag7w,1,1,0,0,0,0,0,0,0,0,0,0,2:イラスト・2Dモデル
UCicjnwgl81_waPIwjjnZyeg,0,0,0,1,1,0,1,0,0,0,0,0,1:企画・お笑い・トーク
UCig-qfvUl-8etPZ7uc6lYIA,0,0,0,0,0,0,1,0,0,0,0,0,5:一般的
UCiwRm9neSWb-QRBOgi_skJQ,0,0,0,0,1,0,0,1,0,0,1,0,4:動画編集
UCizTBognnhbuJslC44phkGA,0,0,0,1,1,0,1,1,0,0,0,0,1:企画・お笑い・トーク
UCj38lw-viOzONagmimb1vWA,1,0,0,0,0,0,1,0,0,0,0,0,2:イラスト・2Dモデル
UCj3I3jatZ-EOMgdxfzqCDFw,0,0,0,1,0,0,1,0,1,0,0,0,5:一般的
UCjApQoIBmuiL9lcrKOLnP8w,0,0,0,0,0,0,1,1,0,0,0,0,3:歌
UCjD5hgcw2tWajoUwAsgg8DQ,0,0,0,0,0,0,1,0,0,0,0,1,5:一般的
UCjEWzu74hLc9_7if3_LnXqA,0,0,0,1,1,0,1,1,0,0,0,0,1:企画・お笑い・トーク
UCjH4Z-uXHegQCTlGeUc7qUA,0,0,0,0,1,1,1,0,0,0,0,0,1:企画・お笑い・トーク
UCjHY2y4q1SKX9Pi4KUuIwjA,0,0,0,0,0,0,1,0,0,0,0,0,5:一般的
UCjJ-s6GOpgzP9vrCrsHAcuw,0,0,0,0,0,0,0,1,0,0,0,0,3:歌
UCjJzaM7fhlPTmr1nhSywZYA,0,0,1,0,0,0,1,0,0,0,0,0,2:イラスト・2Dモデル
UCjKpFcooUMA0ITMu8prj42g,0,0,0,0,0,0,1,0,0,0,0,0,5:一般的
UCjL9J34ONhK4tKjABgzCGxQ,0,0,0,1,1,1,1,1,0,0,1,0,1:企画・お笑い・トーク
UCjMKzzgWNY_TROoopnjfX4g,0,0,0,0,0,0,1,0,0,0,0,0,5:一般的
UCjQgPXWvEeOQrdmTkdnHu6g,0,0,0,1,1,1,0,1,0,0,1,0,1:企画・お笑い・トーク
UCjZFp8Nb_A_DwDpfSx-KaEA,1,0,0,1,1,0,1,0,0,0,0,0,1:企画・お笑い・トーク
UCjcseugGw9KpT5-1Mm7dbgg,1,0,0,0,0,0,1,0,0,0,0,0,2:イラスト・2Dモデル
UCjdbu2LbSrNn1-mTPkTmHuQ,1,0,0,0,0,0,0,0,0,0,0,0,2:イラスト・2Dモデル
UCjhX37E0Gttgabf6NuywEpg,0,0,0,0,0,0,0,1,1,1,0,0,5:一般的
UCjivem4uXvz2BReIoeE2ACQ,1,1,0,0,0,0,0,0,0,0,0,0,2:イラスト・2Dモデル
UCjkioW8uoXORPnl2bi0ATMg,1,0,0,0,0,0,0,0,0,0,0,0,2:イラスト・2Dモデル
UCjmOqCMmiv9yf777m1TMpSQ,1,1,0,0,0,0,0,0,0,0,0,0,2:イラスト・2Dモデル
UCjpW7sdWD3wLaxRW-EoljsA,1,0,0,0,0,0,0,0,0,0,1,0,4:動画編集
UCjt-U6psz7ZieiKfeoVFoLg,1,0,0,0,0,0,0,0,0,0,0,0,2:イラスト・2Dモデル
UCjtjYL9W4n9ZK8LN649rpng,1,1,0,0,0,0,1,0,0,0,0,0,2:イラスト・2Dモデル
UCjvFGRT2XqA1AhqEquzFJNQ,0,0,0,0,0,0,0,0,0,1,0,0,5:一般的
UCjvyoUkplkR0AE1YDZ28pmg,0,0,0,0,0,0,1,1,1,1,0,0,5:一般的
UCjzxki1q58U9_Ehc3s6HCww,0,0,1,0,0,0,0,0,0,0,0,0,2:イラスト・2Dモデル
UCk-xXFv6nkZriH7Bepb7Ldw,0,0,0,0,0,0,1,0,0,0,0,0,5:一般的
UCkIoEPncHPIWByx7OlzEVXQ,0,0,0,0,0,0,1,1,0,0,0,0,3:歌
UCkMIXzuN4Ilij7dpPrvzg_g,0,0,0,0,0,0,1,1,0,0,0,0,3:歌
UCkQ9FRFX_ibAc0w8qDxxaLg,0,0,1,0,0,0,1,1,0,1,1,0,4:動画編集
UCkUfp0u4CK07r4bSWauIGFA,0,0,0,1,1,0,0,1,0,0,0,0,1:企画・お笑い・トーク
UCkYI3DKSpPUBDYr6lPtPjTg,0,0,0,0,0,0,1,0,0,0,0,0,5:一般的
UCknMBjGzmKpcMnu5IXApk5A,0,0,0,1,0,0,1,0,0,0,0,0,5:一般的
UCkzmWCL4qOto2r95Cq-lp2Q,0,0,0,1,1,0,1,0,0,0,0,0,1:企画・お笑い・トーク
UCkzsuewZNG09r3jdq1yBZ1w,0,0,1,0,0,0,1,0,0,0,1,0,4:動画編集
UCl0P2Ib-CRe7TGt1rE_O23A,1,0,0,0,1,0,0,1,0,0,0,0,3:歌
UClFdCERiSy4r2wj5Klf03KQ,0,0,0,1,1,0,1,0,0,0,1,0,4:動画編集
UClKaqfC8FknBkbDE92n9nug,0,1,0,1,1,0,0,1,0,0,1,0,4:動画編集
UClMj6YrkATf6UDGlfd8qwrQ,1,0,0,0,0,0,1,0,0,0,0,0,2:イラスト・2Dモデル
UClNfK7hRIPIjIpDi0tS8j0A,0,0,0,0,0,0,1,1,0,0,0,0,3:歌
UClRKgeUJnEE_V5yImMbI1GQ,0,0,0,0,0,0,0,0,0,1,0,0,5:一般的
UClSiZo83Q1n5Mv6jwyBpupw,0,0,0,1,0,0,1,0,0,0,0,0,5:一般的
UClUo-eYzNkmoTZlzPRnqhHg,0,0,0,0,0,0,0,1,0,0,0,0,3:歌
UClWJRvckX0yceoxeMfT3u_w,1,0,0,0,0,0,1,1,0,0,0,0,2:イラスト・2Dモデル
UCl_TEptbbaYAim2iHZl6KYA,1,0,0,1,1,0,0,1,0,0,0,0,1:企画・お笑い・トーク
UClcaqljOFZVViVXTMlNgkKQ,1,1,0,0,0,0,0,0,0,0,0,0,2:イラスト・2Dモデル
UClf6QC2lgGPv09KRbkXv5XQ,0,0,0,0,0,0,1,0,0,0,0,0,5:一般的
UClfjJJJqBh9SL4cCgNHDPsg,0,0,0,1,0,0,1,0,0,0,0,0,5:一般的
UClghh0ia2FNWrU8AIHUvQcQ,0,0,0,0,0,0,1,0,0,0,0,0,5:一般的
UClmU8-CzEBULTeOdzNkS4HA,0,0,0,1,1,0,1,0,0,0,0,0,1:企画・お笑い・トーク
UClp6cldT-oNbtq-rUXPrZxg,0,0,0,1,0,0,1,0,0,0,0,0,5:一般的
UClrDcDBdOIxFBays4EtWWQA,0,0,0,0,1,0,1,0,0,0,0,0,5:一般的
UClsdKKXIhONjuN8FJH6w6sg,1,0,0,1,0,0,1,1,0,0,0,0,1:企画・お笑い・トーク
UCluGdQwCQ-SFskv_N51dkVw,1,1,0,0,0,1,0,0,0,0,0,0,2:イラスト・2Dモデル
UClvZRXp0DfKja76iYqpJ7FA,0,0,0,1,0,0,0,0,0,0,0,0,5:一般的
UClxdmTGulJmWXbgphJ6Dt8w,1,0,0,1,0,0,1,0,0,0,0,0,1:企画・お笑い・トーク
UCm-qR3K6cyUtNRij0i7qiow,1,1,0,0,0,0,1,0,0,0,1,0,2:イラスト・2Dモデル
UCm1l2vBr530CEzvB9jlgmxg,1,0,0,0,1,0,1,1,0,0,0,0,1:企画・お笑い・トーク
UCmACFu30GhuNOWnY305sjvA,1,1,0,0,0,0,0,0,0,0,0,0,2:イラスト・2Dモデル
UCmAvfhAXTO7yB-2iTlWXxnQ,0,0,0,1,1,1,1,1,0,0,0,0,1:企画・お笑い・トーク
UCmAxPzbc2R3Uhe9iUluwCAg,0,0,0,0,0,0,1,1,0,0,0,0,3:歌
UCmBZcrPUnX_9GynOToiN1Hg,0,0,0,0,1,0,0,0,0,0,0,0,5:一般的
UCmDPcLYne07vYJv5dq4BD0A,0,0,0,0,0,0,0,0,0,0,1,0,4:動画編集
UCmOba0E0A8Xf98L70pELkJA,0,0,0,1,0,0,1,1,0,0,1,0,4:動画編集
UCmQ2t_sqNUOyFLjCipXvCpQ,0,0,0,0,0,0,1,1,0,0,0,0,3:歌
UCmQDLvbTP7HlH5pANE-HU0Q,0,0,0,1,1,0,0,0,0,0,0,0,1:企画・お笑い・トーク
UCmWWYhl0o7rYL-tf-PJo1NA,0,0,0,1,0,0,1,0,0,0,0,0,5:一般的
UCmYR11rvfbRFwNA-V9ccaCg,0,0,0,1,0,0,0,0,0,0,0,0,5:一般的
UCmcSBmEydYIyh2yC5Gzzerg,0,0,0,1,0,0,1,0,0,0,0,0,5:一般的
UCmcshaG9nZB_9fwsxva5VxQ,1,0,0,0,0,0,0,0,0,0,0,0,2:イラスト・2Dモデル
UCmfXyszDWuDPY8VihXjaRiw,0,0,0,0,0,0,1,1,0,0,0,0,3:歌
UCmh-V9D3C8Q672RtSD7e6UA,0,0,0,0,1,0,0,1,0,0,0,0,3:歌
UCmiSSyWLWu0M_TM2kTWW3pw,0,0,0,0,0,0,1,1,0,0,0,0,3:歌
UCmr4qtbzst3g-_fUUgX__Rw,1,0,0,0,1,0,0,0,0,0,0,0,5:一般的
UCmuOT1sQ_jxEjl-OLiN-bwA,0,1,0,0,0,0,0,0,0,0,0,0,2:イラスト・2Dモデル
UCmwNJLpuudGrZlvOTF5zTdw,0,0,0,0,0,0,0,0,0,0,1,0,4:動画編集
UCmwWERrmDlkS7KnhhCjmBJA,0,0,0,0,1,0,0,0,0,0,0,0,5:一般的
UCn4SIkkQ70nqC5jGnroVckQ,0,0,0,0,0,0,1,0,0,0,0,0,5:一般的
UCn5DoFWrjHhMtD5czTRQlsQ,1,0,0,0,1,0,0,1,0,0,0,0,3:歌
UCnMDJ28oUjcr22UQomtYfHg,0,0,0,0,1,0,1,0,0,0,0,0,5:一般的
UCnQRtfMue33j3osBznCYb_w,1,1,0,0,0,0,0,0,0,0,0,0,2:イラスト・2Dモデル
UCnSzUNybG2W4PQhGCD-U38A,1,1,0,0,0,0,0,1,0,0,0,0,3:歌
UCnWWrint6Ig3AHBEANLdrlQ,0,0,0,1,1,0,1,1,0,0,0,0,1:企画・お笑い・トーク
UCnXuFlcjgDhZeDj1fQIMwkA,0,1,1,0,0,0,1,0,0,0,0,0,2:イラスト・2Dモデル
UCnXuWcdXFM-4hmRZBVEZLJA,0,0,0,1,1,0,1,1,0,0,0,0,1:企画・お笑い・トーク
UCncsOsnMBAAaYb6WidBYIDw,0,0,0,1,1,0,1,1,0,0,1,0,1:企画・お笑い・トーク
UCnlsofcP_kv2Y5o_Upnyyfg,0,0,0,1,1,0,1,1,0,0,1,0,1:企画・お笑い・トーク
UCnmGsLQWX1T42oZI_SwsY6g,0,0,0,0,0,0,0,1,0,1,0,0,5:一般的
UCo3_7rH1eJJOc-Ri3ug2iYw,1,0,0,1,0,1,1,0,0,0,1,0,1:企画・お笑い・トーク
UCo4UeBFy1RyszH9F9uqBlnA,0,0,0,0,1,0,1,1,0,0,0,0,3:歌
UCo5Sde9nnLl6Ip_hTHqqvLg,0,0,0,1,1,0,1,0,0,0,0,0,1:企画・お笑い・トーク
UCoAAEbqKDnRKt3n9bJZzJ4Q,0,0,0,0,1,0,1,0,0,0,1,0,4:動画編集
UCoE2SdHT1Bk7oRXD4QHKWqQ,0,0,0,0,0,1,1,0,0,0,0,0,1:企画・お笑い・トーク
UCoGEcux6-Bl7_fnmDJ8IC3A,1,1,0,0,0,0,0,0,0,0,0,0,2:イラスト・2Dモデル
UCoHE2EF9Yyjd7aF01w-4nKA,0,0,0,0,0,0,1,0,0,0,0,0,5:一般的
UCoLUupNQVCZbe2-vkCdqCpw,0,0,0,0,0,0,1,0,0,0,0,0,5:一般的
UCoOi4XUDnTvoJ4IWoE1tOxA,0,0,0,1,0,0,1,1,0,0,0,0,5:一般的
UCoSrOp0v53DGSClkrHqfBmw,1,1,0,0,0,0,0,0,0,0,0,0,2:イラスト・2Dモデル
UCoUodSvI1T0F63NKS18xyeA,0,0,0,0,0,0,1,0,0,0,0,0,5:一般的
UCoXM0RnE0X59pVtunMHjBCw,1,0,0,1,1,0,0,1,0,0,0,0,1:企画・お笑い・トーク
UCoYIx7jcaC1NpSRpLfKfBlw,0,0,0,0,0,0,1,0,0,0,1,0,4:動画編集
UCobxhb4I3-uGpLxqwYaSAaw,0,0,0,0,0,0,1,1,1,1,0,0,5:一般的
UCoctiwrFzgFgJysKa_xXpRg,0,0,0,1,1,0,0,0,0,0,0,0,1:企画・お笑い・トーク
UCofinfDNUy7n4aHfO_p71sg,0,0,0,0,1,0,1,0,0,0,0,0,5:一般的
UCogmZFwxFG5pbLuDCvrWzJw,0,0,0,1,0,0,1,0,0,0,0,0,5:一般的
UCojpqyGQLeKg5i9gNn9otvg,0,0,1,0,1,0,0,0,0,0,0,0,2:イラスト・2Dモデル
UCp3tyf0FKDitVTuk5T03r9g,0,0,0,1,1,0,1,1,0,0,1,0,1:企画・お笑い・トーク
UCp4Q7A7A78KVq61VRPBJ_GQ,1,0,1,0,0,0,0,0,0,0,1,0,4:動画編集
UCpAmidP9mEl8MEFrz8-1bFw,0,0,0,0,0,0,1,0,0,0,0,0,5:一般的
UCpAxlk21vbmiFMi_iYHjQ1A,1,0,0,1,0,0,0,0,0,0,0,0,1:企画・お笑い・トーク
UCpF1sj1mNsFjO1uFSzbAuQg,0,0,0,0,1,0,1,0,0,0,1,0,4:動画編集
UCpH9qYa3hEjYtiuPOdt8XpQ,0,0,0,0,1,0,1,0,0,0,0,1,5:一般的
UCpM8r7OGvyeo_RUIAKExz6w,1,0,0,1,0,0,0,1,0,0,0,0,1:企画・お笑い・トーク
UCpQ042HLlA-py8v5SwlMizQ,0,0,0,0,1,0,0,1,1,0,0,0,5:一般的
UCpQkFjlL8e_Z0klcZevI1cQ,1,1,0,0,0,0,0,0,0,0,0,0,2:イラスト・2Dモデル
UCpUw6y1YJOIF8LKJDBD8FZQ,1,1,0,0,0,0,0,1,0,0,1,0,3:歌
UCpW2XVC5Rh3mhDWyUGYXsGw,0,0,0,0,1,0,1,0,0,0,0,0,5:一般的
UCpWRZ4mFeZ6PXc2zsaL_nIw,0,0,0,0,0,0,0,1,0,0,0,0,3:歌
UCp_SG-UqxEXM2BpjR09tOVQ,0,0,0,0,0,0,1,1,0,0,0,0,3:歌
UCpbBY67BoQyMHG5hPYB3fqQ,1,1,0,0,0,0,0,1,0,0,0,0,3:歌
UCpcouBeuby3l25eGDJZQ7Sw,0,0,0,1,1,0,0,0,0,0,0,0,1:企画・お笑い・トーク
UCpgH96sW2zjoyxvxzLACSPQ,1,0,0,1,0,1,1,0,0,0,0,0,1:企画・お笑い・トーク
UCpmd6wVceZ32y4erXMsDAzw,0,0,0,0,0,0,1,0,0,0,0,0,5:一般的
UCpqttPZc25qyMvoVwJr5g0w,0,0,0,0,1,0,1,0,0,0,0,0,5:一般的
UCpqzHLkCbbta9ZBtftVey8g,0,0,0,0,0,0,1,0,0,0,0,0,5:一般的
UCpyWey8v_027ghRI8uu_Ulw,0,0,0,0,1,0,1,1,0,0,0,0,3:歌
UCpzHDnMS67OUSppK_zfIVxg,0,0,0,1,1,1,1,0,0,0,1,0,1:企画・お笑い・トーク
UCq23dJoZHobdst-aLnSSAdg,0,0,0,1,0,0,0,0,0,0,0,0,5:一般的
UCq5Tibl3OdjGBhS74qtIQlg,0,0,0,0,1,0,1,1,0,0,0,0,3:歌
UCq61tmnsx_iXu-JHNqM-Tug,0,0,0,0,0,1,1,0,0,0,1,0,1:企画・お笑い・トーク
UCqAg6wiTYVRTM0yrl5br1Cg,1,1,1,0,0,0,0,0,0,0,0,0,2:イラスト・2Dモデル
UCqDkNaHGgLcoNEDj54iNqdw,1,0,0,0,0,0,1,0,0,0,0,0,2:イラスト・2Dモデル
UCqFAenJfKyEOL-3SSZ1wL3g,0,0,0,0,1,1,1,1,1,1,0,0,5:一般的
UCqMq7MTkHtPxV4SFS1c3avg,0,0,0,0,0,0,1,1,0,0,0,0,3:歌
UCqMr97bDnfo2UtgL-TtmP5w,0,0,0,0,0,0,0,1,1,0,0,0,5:一般的
UCqMtUZ2VHZS2lvi-fwh9icA,0,0,0,0,1,0,0,0,0,0,0,0,5:一般的
UCqVDInNe0qLzDn4dwEALT-g,0,0,0,0,0,0,0,1,1,1,0,0,5:一般的
UCq_kgLyB4tmHsmj1-AGpIUQ,0,0,0,0,1,0,1,0,0,0,0,0,5:一般的
UCqkk6nRRT_y2LS57k58t0dQ,0,0,0,1,0,1,1,0,0,0,0,1,1:企画・お笑い・トーク
UCqo5eaC6qaGeao7Afo2scOg,0,0,0,0,0,0,0,1,0,0,0,0,3:歌
UCqqqv2bR_PyBGfJ6GK5nyTA,0,0,0,0,0,0,1,0,0,0,0,0,5:一般的
UCquDhPIuujLA7-yK_hO2t8Q,0,0,0,1,1,0,1,0,0,0,0,0,1:企画・お笑い・トーク
UCqv34iKK5S0XArEpvS8-p8A,0,0,0,1,1,0,1,1,0,0,1,0,1:企画・お笑い・トーク
UCqvBLkOO8Q-_fSaT1Jty75g,0,0,0,0,0,0,1,1,0,0,1,0,4:動画編集
UCqvd6XtslWgRbonU-1WdrPw,0,0,0,0,1,0,1,1,0,0,0,0,3:歌
UCqvmWeYIQAVPtaSHhL5H7SQ,1,0,0,0,0,0,0,0,0,1,0,0,5:一般的
UCqxaZMLDl2WZ7XU3_-WQKOQ,0,0,0,0,0,0,0,1,0,0,0,1,5:一般的
UCqy8_JaLGwnCN3KOd_5U8PQ,0,0,0,1,1,0,0,0,0,0,0,0,1:企画・お笑い・トーク
UCqzzE23pqCdX8mQxwftqQrg,1,0,0,1,1,1,0,1,0,0,0,0,1:企画・お笑い・トーク
UCr0ZRgu6YqlWaJ8dVvGZtyQ,1,0,0,0,0,0,1,0,0,0,0,0,2:イラスト・2Dモデル
UCr27bsd0dgspdYOPelgxlrg,0,0,0,1,1,0,1,0,0,0,0,0,1:企画・お笑い・トーク
UCr9QqMJnfoGggw9k_aKbejQ,0,0,0,0,0,0,1,0,0,0,0,0,5:一般的
UCrARB-k76fZG4z5E_hpyMJA,1,0,0,1,1,1,1,1,0,0,1,0,1:企画・お笑い・トーク
UCrAsByHNIFObjr2sEaZHkCg,0,0,0,0,1,0,0,1,0,0,0,0,3:歌
UCrD0-xsZa1s0buLHYuzfBLQ,0,1,0,1,1,0,1,1,0,0,0,0,1:企画・お笑い・トーク
UCrDftrcu-_qNYFJ6Xj2vyFQ,0,0,0,1,1,1,0,0,0,0,0,0,1:企画・お笑い・トーク
UCrFvyHTVBF337-kbiV-IcJQ,0,0,0,1,0,0,0,0,0,0,0,0,5:一般的
UCrKD8cwv_Wrpx22SO-VeWAQ,1,1,0,0,1,0,1,0,0,0,1,0,5:一般的
UCrKyqJEnafvHujqcH12FJ1Q,1,0,0,0,1,0,1,1,0,0,0,0,1:企画・お笑い・トーク
UCrLWzd0tTY4cD6K3oYlD3lQ,0,0,0,0,1,0,0,1,0,0,0,0,3:歌
UCrNTO6K7H20O7oot2jeGdfA,1,0,0,0,0,0,0,0,0,0,0,0,2:イラスト・2Dモデル
UCrQnn213QtS65_bNM33-ikQ,0,0,0,0,1,0,0,0,0,0,0,0,5:一般的
UCrT2eERC1vXTmM6j8Q7PxNw,0,1,0,0,0,0,1,0,0,0,0,0,2:イラスト・2Dモデル
UCrTxTKtRTbiVqOLCVoCkV9Q,0,0,0,0,1,0,1,0,0,0,0,0,5:一般的
UCrXK4yjQJOqXNkUMX_XOw_Q,0,0,0,1,1,0,0,0,0,0,1,0,4:動画編集
UCrYaTOSrPT310CqnrYwL38A,0,0,0,1,0,0,0,0,1,0,0,0,5:一般的
UCra52dSKP-vIlQbKx7dh8nw,0,0,0,0,0,0,1,0,0,0,0,0,5:一般的
UCraZRMilTtfkJCOFiFz4axw,1,0,0,0,0,0,1,0,0,0,0,0,2:イラスト・2Dモデル
UCrb7blYaPvvrPE9hWHAc8lA,0,0,0,0,1,0,1,0,0,0,0,0,5:一般的
UCrdBHXDF5bre-aKRf_QcQ_A,0,0,0,0,1,0,0,0,0,0,1,0,4:動画編集
UCrni4MW_TL9kxvuw2q9AAYw,0,0,0,1,0,0,0,0,0,0,0,0,5:一般的
UCrogPOrHYVBY0dUHPU6OrFA,0,0,0,0,1,0,1,1,0,0,0,0,3:歌
UCrrXum2CuHcnKUG74ULJYPA,0,0,0,0,0,0,1,0,0,0,0,0,5:一般的
UCrskM0J-lEsbdnTiaUfohGA,0,0,0,0,0,0,1,0,0,0,0,0,5:一般的
UCrxTB5ds8IxyKsHWL6n6AlA,0,0,0,1,1,0,0,0,0,0,0,0,1:企画・お笑い・トーク
UCrxtv0Zc8uQNfsY0HsAGY8g,0,0,0,1,1,1,1,0,0,0,0,0,1:企画・お笑い・トーク
UCryGmcxRu8mLMHKeGNrhspA,0,1,0,1,1,1,0,1,0,0,0,0,1:企画・お笑い・トーク
UCs3v3MmPQL0xjD2QbyqFsEw,0,0,0,1,0,0,0,1,0,0,0,0,5:一般的
UCs86f6tbWatcKVt7emv9hfQ,0,0,0,1,0,0,1,0,0,0,0,0,5:一般的
UCs9JL1zGYoPRPri5LHiYsBA,1,1,1,1,1,0,1,1,0,0,1,0,1:企画・お笑い・トーク
UCsABPC_SPKUaf7BkZGs4wbQ,0,0,0,1,1,1,0,0,0,0,0,0,1:企画・お笑い・トーク
UCsJJMwBmHcUSgeaPThsUmKw,0,0,0,0,1,0,0,0,0,0,0,1,5:一般的
UCsKlOT5XodZjpw-5lbotUfg,0,0,1,0,0,0,0,0,0,0,0,0,2:イラスト・2Dモデル
UCsNwhkVM-Ym0fmPozt5o6HQ,0,0,0,0,1,0,1,0,0,0,0,0,5:一般的
UCsT0ObJr8dLwzuzTycFnlfQ,1,0,0,0,0,0,1,1,0,0,0,0,2:イラスト・2Dモデル
UCsUGTxM3VOrKKMgYijSebUg,1,0,0,0,0,0,1,0,0,0,0,0,2:イラスト・2Dモデル
UCs_-B77ovzBt1eqD-fJU2nw,1,0,0,0,0,0,0,0,0,0,0,0,2:イラスト・2Dモデル
UCsePDjnaskK3iZ84tfG2O8A,1,0,0,1,0,0,1,1,0,0,0,0,1:企画・お笑い・トーク
UCsg2pWGJveeTKAGVSww05tg,0,0,0,0,0,0,0,1,0,0,0,0,3:歌
UCshrf1-rSTP1tqcqKce23zw,1,0,0,1,1,1,1,1,0,0,1,0,1:企画・お笑い・トーク
UCsirysZB2oRnHvl5YSL37bQ,0,0,0,1,1,0,0,0,0,0,0,0,1:企画・お笑い・トーク
UCskMZniU8xs3dDdTlEEX32Q,1,1,1,0,0,0,0,0,0,0,0,0,2:イラスト・2Dモデル
UCsqOzXBX069HnYSgJ_HTxQw,0,0,0,0,1,0,1,0,0,0,0,0,5:一般的
UCsr06_2VZDYRansEL9eVKYw,0,1,0,0,1,0,1,1,0,0,0,0,1:企画・お笑い・トーク
UCsxZuoQO9HMKc4tazBAbIqg,0,0,0,0,0,0,0,0,1,0,0,1,5:一般的
UCsxaXSuUj3WVhZ-VKCR7FBA,0,0,0,1,0,0,0,0,0,0,0,0,5:一般的
UCt-t02m1QA89b9ZsV1VAgeQ,0,0,0,0,0,0,1,1,0,0,1,0,4:動画編集
UCt-tU8FjjQ9wf6NL_0rEQaQ,0,0,0,1,1,0,1,0,0,0,0,0,1:企画・お笑い・トーク
UCt3Z1KrLxKlS1MNhg3M0IFw,0,0,0,0,0,0,1,0,0,0,0,0,5:一般的
UCtApE7r35YYNSTEIt0cHW7A,0,0,0,0,0,0,1,0,0,0,0,0,5:一般的
UCtBfuuza3UAB4oLd-4gS4bw,1,0,0,0,0,0,1,1,0,0,0,0,2:イラスト・2Dモデル
UCtCRh3eTrbeK13IlhK0H1Vw,0,0,0,1,1,1,1,0,0,0,0,0,1:企画・お笑い・トーク
UCtDYh7r6Zgz1A8-6RYx3KBQ,0,0,0,0,1,0,0,0,0,0,0,0,5:一般的
UCtNrGqVAiJVmZvZaqF1mFtw,0,0,0,0,0,0,1,1,0,0,0,0,3:歌
UCtOXFtMxJl8dcrG8istOOww,0,0,0,0,0,0,0,1,0,0,0,1,5:一般的
UCtOqmT7urIyCKIVpcQ3NCng,0,0,0,1,0,0,0,0,0,0,1,0,4:動画編集
UCtP6oqueh1gFgk4BAwsTfnA,0,0,0,0,0,0,1,0,0,0,0,0,5:一般的
UCtQYWx3MKr8SDGyHe2e_6wA,0,0,0,0,0,0,1,0,0,0,0,0,5:一般的
UCtQlVp6V21m__qVexSHB79g,0,0,0,1,1,0,1,0,0,0,0,0,1:企画・お笑い・トーク
UCtUAKG_Zbe-fhAQAY2d02_w,0,0,0,0,0,0,1,0,0,0,0,0,5:一般的
UCtX2hL3vMaFL539br_0_hWw,0,1,0,0,0,0,0,0,0,0,0,0,2:イラスト・2Dモデル
UCtXr7GBaXJknLLDX3KfzcxQ,0,0,0,0,1,0,1,0,0,0,0,0,5:一般的
UCt_bXa2tlZvxKgp4nYoPs-w,0,0,0,1,1,0,0,1,0,0,0,0,1:企画・お笑い・トーク
UCtbK81dx8hyDs4YX80gK64A,0,1,0,0,0,0,1,0,0,0,0,0,2:イラスト・2Dモデル
UCteRv19ybEsO0Dch_0yHBcA,0,0,0,1,0,0,1,0,0,0,1,0,4:動画編集
UCtegeFdf4ELI-7mSkB5EJEw,0,0,0,1,0,0,0,0,0,0,0,0,5:一般的
UCtg9i4TxyddG5QV5CYZETiQ,0,0,0,0,0,0,1,0,0,0,0,0,5:一般的
UCtg_Ax-1Bh8XS75eFdnbflQ,0,0,0,0,0,0,1,0,0,0,0,0,5:一般的
UCtk6tfRyQZDt7ArbyyqGGkg,1,1,0,1,1,0,1,1,0,0,1,0,1:企画・お笑い・トーク
UCto-Js_wBR623myy5eL7low,0,0,1,1,1,1,1,1,0,0,0,0,1:企画・お笑い・トーク
UCtpWVIB4ZIVdEEM3VusKk_w,0,0,0,0,1,0,0,0,0,0,0,0,5:一般的
UCtpzg9pcXxJZ4pqfg5kIwtQ,0,0,0,0,0,0,0,1,0,1,0,0,5:一般的
UCttEVtWXs6v0-NxMc-vlQfg,0,0,0,1,1,0,1,1,0,0,0,0,1:企画・お笑い・トーク
UCtv7INNd4ozitB7jC-1X-NA,0,0,0,0,1,0,1,0,0,0,0,1,5:一般的
UCtwyDwW6HZg9py8-Cg0DFNA,0,0,0,0,1,1,0,0,0,0,0,0,1:企画・お笑い・トーク
UCu0aKD_tvYuhAQff9hCRnxg,1,1,0,0,0,0,1,0,0,0,0,0,2:イラスト・2Dモデル
UCu0mhy-70kx9QiEFHa78C0Q,0,0,0,1,1,0,0,0,0,0,0,0,1:企画・お笑い・トーク
UCu0p2JS8Z5x525qpN8Qj0QA,0,0,0,1,0,0,1,0,0,0,0,0,5:一般的
UCu12WcKK--k3lGVF22qBQLA,1,0,0,0,0,0,1,0,0,0,0,0,2:イラスト・2Dモデル
UCu1_73AvVJDc9wtnj6s5K-g,1,1,0,0,0,0,0,1,0,0,1,0,3:歌
UCu3aGBUMXeG9a3R4Btd4-hQ,0,0,0,0,0,0,1,0,0,0,0,0,5:一般的
UCu4eqsjdkS3_bTBU0auG-qA,1,1,0,1,1,0,0,1,0,0,0,0,1:企画・お笑い・トーク
UCu5yCEYvYDz020eKXzFCH9g,0,0,0,1,1,0,1,0,0,0,0,0,1:企画・お笑い・トーク
UCu6YTeC1kEUphI-jZ2iMsbA,1,1,0,1,1,0,0,1,0,0,1,0,1:企画・お笑い・トーク
UCu70p9bSJPzJA-l0IWjvCPw,0,0,0,0,0,0,1,0,0,0,0,0,5:一般的
UCu7AsixLY16zx2Kza5Dtkww,0,0,0,0,1,0,0,0,0,0,0,0,5:一般的
UCuB0IGaLenzLvRerikTcQoQ,0,0,0,0,1,0,1,1,0,1,0,0,5:一般的
UCuJp0qNfZKNiwwLyRirrCnw,0,0,1,0,1,0,1,1,0,0,0,1,5:一般的
UCuKry3-zOszGrXpYAhlgYWA,1,1,0,1,0,0,1,0,0,0,1,0,1:企画・お笑い・トーク
UCuMwjmdeeHN-LtiJVTjAS9Q,0,0,0,0,1,0,1,1,0,0,0,0,3:歌
UCuNMvR1CmZak5E0ogmaZH3g,0,1,0,1,0,0,1,1,1,0,0,1,1:企画・お笑い・トーク
UCuTvfXFqvk4jYDyVZAUos8g,0,0,0,0,0,0,1,0,0,0,0,0,5:一般的
UCuUDwtPwqcxkxFzEZEprA9w,0,0,0,0,0,0,0,1,0,0,0,0,3:歌
UCu_3887V1w_sw7o_ADZ3OLA,0,0,0,0,1,0,1,0,0,0,0,0,5:一般的
UCu_w7syvCITrHWwFWNkBjcg,0,0,0,1,0,0,0,0,0,0,0,0,5:一般的
UCud2oS1jvksj2ogcLWFCYbQ,1,0,0,0,0,0,0,0,0,0,0,0,2:イラスト・2Dモデル
UCue9zuUM9h2uQYOiMlKgEyQ,1,0,0,0,1,0,1,1,0,0,1,0,1:企画・お笑い・トーク
UCufZenVe3PMkC72usAdVwZQ,0,0,0,0,0,0,1,0,0,0,0,0,5:一般的
UCujFEHlt4hMWo4BNrp2xaCQ,0,0,0,0,0,0,1,1,0,0,1,0,4:動画編集
UCujWwLQcQNnATF1iHA6Bomg,1,1,0,0,0,0,0,0,0,0,0,0,2:イラスト・2Dモデル
UCukjX-eFqs0mZkfCG_klG5g,1,0,0,0,1,0,0,0,0,0,0,0,5:一般的
UCurghtB_YojMw3wvD2amL4Q,1,1,0,1,1,1,0,1,0,0,1,1,1:企画・お笑い・トーク
UCuuewGchWzRag5JFcFnShfQ,0,0,0,1,0,0,0,0,0,0,0,0,5:一般的
UCv4D6SmfvkN8TY6PTRhdbUA,1,0,0,0,0,0,0,0,0,0,0,0,2:イラスト・2Dモデル
UCv8djfekF-GsPNywhCOlKYQ,0,0,0,0,1,1,1,0,0,0,0,1,5:一般的
UCvJKZzKKeM5aDE5oQYV5lmw,1,1,0,0,1,0,1,1,0,0,0,0,1:企画・お笑い・トーク
UCvUWlu7YCjCZMnmXSTd4q-A,0,0,0,1,1,0,0,1,0,0,0,0,1:企画・お笑い・トーク
UCvVro9VlqgUY5xgGwwDCg9w,0,0,0,1,1,1,0,0,0,0,0,0,1:企画・お笑い・トーク
UCv_jGH9rRBSDanGgQ9XhWgg,0,1,0,0,0,0,0,0,0,0,0,0,2:イラスト・2Dモデル
UCvd4WMDbygUN73i8RTmkxDg,0,0,0,1,1,0,1,0,0,0,0,0,1:企画・お笑い・トーク
UCvdljMHCsy284JEz6hq572w,0,0,0,0,0,0,1,0,0,0,1,0,4:動画編集
UCvgSH7ZXVYkr2PcJQGmMUIw,1,0,0,0,0,0,1,1,0,0,0,0,2:イラスト・2Dモデル
UCvnfQsZGNW_9IvOPcdjOXTQ,0,0,0,0,0,0,0,1,0,0,0,0,3:歌
UCvoANwH_p3uGHlWO_zWUI7w,0,0,0,0,1,0,1,0,0,0,0,0,5:一般的
UCvt6Ii-z741f-i7ZyODvnog,0,0,0,1,1,0,1,0,0,0,1,0,4:動画編集
UCvw7nXdZTlVWIpdeAOipbhg,1,0,0,1,0,0,0,0,0,0,0,0,1:企画・お笑い・トーク
UCvx49rHn3BZof5hlwJqSs_w,0,0,0,1,0,0,0,0,0,0,1,0,4:動画編集
UCw-Y9E6edAA-w0t_rCThmGg,0,0,0,0,1,0,0,0,0,0,0,0,5:一般的
UCw1TcHPYZyCLs2QMYfpNh6Q,0,0,0,0,1,0,0,0,0,0,0,0,5:一般的
UCw2q6SjfKz2azkt8LPRSKUA,0,0,0,0,1,0,1,0,0,0,0,0,5:一般的
UCw8V1-vKkEWPzMaIJgMICpw,1,0,1,0,0,0,1,0,0,0,0,0,2:イラスト・2Dモデル
UCwF3WRDfUvfhMdisuv7OK4A,0,0,0,0,1,1,1,0,0,0,0,1,5:一般的
UCwHfJhmxx0GBBJNXWafFg6g,0,0,0,0,1,0,1,0,0,0,0,0,5:一般的
UCwIwkbulYB-ZwqYHINavzeA,0,0,0,0,0,0,1,0,0,0,0,0,5:一般的
UCwJHP0MXj9ICevE6P4BxNfg,0,1,0,0,1,0,1,0,0,0,0,0,5:一般的
UCwLEw2tR0_Q10vegPAsos9g,0,0,0,0,1,0,0,1,0,0,0,0,3:歌
UCwLLDVKxLPvybyxwZHCV3zA,0,1,0,0,0,0,0,1,0,0,0,0,3:歌
UCwbS_qOBSPLRDTZeYfoDb4w,0,0,0,0,0,0,1,1,0,0,0,0,3:歌
UCwbxBO9eML73Vw6gdU3fIGQ,0,0,0,1,1,0,0,1,0,1,1,0,4:動画編集
UCweMX-efBxmxhWzMGuVIdeg,0,0,0,0,0,0,0,1,0,0,0,0,3:歌
UCwfjLcijVIEbRtpLwE3faFg,0,0,0,0,0,0,0,1,0,0,0,0,3:歌
UCwjyAQLlue0F7W69awH4N-A,0,0,0,0,0,0,0,1,0,0,0,0,3:歌
UCwmC3dfjo0n-EhFAm0fSBAA,0,0,0,0,0,0,1,0,0,0,1,0,4:動画編集
UCwod2QcjaLFpoElTgl6OMAA,0,0,0,0,1,0,1,0,0,0,0,0,5:一般的
UCwt0Dg0h-jxBLW2J0pd57LA,0,1,0,0,1,0,0,0,0,0,0,0,5:一般的
UCwvvdMAL_IQVkeJcmNACwGw,0,0,0,0,1,0,0,0,0,0,0,0,5:一般的
UCwx6UL368Zb8ruqo8aeZexA,0,0,0,1,0,0,0,0,0,0,0,0,5:一般的
UCwzBvImbaFEzTyd0Ne0sw1A,0,0,0,0,0,0,1,0,0,0,0,0,5:一般的
UCx-SnFvoy-MPZ8Ea-jaK1sA,0,0,0,0,1,1,1,0,0,0,0,0,1:企画・お笑い・トーク
UCx0Zs-parY6GIkAFycGc4Dw,0,0,0,0,1,0,0,1,0,0,0,0,3:歌
UCx8acom1r3inGpBj_rLxPpg,0,0,0,0,0,0,1,0,0,1,0,0,5:一般的
UCx9h36r0txOnUFG6Q3GG6gg,0,0,0,1,1,0,0,0,0,0,0,0,1:企画・お笑い・トーク
UCxIO_YiE9KaZq6qbqoIucHQ,1,1,0,0,0,0,0,0,0,0,1,0,2:イラスト・2Dモデル
UCxJVJeDiAA7cJEKw5GryRCw,0,0,0,0,1,0,1,0,0,0,0,0,5:一般的
UCxMckCEmlshBDxUM68XYI9A,1,1,0,0,0,0,0,0,0,0,0,0,2:イラスト・2Dモデル
UCxNVqR63eYs5FJwu9NRPWHA,1,0,0,1,1,0,0,0,0,0,0,0,1:企画・お笑い・トーク
UCxNrqbqAzwxcMpguAgjyhlQ,0,0,0,0,1,0,1,0,0,0,0,0,5:一般的
UCxVklbHLPsZOmzzQIcwOcfQ,0,1,0,1,0,0,0,0,0,0,0,0,1:企画・お笑い・トーク
UCxavYpm91UOgngdMCGQt0Xg,0,0,0,0,0,0,0,1,0,0,0,0,3:歌
UCxbEI5hGWOtptD75WQG5Y7g,0,0,0,0,0,0,1,0,0,0,0,0,5:一般的
UCxehO0xLz35_dTBR_4guq-Q,1,0,0,0,0,0,1,0,0,0,0,0,2:イラスト・2Dモデル
UCxfRuUTS3jZuYaJ0M7bfHxQ,0,0,0,0,0,0,0,1,0,0,0,0,3:歌
UCxl8V-WZhFvaSKvw_oLeHRw,1,1,0,0,0,0,0,0,0,0,0,0,2:イラスト・2Dモデル
UCxvlgkpP5z98LsRudHN_Ucg,1,0,0,0,0,0,1,0,0,0,0,0,2:イラスト・2Dモデル
UCxwD89K8EDEEE4A75CF261A,0,0,0,1,1,0,1,0,0,0,1,0,4:動画編集
UCy0N162ftrJ2F5H1IyYnA6A,0,0,0,0,1,1,0,0,0,0,0,0,1:企画・お笑い・トーク
UCy1k7Y-nYgB6yLNDLJoykYw,0,0,0,0,0,1,1,0,0,0,0,0,1:企画・お笑い・トーク
UCy2cgdPFZZk6gUi29EExFBQ,1,0,0,0,0,0,1,0,0,0,0,0,2:イラスト・2Dモデル
UCy3bzGZVEkTrESsbcM4i69g,0,0,0,1,1,0,1,0,0,0,0,0,1:企画・お笑い・トーク
UCy90B0ItX2LNKnCmjFh1mVQ,0,0,0,1,1,0,1,1,0,0,0,0,1:企画・お笑い・トーク
UCyQAhSzgAgJrSltmmqWKfMw,0,0,0,0,1,0,0,0,0,0,0,0,5:一般的
UCyS4v76WqVn_Kr8QmRMczsQ,0,0,0,0,0,0,1,1,0,0,0,0,3:歌
UCyT7aSDSks6vR9a0h9TaVFg,1,1,0,0,0,0,0,0,0,0,0,0,2:イラスト・2Dモデル
UCyV6eypRezBvS7EzpCtqaJA,0,0,0,0,0,0,1,0,0,0,0,0,5:一般的
UCyXaw7icSa2A9I6KvV2FiDg,0,0,0,0,1,0,1,1,0,0,0,0,3:歌
UCyYX1zinaP_J8TZcSe3ruew,0,0,0,0,0,0,1,0,0,0,0,0,5:一般的
UCyYsuYmMG169I14hmnBc0bA,1,0,0,0,0,0,0,0,0,0,0,0,2:イラスト・2Dモデル
UCyb8GTIJu9MuljeU6vs1aeA,1,0,1,0,1,0,1,0,0,0,0,0,2:イラスト・2Dモデル
UCycmZZio75Gsa2J5BPNeyMw,0,0,1,1,1,1,1,0,0,0,0,0,1:企画・お笑い・トーク
UCyextUdR8HFyx0NW_Thn0Bg,0,0,1,0,0,1,0,0,0,0,0,0,2:イラスト・2Dモデル
UCyf3UaRnr1LCIYl9y4zeELQ,0,0,0,0,1,0,1,0,0,0,0,0,5:一般的
UCyopqN_GraPxU1rWlt_Axyw,0,0,0,0,1,1,1,0,0,0,0,0,1:企画・お笑い・トーク
UCysYqEaJC9rP_XWpzadqXQQ,0,0,0,0,1,1,0,0,0,0,0,0,1:企画・お笑い・トーク
UCyzGm7Emtxi06eCpu8Qm-BA,0,0,0,0,1,0,1,0,0,0,0,0,5:一般的
UCyzXrgzw_RX8YHKKP6FB6NA,1,1,0,0,0,0,1,0,0,0,0,0,2:イラスト・2Dモデル
UCz1MWTK8oebif5Sb5nS-Zqg,0,0,0,0,0,0,1,0,0,0,0,0,5:一般的
UCz1RAeb7dVaUcd-4rEgyxPw,0,0,0,0,0,0,0,1,0,1,0,0,5:一般的
UCz70D9LZgRupQsaTuS_T99w,0,0,0,0,1,0,1,0,0,0,1,0,4:動画編集
UCz7Cw_nVe4mrwl9-u486Rxg,0,0,0,1,0,0,0,0,0,0,0,0,5:一般的
UCzAC5szml-g7qduV69glqQw,1,0,0,0,0,0,0,1,0,0,0,0,3:歌
UCzF7F9dTr2BfJ92x1hG3nYQ,0,0,0,0,1,0,1,0,0,0,0,0,5:一般的
UCzIl72OwzvDg80MFiDwIWeA,1,0,0,0,1,0,1,1,0,0,0,0,1:企画・お笑い・トーク
UCzLZXm8ydCqmu-ZDc9BzRzA,0,0,0,1,1,1,0,0,0,0,0,0,1:企画・お笑い・トーク
UCzTLfU1Qgl790ICfGyFEk0Q,0,0,0,0,0,0,0,1,0,0,0,0,3:歌
UCzUm3dlIC8Mkrn7qOYnjKAQ,0,0,0,0,0,0,1,1,0,0,0,0,3:歌
UCzUuGBHfH5RmBPJkDkB69Lw,1,0,0,0,1,0,1,0,0,0,1,0,1:企画・お笑い・トーク
UCzWB36FbRpeXLVmpizMRU2A,0,0,0,0,0,0,1,0,0,0,0,0,5:一般的
UCz_ouR71sswPGpl4Fiv31mA,0,0,0,1,0,1,0,0,0,0,0,0,1:企画・お笑い・トーク
UCzaA_5Id4_UG6pziHLKWHXA,0,0,0,0,1,1,1,1,0,0,0,0,1:企画・お笑い・トーク
UCzaiKvc-tvgUShpKRfAcv-w,0,0,0,0,1,0,1,0,0,0,0,0,5:一般的
UCzaqkqp-3Mwpg_HHE8BQ1BQ,0,0,0,1,1,1,1,1,0,0,1,0,1:企画・お笑い・トーク
UCzmgkiEtmxPOMKlqP-ThdTA,1,0,0,0,0,0,0,0,0,0,0,0,2:イラスト・2Dモデル
UCzn6BG4X-lzW9PQqoGHRGlw,0,0,0,1,0,0,0,0,0,0,0,0,5:一般的
UCzoYdtq1U0GNwqPmEbVneFg,0,0,0,0,1,0,1,0,0,0,0,0,5:一般的
UCzsWcoXGdP9f1uw8SIUQftA,0,0,0,0,1,0,1,0,0,0,0,0,5:一般的
UCzs_-QiOIk7QIiH6UU22tbQ,1,0,0,1,1,0,1,0,0,0,1,0,1:企画・お笑い・トーク
UCzyMTeMEEJS-VzFIeyHjXCg,1,0,0,0,0,0,0,0,0,0,0,0,2:イラスト・2Dモデル
UCzymiMePt_3lCkXCZrkip5A,1,1,0,0,1,0,0,0,0,0,0,0,5:一般的
