channelId,publishedAt,video_type,title,duration,viewCount,likeCount,favoriteCount,commentCount
UCQtcdZ7eN5Ek9wraCtCVzGQ,2024-04-07T14:56:22Z,live,'【 🐺☀️ #大神 】⚠️ﾈﾀﾊﾞﾚ有（4）桜🌸咲かせ散歩 ～ 花香る浜辺に【 明霧れい ／ #VTuber 】',PT2H48M10S,12,6,0,0
UCQtcdZ7eN5Ek9wraCtCVzGQ,2024-04-27T16:53:17Z,live,'【🦖❄ #MHWIB 】（11） 久々の配信モンハン！なんか強いの狩るみたい？【 明霧れい ／ #VTuber 】',PT3H42M8S,40,5,0,0
UCQtcdZ7eN5Ek9wraCtCVzGQ,2024-04-29T03:08:40Z,live,'【 🏫👻 #迷宮校舎 】コラボ　学校を抜け出して【 明霧れい ／ #VTuber 】',PT1H42M40S,17,4,0,0
UCQtcdZ7eN5Ek9wraCtCVzGQ,2024-04-09T14:21:07Z,live,'【 #KeepTalkingAndNobodyExplodes 】コラボ　春は爆弾解除 やうやう減りゆくタイマー【 #VTuber 】',PT2H14M25S,17,7,0,0
UCQtcdZ7eN5Ek9wraCtCVzGQ,2024-04-21T15:36:34Z,live,'【 🐺☀️ #大神 】⚠️ﾈﾀﾊﾞﾚ有（6）桜🌸咲かせ散歩 ～ 北の大地に春をお届け【 明霧れい ／ #VTuber 】',PT3H21M26S,10,2,0,0
UCQtcdZ7eN5Ek9wraCtCVzGQ,2024-04-12T17:46:28Z,live,'【 #雀魂 参加型 】雀一色🔰【 明霧れい ／ #VTuber 】',PT2H19M3S,48,11,0,0
UCQtcdZ7eN5Ek9wraCtCVzGQ,2024-04-14T16:04:32Z,live,'【 🐺☀️ #大神 】⚠️ﾈﾀﾊﾞﾚ有（5）桜🌸咲かせ散歩 ～ 大海原を駆ける【 明霧れい ／ #VTuber 】',PT3H52M,18,4,0,0
UCQtcdZ7eN5Ek9wraCtCVzGQ,2024-03-31T15:01:25Z,live,'【 🐺☀️ #大神 】⚠️ﾈﾀﾊﾞﾚ有（3）桜🌸咲かせ散歩 ～ 爽風を送風【 明霧れい ／ #VTuber 】',PT2H49M52S,17,6,0,0
UCQtcdZ7eN5Ek9wraCtCVzGQ,2024-04-06T15:11:49Z,live,'【  #飲酒雑談配信 】コラボ　怒ってます【 明霧れい ／ #VTuber 】',PT3H2S,78,5,0,0
UC4drTm13k1Keo3Y04tgk6pw,2024-04-07T11:00:08Z,movie,'【存在しないにじさんじのゲームBGM】チュートリアルをしてくれるヒスピ【北小路ヒスイ】',PT1M26S,1024,58,0,1
UC4drTm13k1Keo3Y04tgk6pw,2024-04-10T13:52:55Z,movie,'【空耳】めっちゃ呼ばれた【新人Vtuber】 #shots #vtuber #雨音水月＃空耳',PT8S,232,11,0,3
UC4drTm13k1Keo3Y04tgk6pw,2024-04-15T01:44:11Z,live,'【100人突破おめでとう配信】やってなかったからやるぞ！【新人Vtuber】',PT1H16M49S,47,4,0,5
UC4drTm13k1Keo3Y04tgk6pw,2024-04-02T02:56:51Z,live,'【にじさんじ作曲配信】いやだ！剣持刀子は実在するんだ！！【ただの顎リス】',PT51M53S,471,18,0,1
UC4drTm13k1Keo3Y04tgk6pw,2024-04-25T11:00:01Z,movie,'【簡易無量空処】生首に色々つけて遊ぶ雨音水月【切り抜き／新人Vtuber】',PT1M,38,2,0,2
UC4drTm13k1Keo3Y04tgk6pw,2024-04-21T08:00:20Z,movie,'【存在しないホロライブのゲームBGM】姫森ルーナのテーマ【姫森ルーナ】',PT1M35S,879,35,0,2
UC4drTm13k1Keo3Y04tgk6pw,2024-04-13T23:36:43Z,live,'【にじホロ作曲配信】ガチャで出た人気VtuberのBGMを作ってく　2回目【にじさんじ／ホロライブ】',PT25M26S,53,2,0,0
UC4drTm13k1Keo3Y04tgk6pw,2024-04-29T01:43:45Z,live,'【1000人突破おめでとう配信】収益化しました！！！（）【作曲系Vtuber】',PT1H49M9S,46,9,0,0
UC4drTm13k1Keo3Y04tgk6pw,2024-04-13T14:14:24Z,live,'【にじホロ作曲配信】ガチャで出た人気VtuberのBGMを作ってく　2回目【にじさんじ／ホロライブ】',PT2H28M8S,42,3,0,0
UC4drTm13k1Keo3Y04tgk6pw,2024-04-21T02:39:32Z,live,'【存在しないゲームの作曲配信】第二章の曲をちょっと作る予定【新人Vtuber】',PT1H18M49S,50,1,0,0
UC4drTm13k1Keo3Y04tgk6pw,2024-04-21T13:53:14Z,live,'【500人突破おめでとう配信】みんなありがとう（）【新人Vtuber】',PT2H40M28S,38,5,0,0
UC4drTm13k1Keo3Y04tgk6pw,2024-04-28T09:00:37Z,movie,'【存在しないにじさんじのゲームBGM】課金アイテムを売ってくれる魁星【魁星】',PT1M51S,99,6,0,2
UC4drTm13k1Keo3Y04tgk6pw,2024-04-02T12:17:08Z,movie,'【存在しない記憶】告白する剣持刀子のBGM【ファンBGM／剣持刀也】',PT38S,709,62,0,4
UC4drTm13k1Keo3Y04tgk6pw,2024-04-27T09:00:07Z,movie,'【存在しないゲームの城下町のBGM】16.チェンバロの街【REIN】',PT2M57S,560,36,0,6
UC4drTm13k1Keo3Y04tgk6pw,2024-04-14T11:00:47Z,movie,'【存在しないホロライブのゲームBGM】この世界が何なのか説明してくれる儒烏風亭らでん【儒烏風亭らでん】',PT1M34S,472,19,0,2
UC4drTm13k1Keo3Y04tgk6pw,2024-04-02T12:30:22Z,movie,'【存在しない記憶】来年はきっとあなたの隣にいれるから【ファンBGM/剣持刀也】#vtuber #剣持刀也 #にじさんじ',PT38S,60,6,0,0
UC4drTm13k1Keo3Y04tgk6pw,2024-04-21T01:34:08Z,live,'【にじホロ作曲配信】ガチャで出た人気VtuberのBGMを作ってく　３回目【にじさんじ／ホロライブ】',PT1H45M50S,78,3,0,0
UC4drTm13k1Keo3Y04tgk6pw,2024-04-27T13:33:40Z,live,'【にじホロ作曲配信】ガチャで出た人気VtuberのBGMを作ってく！4回目【にじさんじ／ホロライブ】',PT2H23M57S,67,4,0,0
UC4drTm13k1Keo3Y04tgk6pw,2024-04-07T01:02:19Z,live,'【にじホロ作曲配信】ガチャで出た人気VtuberのBGMを作ってく【にじさんじ／ホロライブ】',PT1H49M20S,86,2,0,0
UCx8Uvt6c5fZcDGiOlr8_rCw,2024-04-21T23:39:36Z,live,'【#APEX】くそ雑魚から成長するための練習 part２【#新人vtuber】',PT43M22S,270,18,0,1
UCx8Uvt6c5fZcDGiOlr8_rCw,2024-04-12T10:15:02Z,movie,'コラボ相手にとんでもない質問をするVtuberがこちら！【Hospital666】【#新人vtuber #柑月ゆの】',PT44S,1060,64,0,9
UCx8Uvt6c5fZcDGiOlr8_rCw,2024-04-13T11:00:29Z,movie,'【かしこい】リケジョの私が漢字でGO！で奇跡を起こしました！【#新人vtuber #柑月ゆの】',PT51S,1402,88,0,9
UCx8Uvt6c5fZcDGiOlr8_rCw,2024-04-06T23:37:44Z,live,'【＃アニソン】本気の歌枠※二次会もあるよ！【＃昭和歌謡】',PT1H22M10S,646,36,0,3
UCx8Uvt6c5fZcDGiOlr8_rCw,2024-04-21T02:24:52Z,live,'【#APEX】くそ雑魚から成長するための練習 part1【#新人vtuber】',PT1H4M17S,368,26,0,3
UCx8Uvt6c5fZcDGiOlr8_rCw,2024-04-21T10:02:46Z,live,'【#新人vtuber 】今日も仕事頑張ったし可愛い女の子に日頃の疲れを癒してもらおう【#バニーガーデン】',PT3H50M,813,37,0,2
UCx8Uvt6c5fZcDGiOlr8_rCw,2024-04-04T14:43:27Z,live,'【ホラゲ】Vtuber始めたら自宅を特定されました【＃パラソーシャル】',PT2H5M21S,560,41,0,1
UCx8Uvt6c5fZcDGiOlr8_rCw,2024-04-11T12:15:02Z,movie,'【ウーマンコミュニケーション】会話の中から異変を探すゲームで私の才能が開花しました！【#新人vtuber #柑月ゆの】',PT1M1S,973,81,0,12
UCx8Uvt6c5fZcDGiOlr8_rCw,2024-04-28T05:22:58Z,live,'【#歌枠】深夜にこそりと練習【#新人vtuber 】',PT1H23M23S,455,31,0,4
UCx8Uvt6c5fZcDGiOlr8_rCw,2024-04-14T10:15:00Z,movie,'新人VTuberの理想と現実！【#新人vtuber #柑月ゆの】',PT55S,1454,113,0,12
UCx8Uvt6c5fZcDGiOlr8_rCw,2024-04-14T11:34:16Z,live,'【＃雑談】名前入り！？コアラのマーチ食べながら語る【＃朝活】',PT1H2M47S,294,29,0,3
UCx8Uvt6c5fZcDGiOlr8_rCw,2024-04-27T15:20:48Z,live,'【#BUNNYGARDEN】絶対に見てはいけないPNT part3【#新人vtuber 】',PT2H42M55S,346,25,0,1
UCx8Uvt6c5fZcDGiOlr8_rCw,2024-04-25T11:00:10Z,live,'【#BUNNYGARDEN】次こそ君を振り向かすpart2【#新人vtuber 】',PT3H21M40S,407,25,0,1
UCx8Uvt6c5fZcDGiOlr8_rCw,2024-04-25T11:37:19Z,live,'【#朝活】土佐弁で返すましゅまろ【#縦型】',PT1H7M24S,550,22,0,3
UCx8Uvt6c5fZcDGiOlr8_rCw,2024-04-08T03:50:49Z,live,'【＃ウーマンコミュニケーション】知識の解放【＃神ゲー】',PT1H55M22S,992,55,0,2
UCx8Uvt6c5fZcDGiOlr8_rCw,2024-04-12T13:50:46Z,live,'【#buckshotroulette】 過去最高数！？負けたら即テキーラショットぶちこむ【雑談＆ゲーム】',PT2H40M11S,728,44,0,2
UCx8Uvt6c5fZcDGiOlr8_rCw,2024-04-01T14:46:27Z,live,'【#POPPYPLAYTiME】かわいいやんｗ余裕だわＷＷＷ【このホラゲフラグ未回収くるか？】',PT2H7M30S,873,45,0,2
UCx8Uvt6c5fZcDGiOlr8_rCw,2024-04-16T23:43:42Z,live,'【#歌枠】元地下アイドルの路上ライブ【#新人Vtuber　#縦型配信】',PT1H1M25S,846,35,0,1
UCx8Uvt6c5fZcDGiOlr8_rCw,2024-04-10T12:15:08Z,movie,'【新幹線0号】この異変はなんですかww【#新人vtuber #柑月ゆの】',PT48S,927,68,0,2
UCx8Uvt6c5fZcDGiOlr8_rCw,2024-04-15T03:09:59Z,live,'【#ホラゲ】再来！？叫んだら即死のトラウマゲームやります【#silentbreath 】',PT1H20M19S,377,27,0,1
UCx8Uvt6c5fZcDGiOlr8_rCw,2024-04-03T02:41:50Z,live,'【＃雑談】もぐもぐランダムマシュマロ雑談【＃マシュマロ】',PT1H25M49S,483,30,0,1
UCx8Uvt6c5fZcDGiOlr8_rCw,2024-04-15T11:13:11Z,live,'【＃雑談】ゆのは休みだけどみんなにいってらっしゃいでもするか【＃朝活】',PT57M25S,348,34,0,2
UCDMifKvJ8SgNTkfHenpc3Wg,2024-04-23T12:40:46Z,short,'【妖艶すぎ注意】シャンティ(cover)八雲れん #shorts #うたってみた #新人vtuber',PT15S,2841,138,0,14
UCDMifKvJ8SgNTkfHenpc3Wg,2024-04-07T11:00:25Z,movie,'【黒3Dio 脳イキASMR】敬語なドSな彼に許可をもらえるまで反応禁止される【女性向け】',PT3M46S,4087,120,0,10
UCDMifKvJ8SgNTkfHenpc3Wg,2024-04-17T15:21:03Z,short,'俺様系セリフ3選　#shorts #新人vtuber #イケボ',PT19S,1139,87,0,14
UCDMifKvJ8SgNTkfHenpc3Wg,2024-04-20T12:06:48Z,movie,'【大パニック】クリア寸前で大混乱になりつつも諦めない男#新人vtuber #新人vtuberを発掘せよ  #8番出口',PT57S,5981,128,0,8
UCDMifKvJ8SgNTkfHenpc3Wg,2024-04-19T10:06:30Z,short,'ドS×俺様 セリフ3選 #shorts #新人vtuber #新人vtuberを発掘せよ',PT23S,1148,102,0,9
UCDMifKvJ8SgNTkfHenpc3Wg,2024-04-21T10:50:11Z,movie,'【衝撃の攻略法！！】◯◯を見ないでクリアしようとした結果..！#新人vtuber  #8番出口  #新人vtuberを発掘せよ',PT47S,2289,79,0,10
UCDMifKvJ8SgNTkfHenpc3Wg,2024-04-22T11:00:43Z,movie,'【黒3DioASMR】クズで浮気性なドS配信者彼氏からは逃げられない【女性向け】',PT6M44S,1577,80,0,13
UCDMifKvJ8SgNTkfHenpc3Wg,2024-04-04T11:00:46Z,movie,'【黒3Dio ASMR】独占欲の強いドS後輩に好き好き洗脳される【女性向け】',PT3M32S,3163,111,0,10
UCDMifKvJ8SgNTkfHenpc3Wg,2024-04-14T12:52:41Z,movie,'【黒3Dio ASMR】帰ってきてすぐキス責めしてくる甘々彼氏【女性向け】',PT2M54S,2016,72,0,12
UCDMifKvJ8SgNTkfHenpc3Wg,2024-04-20T11:21:47Z,movie,'【黒3DioASMR】ドSで嘘つきな友達の彼に服従させられる【女性向け】',PT10M50S,3585,114,0,12
UCDMifKvJ8SgNTkfHenpc3Wg,2024-04-11T11:00:17Z,movie,'【黒3Dio ASMR】腹黒活動者とのイケナイ関係【女性向け】',PT3M55S,1895,58,0,8
UCDMifKvJ8SgNTkfHenpc3Wg,2024-04-26T12:15:29Z,movie,'【黒3Dio ASMR】料理をしている彼女を後ろから抱きしめて脱がせようとしてくる彼氏【女性向け】',PT9M12S,2029,79,0,12
UCDMifKvJ8SgNTkfHenpc3Wg,2024-04-06T11:18:06Z,movie,'【黒3Dio ASMR】ドS執事の本性を知って無理やりキスをされる【女性向け】',PT6M31S,2475,85,0,7
UCDMifKvJ8SgNTkfHenpc3Wg,2024-04-11T09:00:44Z,movie,'【放送事故】サイコパスな彼と焼肉を食べてたら気づいてはイケないことに気づく.. #新人VTuber #新人vtuberを発掘せよ #サイコパス',PT1M,1620,87,0,11
UCDMifKvJ8SgNTkfHenpc3Wg,2024-04-27T11:55:43Z,movie,'【黒3Dio脳イキASMR】敬語でドS脳イキ実験【女性向け】',PT6M24S,3286,129,0,10
UCDMifKvJ8SgNTkfHenpc3Wg,2024-04-28T11:00:36Z,movie,'【黒3Dio 脳イキASMR】執着系ドSな彼に拘束されてやめてと言っても強制反応させられる【女性向け】',PT8M12S,8024,195,0,10
UCDMifKvJ8SgNTkfHenpc3Wg,2024-04-10T09:00:28Z,movie,'【驚愕】新人VTuberが焼肉に行って○○で火力をあげてしまい.. #新人VTuber #焼肉  #新人vtuberを発掘せよ',PT54S,1379,89,0,11
UCDMifKvJ8SgNTkfHenpc3Wg,2024-04-27T12:18:10Z,short,'【脳イキASMR】敬語でドSな脳イキ実験#バイノーラル #shorts #カウントダウン',PT35S,851,,0,5
UCeil9itBhrT7b1J3EylPdyA,2024-04-06T21:09:23Z,live,'【作業雑談】無 言 寄 り 作 業 雑 談【#新人vtuber】',PT2H33M7S,40,6,0,0
UCeil9itBhrT7b1J3EylPdyA,2024-04-17T10:45:03Z,live,'【作業雑談】無 限 作 業 編 w/どなたかいます【#新人vtuber】',PT1H50M17S,39,3,0,0
UCeil9itBhrT7b1J3EylPdyA,2024-04-06T15:16:30Z,live,'【Content Warning】万バズの4人　w/秋月美紅・らいむぎ とろろ・あぼーん【#新人vtuber】',PT2H1M53S,23,2,0,0
UCeil9itBhrT7b1J3EylPdyA,2024-04-14T02:33:53Z,live,'【Minecraft】こるさば、始動【#新人vtuber】',PT1H40M43S,26,1,0,0
UCeil9itBhrT7b1J3EylPdyA,2024-04-09T16:09:58Z,live,'【Apex Legends】デ ュ オ 高 速 回 転 会　w/星空 恋 【#新人vtuber】',PT3H55M7S,37,3,0,0
UCeil9itBhrT7b1J3EylPdyA,2024-04-05T10:10:23Z,short,'動くだけのやつです #shorts',PT43S,47,5,0,6
UCeil9itBhrT7b1J3EylPdyA,2024-04-21T14:51:43Z,live,'【Golf It】阻害、妨害、大障害！ w/星空 恋・あぼーん・シャロ・天下御風【#新人vtuber】',PT2H40M43S,17,1,0,0
UCeil9itBhrT7b1J3EylPdyA,2024-04-04T16:13:18Z,live,'【Apex Legends】一旦キャリーですか　w/げんしお・シャロ 【#新人vtuber】',PT2H39M23S,27,2,0,0
UCeil9itBhrT7b1J3EylPdyA,2024-04-23T06:33:58Z,live,'【作業雑談】だいたい30分の雑談【#新人vtuber】',PT34M41S,16,0,0,0
UCeil9itBhrT7b1J3EylPdyA,2024-04-08T15:25:51Z,live,'【Among Us】KILLボタンを連打する配信　w/いお鯖メンバー【#新人vtuber】',PT2H15M57S,13,1,0,0
UCeil9itBhrT7b1J3EylPdyA,2024-04-26T14:24:21Z,live,'【God Field】全てをトップ解決する男　w/アモアスメンバー【#新人vtuber】',PT2H15M23S,27,4,0,0
UCeil9itBhrT7b1J3EylPdyA,2024-04-02T17:32:08Z,live,'【Apex Legends】召　喚　w/星空 恋 【#新人vtuber】',PT4H18M37S,46,4,0,0
UCeil9itBhrT7b1J3EylPdyA,2024-04-02T05:24:28Z,live,'【Apex Legends】招　聘　w/星空 恋 【#新人vtuber】',PT1H26M37S,27,3,0,0
UCeil9itBhrT7b1J3EylPdyA,2024-04-28T15:50:00Z,live,'【Among Us】仕事人 メルツェル　w/アモアス鯖メンバー【#新人vtuber】',PT3H38M19S,23,1,0,0
UCeil9itBhrT7b1J3EylPdyA,2024-04-23T01:09:42Z,live,'【Goonect】絆チェッカー メルツェル　w/星空 恋【#新人vtuber】',PT58M13S,10,2,0,0
UCeil9itBhrT7b1J3EylPdyA,2024-04-10T15:56:11Z,live,'【Apex Legends】ジャンマス、押し付けがち　w/星空 恋・あぼーん 【#新人vtuber】',PT3H38M57S,22,2,0,0
UCB7xErFMpLVkGw_Mm1a-nog,2024-04-26T14:21:48Z,live,'【歌枠・雑談】いっぱい歌うよー！【篝鬼灯】',PT2H9M54S,50,3,0,0
UCB7xErFMpLVkGw_Mm1a-nog,2024-04-19T14:09:08Z,live,'【雑談】ゆるっとお話しよ？【篝鬼灯】',PT2H1M27S,31,3,0,0
UCB7xErFMpLVkGw_Mm1a-nog,2024-04-13T12:00:08Z,movie,'【ハモリチャレンジ】丸の内サディスティック #vtuber歌ってみた #新人vtuber #ハモリチャレンジ',PT36S,143,7,0,2
UCB7xErFMpLVkGw_Mm1a-nog,2024-04-25T12:00:11Z,movie,'【切り抜き動画】かがほー切り抜き#2(第3回目配信 ゆるっとお話ししよ？ より)【篝 鬼灯】',PT3M7S,51,1,0,0
UCB7xErFMpLVkGw_Mm1a-nog,2024-04-21T12:00:15Z,movie,'かがほー切り抜き#1(第二回目配信 雑談ーブラックチャンネルを語るーより)【篝 鬼灯】',PT3M29S,78,3,0,0
UCB7xErFMpLVkGw_Mm1a-nog,2024-04-23T02:59:25Z,live,'【雑談】まったり雑談！【篝鬼灯】',PT1H36M54S,40,9,0,0
UCB7xErFMpLVkGw_Mm1a-nog,2024-04-30T12:00:31Z,movie,'【歌配信切り抜き】酔いどれ知らず【篝鬼灯】#新人vtuber #酔いどれ知らず',PT53S,57,3,0,0
UCB7xErFMpLVkGw_Mm1a-nog,2024-04-15T15:13:16Z,live,'【初配信】餌付け民募集中！【篝鬼灯】',PT3H3M34S,124,14,0,0
UCB7xErFMpLVkGw_Mm1a-nog,2024-04-30T01:06:23Z,live,'【雑談】雑談しよ？【篝鬼灯】',PT1H1M33S,43,4,0,0
UCB7xErFMpLVkGw_Mm1a-nog,2024-04-16T12:00:30Z,movie,'【ハモリチャレンジ】ブルーバード #vtuber歌ってみた #新人vtuber #ハモリチャレンジ#篝鬼灯#ねこなべミュージアム',PT44S,253,7,0,2
UCB7xErFMpLVkGw_Mm1a-nog,2024-04-28T12:00:06Z,movie,'【ハモリチャレンジ】夜に駆ける【篝 鬼灯】#ハモリチャレンジ  #新人vtuber #vtuber',PT40S,382,5,0,0
UCB7xErFMpLVkGw_Mm1a-nog,2024-04-06T12:00:17Z,movie,'【歌ってみた】魔法少女とチョコレゐト #vtuber #新人vtuber #歌ってみた#魔法少女とチョコレゐト',PT27S,74,4,0,4
UCB7xErFMpLVkGw_Mm1a-nog,2024-04-18T02:02:10Z,live,'雑談ーブラックチャンネルを語るー【篝鬼灯】',PT1H32M54S,84,7,0,0
UC6PJ5D0dI_FgTjuSwYwUK-g,2024-04-05T10:05:44Z,movie,'【替え歌】転生してないのに転生林檎で伝える自己紹介 #vtuber #転生林檎 #替え歌 #Vtuber準備中 #新人Vtuber #自己紹介 #個人勢vtuber  #チャンネル登録お願いします',PT16S,6282,132,0,12
UC6PJ5D0dI_FgTjuSwYwUK-g,2024-04-06T09:59:11Z,movie,'【替え歌】ハイスペ環境に転生したい貧乏学生…#Vtuber #Vtuber準備中 #新人Vtuber #個人勢Vtuber #替え歌 #転生林檎 #WindowsVista',PT16S,5282,85,0,3
UC6PJ5D0dI_FgTjuSwYwUK-g,2024-04-07T10:00:27Z,movie,'【替え歌】個人勢新人Vtuberの収録環境 #Vtuber #Vtuber準備中 #新人Vtuber #個人勢Vtuber #替え歌 #転生林檎 #WindowsVista #編集 #編集初心者',PT17S,740,13,0,4
UC6PJ5D0dI_FgTjuSwYwUK-g,2024-04-29T10:55:58Z,short,'【替え歌】神っぽいな #Vtuber #Vtuber準備中 #新人Vtuber #個人勢Vtuber #替え歌 #shorts #神っぽいな #しぐれうい #チャンネル登録お願いします #歌ってみた',PT30S,485,5,0,1
UC6PJ5D0dI_FgTjuSwYwUK-g,2024-04-20T10:00:38Z,short,'【猫好きは挑め!!】猫クイズLv3  #shorts #Vtuber #Vtuber準備中 #個人勢Vtuber #猫 #cat #クイズ #猫クイズ #雑学 #遺伝子 #さび猫 #豆知識 #超難問',PT36S,36,2,0,0
UC6PJ5D0dI_FgTjuSwYwUK-g,2024-04-03T10:04:06Z,movie,'【個人勢Vtuber準備中】WindowsVistaって知ってる？ガラパゴス諸島住み…これからどうなっちゃうの〜!? #vtuber #vtuber準備中 #個人勢vtuber #毎日投稿',PT26S,149,5,0,4
UC6PJ5D0dI_FgTjuSwYwUK-g,2024-04-15T10:02:27Z,movie,'ばあちゃんが教えてくれた絵描き歌 #Vtuber #Vtuber準備中 #新人Vtuber #個人勢Vtuber #蛇蝎 #絵描き歌 #えかきうた  #にわとり #お絵描き #イラスト #子供向け',PT42S,205,2,0,0
UC6PJ5D0dI_FgTjuSwYwUK-g,2024-04-11T10:11:49Z,movie,'【悲報】個人勢Vtuber100人描いて悲しかった事#Vtuber #Vtuber準備中 #新人Vtuber #個人勢Vtuber #蛇蝎 #悲しかった事 #推し活',PT1M,451,11,0,0
UC6PJ5D0dI_FgTjuSwYwUK-g,2024-04-30T10:34:59Z,short,'1ヶ月間short動画の毎日投稿やった結果…#Vtuber #Vtuber準備中 #新人Vtuber #個人勢Vtuber #蛇蝎 #毎日投稿 #shorts #効果 #バズりたい #バズれ #伸びろ',PT48S,82,2,0,1
UC6PJ5D0dI_FgTjuSwYwUK-g,2024-04-26T09:58:51Z,short,'【猫編】Vtuber準備中、蛇蝎の雑学#Vtuber #Vtuber準備中 #新人Vtuber #個人勢Vtuber #蛇蝎 #セルフ解説 #shorts #猫 #猫のいる暮らし #夢 #猫好き',PT29S,28,2,0,0
UC6PJ5D0dI_FgTjuSwYwUK-g,2024-04-04T10:03:09Z,movie,'【実写注意の個人勢Vtuber準備中】#幽遊白書 と #セーラー服が好きなオタクはウチの #猫が可愛すぎて毎日ハッピー #vtuber #vtuber準備中 #個人勢vtuber #自己紹介 #実写',PT45S,279,4,0,0
UC6PJ5D0dI_FgTjuSwYwUK-g,2024-04-22T10:00:40Z,short,'【学校編】Vtuber準備中、蛇蝎の雑学#Vtuber #Vtuber準備中 #新人Vtuber #個人勢Vtuber #蛇蝎 #セルフ解説  #雑学 #shorts #自己紹介 #セルフ雑学 #学校',PT36S,103,1,0,0
UC6PJ5D0dI_FgTjuSwYwUK-g,2024-04-25T09:57:30Z,short,'【オタク編】Vtuber準備中、蛇蝎の雑学#Vtuber #Vtuber準備中 #新人Vtuber #個人勢Vtuber #蛇蝎 #セルフ解説  #雑学 #shorts #自己紹介 #オタク #オタ活',PT31S,54,2,0,0
UC6PJ5D0dI_FgTjuSwYwUK-g,2024-04-19T10:00:12Z,short,'【猫好きは挑め!!】猫クイズLv2 #Vtuber #Vtuber準備中 #個人勢Vtuber #猫 #cat #クイズ #猫クイズ #雑学 #遺伝子 #shorts #茶トラ #茶トラ猫',PT39S,61,2,0,0
UC6PJ5D0dI_FgTjuSwYwUK-g,2024-04-01T10:06:20Z,movie,'【速報:謝罪文】本日投稿したショート動画について謝罪会見【炎上しないで】 #vtuber #Vtuber準備中 #新人Vtuber #エイプリルフール #謝罪 #ネタ動画',PT42S,73,4,0,0
UC6PJ5D0dI_FgTjuSwYwUK-g,2024-04-18T10:10:35Z,short,'【猫好きは挑め!!】猫クイズLv1 #Vtuber #Vtuber準備中 #個人勢Vtuber #猫 #cat #クイズ #猫クイズ #雑学 #遺伝子 #クラインフェルター症候群 #shorts',PT39S,53,1,0,0
UC6PJ5D0dI_FgTjuSwYwUK-g,2024-04-10T10:06:16Z,movie,'【吉報】個人勢Vtuber100人描いて嬉しかった事 #Vtuber #Vtuber準備中 #新人Vtuber #個人勢Vtuber #蛇蝎 #嬉しかった事 #推し活',PT47S,451,2,0,0
UC6PJ5D0dI_FgTjuSwYwUK-g,2024-04-21T10:00:17Z,short,'【#あるある  】小学生の時に描く漫画あるある #Vtuber #Vtuber準備中 #新人Vtuber #個人勢Vtuber #蛇蝎 #shorts #小学生 #少女漫画 #小学生女子 #黒歴史',PT46S,427,10,0,0
UC6PJ5D0dI_FgTjuSwYwUK-g,2024-04-09T10:01:49Z,movie,'【1分間だけ時間下さい】個人勢Vtuber100人描いてみた#Vtuber #Vtuber準備中 #新人Vtuber #個人勢Vtuber #描いてみた #イラスト成長記録 #イラスト #バズれ',PT57S,166,13,0,5
UC6PJ5D0dI_FgTjuSwYwUK-g,2024-04-24T10:00:06Z,short,'【クリスマス編】Vtuber準備中、蛇蝎の雑学#Vtuber #Vtuber準備中 #新人Vtuber #個人勢Vtuber #蛇蝎 #セルフ解説  #雑学 #shorts #自己紹介 #クリスマス',PT32S,42,0,0,0
UC6PJ5D0dI_FgTjuSwYwUK-g,2024-04-12T09:58:13Z,movie,'【衝撃のラスト】個人勢Vtuber100人描いて大変だった事 #Vtuber #Vtuber準備中 #新人Vtuber #個人勢Vtuber #蛇蝎 #衝撃のラスト',PT1M,445,6,0,0
UC6PJ5D0dI_FgTjuSwYwUK-g,2024-04-27T10:00:21Z,short,'ふーん、ビックじゃん。巨大娘は好きだよ。#Vtuber #Vtuber準備中 #新人Vtuber #個人勢Vtuber #蛇蝎  #毎日投稿 #shorts #特殊性癖 #流行りの曲 #巨大娘',PT9S,31,0,0,3
UC6PJ5D0dI_FgTjuSwYwUK-g,2024-03-31T15:10:53Z,movie,'【個人勢の新人Vtuberが準備中のまさかのにじさんじデビュー!?】#Vtuber #Vtuber準備中 #新人Vtuber #エイプリルフール #エイプリルフール2024 #ネタ #2024',PT42S,596,4,0,0
UC6PJ5D0dI_FgTjuSwYwUK-g,2024-04-13T09:59:30Z,movie,'いいねで胸が大きくなるバニー姿のアンジュさん描いてみた#Vtuber #Vtuber準備中 #描いてみた #イラスト #イラストメイキング #にじさんじ #アンジュカトリーナ #絵ンジュ',PT46S,549,27,0,2
UC6PJ5D0dI_FgTjuSwYwUK-g,2024-04-14T09:59:52Z,movie,'毎日投稿って結構キツいね…!!まだまだ頑張るゾい!!#Vtuber #Vtuber準備中 #新人Vtuber #個人勢Vtuber #蛇蝎 #替え歌 #転生林檎 #毎日投稿',PT17S,456,10,0,2
UC6PJ5D0dI_FgTjuSwYwUK-g,2024-04-23T10:03:49Z,short,'【ぼっち編】Vtuber準備中、蛇蝎の雑学#Vtuber #Vtuber準備中 #新人Vtuber #個人勢Vtuber #蛇蝎 #セルフ解説  #雑学 #shorts #自己紹介 #ぼっち',PT30S,82,3,0,2
UC6PJ5D0dI_FgTjuSwYwUK-g,2024-04-02T10:11:57Z,movie,'【20xx年デビューの個人勢新人Vtuber準備中が自己紹介】名前だけ覚えておいて下さい!! #vtuber #個人勢vtuber  #新人vtuberを発掘せよ #vtuber準備中',PT32S,75,3,0,0
UC6PJ5D0dI_FgTjuSwYwUK-g,2024-04-16T11:43:33Z,short,'【美味しい響き】エロくないけどエロく聞こえる食べ物の名前#Vtuber #Vtuber準備中 #個人勢Vtuber #ユーモア #日本語 #大喜利 #ネタ #ミスリード #エロ #shorts',PT33S,6,0,0,0
UC6PJ5D0dI_FgTjuSwYwUK-g,2024-04-17T09:01:52Z,short,'理系女大生が選ぶエロくないけどエロく聞こえる言葉 #Vtuber #Vtuber準備中 #個人勢Vtuber #ユーモア #薬学部  #理系女子 #薬学 #日本語 #薬 #shorts #勉強',PT37S,4,0,0,0
UC6PJ5D0dI_FgTjuSwYwUK-g,2024-04-08T10:00:05Z,movie,'【替え歌】個人勢の大暴れ系Vtuberに近い未来でなってるかもな！#Vtuber #Vtuber準備中 #新人Vtuber #個人勢Vtuber #替え歌 #転生林檎 #推し不在 #推し不在おいで',PT17S,457,12,0,2
UC6PJ5D0dI_FgTjuSwYwUK-g,2024-04-28T10:00:50Z,short,'【結果発表】いいね数で胸が大きくなるアンジュさん #Vtuber #描いてみた #イラスト #イラストメイキング #にじさんじ #アンジュカトリーナ #絵ンジュ #vtuber準備中 #shorts',PT41S,28,7,0,5
UC4aiwUeuq4Ax_sqDM5SAj9g,2024-04-11T15:16:14Z,live,'【ストリートファイター6/参加型】コンボ練習がてらカスタムマッチ 4/11【Vtuber/LAN堂】',PT2H9M9S,51,6,0,0
UC4aiwUeuq4Ax_sqDM5SAj9g,2024-04-18T04:36:09Z,live,'【ストリートファイター6/参加型】コンボ練習がてらカスタムマッチ 4/17【Vtuber/LAN堂】',PT1H56M35S,49,8,0,0
UC4aiwUeuq4Ax_sqDM5SAj9g,2024-04-26T03:51:42Z,live,'【ストリートファイター6/参加型】コンボ練習がてらカスタムマッチ 4/25【Vtuber/LAN堂】',PT1H53M22S,66,10,0,0
UC4aiwUeuq4Ax_sqDM5SAj9g,2024-04-05T03:16:35Z,live,'【ストリートファイター6/参加型】コンボ練習がてらカスタムマッチ 4/4【Vtuber/LAN堂】',PT1H56M46S,76,6,0,1
UC4aiwUeuq4Ax_sqDM5SAj9g,2024-04-21T08:05:22Z,live,'【.hack//G.U. Last Recode】痛みの森に行く人【Vtuber/LAN堂】#shorts #縦型配信 #Vtuber #dothack',PT3H11M39S,8,3,0,0
UC4aiwUeuq4Ax_sqDM5SAj9g,2024-04-19T04:52:34Z,live,'【ストリートファイター6/参加型】コンボ練習がてらカスタムマッチ 4/18【Vtuber/LAN堂】',PT1H59M3S,54,6,0,0
UC4aiwUeuq4Ax_sqDM5SAj9g,2024-04-24T15:08:33Z,live,'【ストリートファイター6/参加型】コンボ練習がてらカスタムマッチ 4/24【Vtuber/LAN堂】',PT2H34S,36,6,0,0
UC4aiwUeuq4Ax_sqDM5SAj9g,2024-04-10T15:12:08Z,live,'【ストリートファイター6/参加型】コンボ練習がてらカスタムマッチ 4/10【Vtuber/LAN堂】',PT2H3M16S,78,6,0,0
UC4aiwUeuq4Ax_sqDM5SAj9g,2024-04-07T15:28:00Z,live,'【ポケモンSV/藍の円盤】みんなでブルレク【参加型/Vtuber/LAN堂】',PT2H20M37S,68,7,0,0
UC4aiwUeuq4Ax_sqDM5SAj9g,2024-04-29T20:00:46Z,live,'【刀剣乱舞/復帰勢】音量調整も兼ねてテスト配信【Vtuber/LAN堂】#縦型配信 #男性Vtuber #刀剣乱舞',PT1H21M16S,54,5,0,0
UC4aiwUeuq4Ax_sqDM5SAj9g,2024-04-06T15:17:17Z,live,'【ポケモンSV/参加型】鬼退治フェスやる【Vtuber/LAN堂】',PT2H8M17S,48,7,0,0
UC4aiwUeuq4Ax_sqDM5SAj9g,2024-04-08T15:44:04Z,live,'【.hack//G.U. Last Recode/vol.3 歩くような速さで】第二十一話 突然現れた謎の少女 アイナの正体とは？【Vtuber/LAN堂】',PT2H33M39S,7,4,0,0
UC4aiwUeuq4Ax_sqDM5SAj9g,2024-04-04T04:16:35Z,live,'【ストリートファイター6/参加型】コンボ練習がてらカスタムマッチ 4/3【Vtuber/LAN堂】',PT2H21M50S,48,4,0,1
UC4aiwUeuq4Ax_sqDM5SAj9g,2024-04-22T15:11:17Z,live,'【.hack//G.U. Last Recode/vol.4 あるいは世界を紡ぐ蛇たちの見る夢】第二十五話 vol.4突入!! 完全初見の攻略開始!!【Vtuber/LAN堂】',PT2H6M23S,6,4,0,0
UC4aiwUeuq4Ax_sqDM5SAj9g,2024-04-27T03:23:11Z,live,'【雑談】簡単にネタがなくなる男 4/26【Vtuber/LAN堂】',PT1H59M3S,10,5,0,0
UC4aiwUeuq4Ax_sqDM5SAj9g,2024-04-21T15:25:10Z,live,'【ポケモンSV/藍の円盤】みんなでブルレク【参加型/Vtuber/LAN堂】',PT2H18M17S,56,7,0,0
UC4aiwUeuq4Ax_sqDM5SAj9g,2024-04-09T15:08:21Z,live,'【.hack//G.U. Last Recode/vol.3 歩くような速さで】第二十二話 Xthフォーム 危機の火種に対抗しうる力【Vtuber/LAN堂】',PT2H1M16S,15,2,0,0
UC4aiwUeuq4Ax_sqDM5SAj9g,2024-04-23T15:20:10Z,live,'【.hack//G.U. Last Recode/vol.4 あるいは世界を紡ぐ蛇たちの見る夢】第二十六話 5thフォーム 新たな力でヤツを叩き起こせ!!【Vtuber/LAN堂】',PT2H12M7S,18,4,0,0
UC4aiwUeuq4Ax_sqDM5SAj9g,2024-04-06T03:10:18Z,live,'【雑談】簡単にネタがなくなる男 4/5【Vtuber/LAN堂】',PT1H58M41S,13,4,0,0
UC4aiwUeuq4Ax_sqDM5SAj9g,2024-04-20T04:51:18Z,live,'【雑談】簡単にネタがなくなる男 4/19【Vtuber/LAN堂】',PT1H59M18S,14,5,0,0
UC4aiwUeuq4Ax_sqDM5SAj9g,2024-04-14T03:47:23Z,live,'【ストリートファイター6/第4回KobeBeefCup】わーるどわいどFG視点【チームサポーター/Vtuber/LAN堂】',PT3H43M31S,169,10,0,2
UC4aiwUeuq4Ax_sqDM5SAj9g,2024-04-20T15:24:07Z,live,'【ポケモンSV/参加型】鬼退治フェスやる【Vtuber/LAN堂】',PT2H13M3S,38,9,0,0
UC4aiwUeuq4Ax_sqDM5SAj9g,2024-03-31T15:43:49Z,live,'【ポケモンSV/藍の円盤】みんなでブルレク【参加型/Vtuber/LAN堂】',PT2H34M7S,93,5,0,0
UC4aiwUeuq4Ax_sqDM5SAj9g,2024-04-15T03:34:39Z,live,'【ポケモンSV】色違い大放出交換会【参加型/Vtuber/LAN堂】',PT1H58M3S,31,5,0,0
UC4aiwUeuq4Ax_sqDM5SAj9g,2024-04-16T03:48:55Z,live,'【.hack//G.U. Last Recode/vol.3 歩くような速さで】第二十三話 『碑文使い』の影 クビアの浸食を食い止めろ!!【Vtuber/LAN堂】',PT1H57M11S,9,5,0,0
UC4aiwUeuq4Ax_sqDM5SAj9g,2024-04-27T15:10:53Z,live,'【ポケモンSV/参加型】鬼退治フェスやる【Vtuber/LAN堂】',PT2H3M58S,40,5,0,0
UC4aiwUeuq4Ax_sqDM5SAj9g,2024-04-29T15:13:06Z,live,'【刀剣乱舞無双/初見プレイ】時間遡行軍を殴りに行こう その1【Vtuber/LAN堂】',PT2H6M35S,70,3,0,0
UC4aiwUeuq4Ax_sqDM5SAj9g,2024-04-16T15:18:57Z,live,'【.hack//G.U. Last Recode/vol.3 歩くような速さで】第二十四話 vol.3最終決戦!! クビアを倒して世界を救え!!【Vtuber/LAN堂】',PT2H12M1S,16,5,0,0
UC4aiwUeuq4Ax_sqDM5SAj9g,2024-04-13T03:20:32Z,live,'【雑談】簡単にネタがなくなる男 4/12【Vtuber/LAN堂】',PT1H59M7S,34,7,0,0
UC4aiwUeuq4Ax_sqDM5SAj9g,2024-04-02T15:33:00Z,live,'【.hack//G.U. Last Recode/vol.3 歩くような速さで】第二十話 竜賢宮制覇!! 榊の次は八咫のメンタル!?【Vtuber/LAN堂】',PT2H23M13S,37,5,0,0
UC4aiwUeuq4Ax_sqDM5SAj9g,2024-04-02T03:38:36Z,live,'【.hack//G.U. Last Recode/vol.3 歩くような速さで】第十九話 まさかの師弟対決!? ハセヲvs大火【Vtuber/LAN堂】',PT1H59M33S,17,3,0,0
UCeaZjnVTc5q6rNOBNzj26Lg,2024-04-11T15:31:15Z,live,'【ストリートファイター６】超えそうで超えないMR１３００の壁を昇る配信～ランクマする♪～',PT2H22M21S,138,11,0,0
UCeaZjnVTc5q6rNOBNzj26Lg,2024-04-10T15:09:53Z,live,'【ストリートファイター６】今日こそ定時退社する！（社畜の反撃）～ランクマする♪～',PT2H41S,62,8,0,0
UCeaZjnVTc5q6rNOBNzj26Lg,2024-04-29T16:37:58Z,live,'【APEX】すきま時間えぺ',PT1H52M41S,60,6,0,0
UCeaZjnVTc5q6rNOBNzj26Lg,2024-04-23T15:31:51Z,live,'【ストリートファイター６】ちょっ！そこ集中しろ！！～ランクマする～',PT2H18M12S,118,11,0,2
UCeaZjnVTc5q6rNOBNzj26Lg,2024-04-19T15:53:36Z,live,'【ストリートファイター６】全集中！激戦のランクマ！',PT2H41M3S,148,9,0,0
UCeaZjnVTc5q6rNOBNzj26Lg,2024-04-02T15:39:14Z,live,'【ストリートファイター６】今日はポカポカ陽気「春ですね( *´艸｀)」～大会に向けてコーチングしてもらう～',PT2H29M3S,77,5,0,0
UCeaZjnVTc5q6rNOBNzj26Lg,2024-04-20T16:40:42Z,live,'【ストリートファイター６】私より強い奴しかおらん！',PT2H56M33S,205,13,0,1
UCeaZjnVTc5q6rNOBNzj26Lg,2024-04-25T15:42:51Z,live,'【ストリートファイター６】一日一歩三日で三歩、三歩進んで五歩下がる～♪('Д')えぇ…～ランクマする～',PT2H32M33S,106,9,0,0
UCeaZjnVTc5q6rNOBNzj26Lg,2024-04-19T18:07:48Z,live,'【#参加型】【#雀魂】麻雀しましょう(⋈◍＞◡＜◍)。✧♡～雑談麻雀♪～',PT2H7M45S,73,9,0,0
UCeaZjnVTc5q6rNOBNzj26Lg,2024-04-21T16:09:07Z,live,'【ストリートファイター６】アケコン探して三千里～ランクマする～',PT2H58M59S,195,9,0,0
UCeaZjnVTc5q6rNOBNzj26Lg,2024-04-26T17:02:57Z,live,'【参加型】【スト６】すぱいくさん家に道場破りの巻',PT3H47M55S,194,18,0,0
UCeaZjnVTc5q6rNOBNzj26Lg,2024-04-12T15:54:08Z,live,'【#雑談 】　みなさま一週間おつかれさま、お話しましょ♪～雑談配信～',PT2H32M57S,82,11,0,0
UCeaZjnVTc5q6rNOBNzj26Lg,2024-04-05T17:18:33Z,live,'【ストリートファイター６】【BH参加型】　いったいどれだけ殴られれば強くなれるんですか！？～大会に向けて組手・ランクマ～',PT4H5M6S,153,11,0,0
UCeaZjnVTc5q6rNOBNzj26Lg,2024-04-03T16:03:03Z,live,'【ストリートファイター６】【#参加型】みんなフレームレート意識してる！？すぱいくさんは…意識してるぞぃ（昨日から）～大会に向けて組手・ランクマしゅる～',PT2H51M45S,120,12,0,0
UCeaZjnVTc5q6rNOBNzj26Lg,2024-03-31T15:56:56Z,live,'【ストリートファイター６】【#参加型】　挑戦者求む～某大会の裏で細々ランクマと組手する配信～',PT2H43M48S,146,13,0,0
UCeaZjnVTc5q6rNOBNzj26Lg,2024-04-04T16:27:28Z,live,'【ストリートファイター６】【#参加型】リスナーにボコられてグロッキー状態のすぱいくさん　サンドバック寸前だが起死回生の一撃は…～大会に向けて組手・ランクマしゅる～',PT3H13M16S,156,10,0,0
UCeaZjnVTc5q6rNOBNzj26Lg,2024-04-13T12:10:39Z,live,'【ストリートファイター６】朝スト！！～ランクマする♪～',PT1H40M9S,131,13,0,0
UCeaZjnVTc5q6rNOBNzj26Lg,2024-04-06T12:34:27Z,live,'【ストリートファイター６】【BH参加型】　大会に出場できて本当にありがとうございました皆様のおかげです～TOP 2024 Spring 3on3打ち上げ～',PT2H22M49S,105,8,0,0
UCeaZjnVTc5q6rNOBNzj26Lg,2024-04-16T15:50:37Z,live,'【ストリートファイター６】なんでなん？なんでなん？足腰バキバキでカニ歩きしてるのなんでなん？～ランクマする♪～',PT2H35M17S,198,16,0,0
UCeaZjnVTc5q6rNOBNzj26Lg,2024-04-01T16:19:45Z,live,'【ストリートファイター６】【#参加型】　TOP 3on3に参加しようか悩みながら組手する',PT3H8M53S,117,10,0,0
UCeaZjnVTc5q6rNOBNzj26Lg,2024-04-17T16:56:13Z,live,'【ストリートファイター６】おかえりなさい♪ランクマにする？バトルハブにする？それとも……',PT3H39M40S,201,16,0,0
UCeaZjnVTc5q6rNOBNzj26Lg,2024-04-24T15:56:42Z,live,'【目指せ同接２０人 】　お話しましょ♪～雑談配信～',PT2H48M14S,134,13,0,0
UCeaZjnVTc5q6rNOBNzj26Lg,2024-04-29T15:45:10Z,live,'【参加型】【スト６】バトルハブ散歩',PT2H34M22S,135,10,0,0
UCeaZjnVTc5q6rNOBNzj26Lg,2024-04-08T16:31:59Z,live,'【ストリートファイター６】狼貪虎視（ろうどんこし）甘やかされて「いっぬ」になってしまったすぱいくさん、眠れる犬魂を取り戻す！～ランクマするよ♪～',PT2H23M50S,69,9,0,0
UCeaZjnVTc5q6rNOBNzj26Lg,2024-04-14T04:26:09Z,live,'【#PSO2:NGS】Ship３「今一番のお気にコーデ♪」集会開催！！',PT3H7M15S,191,16,0,2
UCeaZjnVTc5q6rNOBNzj26Lg,2024-04-10T05:09:29Z,live,'【ストリートファイター６】深夜放送～大声注意～',PT1H34M14S,71,7,0,0
UCeaZjnVTc5q6rNOBNzj26Lg,2024-04-07T15:49:39Z,live,'【#雑談 】　おつかれさま♪　お話しましょ♪～雑談配信～',PT2H42M43S,65,12,0,0
UCeaZjnVTc5q6rNOBNzj26Lg,2024-04-14T16:34:37Z,live,'【ストリートファイター６】今日も修行の日々～ランクマする♪～',PT3H21M33S,133,17,0,0
UCeaZjnVTc5q6rNOBNzj26Lg,2024-04-27T17:22:22Z,live,'【参加型】【スト６】すぱいくさん家に道場破りの巻',PT4H1M27S,180,11,0,0
UCeaZjnVTc5q6rNOBNzj26Lg,2024-04-22T16:17:16Z,live,'【ストリートファイター６】MR盛りたい～ランクマする～',PT3H3M45S,128,9,0,0
UCeaZjnVTc5q6rNOBNzj26Lg,2024-04-06T10:07:17Z,live,'【ストリートファイター６】#TOP2024春　すぱいくさん初大会に出場～Tokyo Online Party 2024 Spring 3on3～',PT3H53M19S,154,8,0,0
UC3Nyg7ZVWxdt9tnnmFY7HqA,2024-04-11T00:00:19Z,movie,'地球最後の日どうしますか？#地球滅亡60秒前',PT33S,3659,34,0,2
UC3Nyg7ZVWxdt9tnnmFY7HqA,2024-04-21T10:17:01Z,live,'宇宙生物襲来！？囲え！囲え！！  #２【アーケードアーカイブス　＃ヴォルフィード】',PT2H11M6S,90,5,0,0
UC3Nyg7ZVWxdt9tnnmFY7HqA,2024-04-29T22:45:41Z,live,'初心者が1から始める都市づくり　#15【Cities: Skylines/シティーズスカイライン】',PT1H33M52S,85,6,0,0
UC3Nyg7ZVWxdt9tnnmFY7HqA,2024-04-25T23:09:54Z,live,'【雀魂】いっしょに麻雀する？雀魂友人戦　#8【参加型】',PT1H54M9S,102,7,0,0
UC3Nyg7ZVWxdt9tnnmFY7HqA,2024-04-04T11:24:34Z,live,'【雀魂】いっしょに麻雀する？雀魂友人戦　#５【参加型】',PT2H16M10S,128,10,0,0
UC3Nyg7ZVWxdt9tnnmFY7HqA,2024-04-08T23:01:01Z,live,'初心者が1から始める都市づくり　#12 【Cities: Skylines/シティーズスカイライン】',PT1H43M46S,122,8,0,0
UC3Nyg7ZVWxdt9tnnmFY7HqA,2024-04-16T22:51:06Z,live,'初心者が1から始める都市づくり　#13【Cities: Skylines/シティーズスカイライン】',PT1H40M8S,93,5,0,0
UC3Nyg7ZVWxdt9tnnmFY7HqA,2024-04-19T22:52:35Z,live,'目指せ！雀傑！雀魂段位戦　#5【雀魂/麻雀】',PT1H17M32S,44,5,0,0
UC3Nyg7ZVWxdt9tnnmFY7HqA,2024-04-09T23:09:32Z,live,'目指せ！雀傑！雀魂段位戦　#4【雀魂/麻雀】',PT1H40M56S,61,5,0,0
UC3Nyg7ZVWxdt9tnnmFY7HqA,2024-04-01T10:13:41Z,live,'初心者が1から始める都市づくり　#11  【Cities: Skylines/シティーズスカイライン】',PT2H7M53S,75,1,0,0
UC3Nyg7ZVWxdt9tnnmFY7HqA,2024-04-23T22:17:25Z,live,'目指せ！雀傑！雀魂段位戦　#６【雀魂/麻雀】',PT1H12M14S,79,7,0,0
UC3Nyg7ZVWxdt9tnnmFY7HqA,2024-04-18T22:30:21Z,live,'【雀魂】いっしょに麻雀する？雀魂友人戦　#7【参加型】',PT1H6M6S,80,6,0,0
UC3Nyg7ZVWxdt9tnnmFY7HqA,2024-04-03T04:14:37Z,live,'テスト配信',PT9M40S,45,3,0,0
UC3Nyg7ZVWxdt9tnnmFY7HqA,2024-04-18T23:03:18Z,live,'【雀魂】いっしょに麻雀する？雀魂友人戦　#7，５【参加型】',PT43M53S,45,4,0,0
UC3Nyg7ZVWxdt9tnnmFY7HqA,2024-04-12T11:31:40Z,live,'【雀魂】いっしょに麻雀する？雀魂友人戦　#6【参加型】',PT2H23M53S,97,10,0,0
UC3Nyg7ZVWxdt9tnnmFY7HqA,2024-04-06T10:07:19Z,live,'【実質#初配信】自己紹介＆新サムネイラストお披露目会！',PT2H5M16S,80,7,0,0
UC3Nyg7ZVWxdt9tnnmFY7HqA,2024-04-22T23:00:51Z,live,'初心者が1から始める都市づくり　#13【Cities: Skylines/シティーズスカイライン】',PT1H41M6S,80,5,0,0
UC3Nyg7ZVWxdt9tnnmFY7HqA,2024-04-14T10:15:34Z,live,'宇宙生物襲来！？囲え！囲え！！  #1【アーケードアーカイブス　＃ヴォルフィード】',PT2H12M17S,55,5,0,0
UC3Nyg7ZVWxdt9tnnmFY7HqA,2024-04-27T10:13:05Z,live,'宇宙生物襲来！？囲え！囲え！！  #3【アーケードアーカイブス　＃ヴォルフィード】',PT2H7M54S,82,3,0,0
UCJWMbEeXcBbpFpH5iRSIupA,2024-04-05T00:16:18Z,short,'全方向可愛いって言われたい♥️ #えるの鳴き声 #新人vtuber #vtuber #ホラゲーvtuber #shorts',PT13S,497,,0,0
UCJWMbEeXcBbpFpH5iRSIupA,2024-04-17T23:29:24Z,movie,'許された⁉️ #えるの鳴き声 #ホラゲーvtuber #新人vtuber #fivenightsatfreddy',PT42S,479,,0,3
UCJWMbEeXcBbpFpH5iRSIupA,2024-04-27T00:44:32Z,movie,'忖度じゃないよ？  #えるの鳴き声 #ホラゲーvtuber #切り抜き #新人vtuber',PT30S,473,,0,8
UCJWMbEeXcBbpFpH5iRSIupA,2024-04-16T03:05:41Z,short,'見ません(`･ω･´)ｷﾘｯ #えるの鳴き声 #ホラゲーvtuber #切り抜き #新人vtuber #shorts',PT20S,584,,0,4
UCJWMbEeXcBbpFpH5iRSIupA,2024-04-25T23:08:26Z,movie,'ネギいらんのですよ #えるの鳴き声 #新人vtuber #ホラゲーvtuber #切り抜き',PT41S,471,14,0,10
UCJWMbEeXcBbpFpH5iRSIupA,2024-04-18T15:40:54Z,live,'【Stray】  おうちにかえるんにゃ！　探検その2  【来幸える/新人Vtuber】 #新人VTuber',PT2H28M47S,37,8,0,0
UCJWMbEeXcBbpFpH5iRSIupA,2024-04-18T23:40:58Z,short,'あ、あるぇ？  #えるの鳴き声 #ホラゲーvtuber #新人vtuber #切り抜き #shorts',PT35S,494,18,0,16
UCJWMbEeXcBbpFpH5iRSIupA,2024-04-10T23:56:36Z,short,'言えてたよ？ #えるの鳴き声 #ホラゲーvtuber #新人vtuber #零 #shorts',PT46S,510,,0,5
UCJWMbEeXcBbpFpH5iRSIupA,2024-04-24T08:55:06Z,live,'【BIOHAZARD RE:3 】 絶望から逃げ延びる？ その2  【来幸える/新人Vtuber】　#新人VTuber',PT4H34M59S,87,9,0,0
UCJWMbEeXcBbpFpH5iRSIupA,2024-04-21T22:04:41Z,short,'ちょ、違っ！ #えるの鳴き声 #新人vtuber #ホラゲーvtuber #shorts',PT40S,489,15,0,10
UCJWMbEeXcBbpFpH5iRSIupA,2024-04-03T00:49:27Z,short,'お見通しだ！ #えるの鳴き声 #ホラゲーvtuber #新人vtuber #切り抜き #shorts',PT34S,532,,0,2
UCJWMbEeXcBbpFpH5iRSIupA,2024-04-29T15:45:04Z,live,'【Jack Holmes  Master of Puppets】 不気味な実験？ その１ 【来幸える/新人Vtuber】　#新人VTuber',PT2H34M34S,71,14,0,2
UCJWMbEeXcBbpFpH5iRSIupA,2024-04-15T03:26:20Z,movie,'ねぎ塩豚トロ入れた人？ #えるの鳴き声 #ホラゲーvtuber #切り抜き #新人vtuber #絶叫 #shadowcorridor',PT29S,149,,0,5
UCJWMbEeXcBbpFpH5iRSIupA,2024-04-28T22:27:21Z,movie,'回収上手 #えるの鳴き声 #新人vtuber #ホラゲーvtuber #切り抜き',PT37S,464,,0,8
UCJWMbEeXcBbpFpH5iRSIupA,2024-04-07T15:47:03Z,live,'【Shadow Corridor2/雨ノ四葩】 鬼ごっこでかくれんぼ？ その6 【来幸える/新人Vtuber】　#新人VTuber',PT2H38M28S,38,6,0,0
UCJWMbEeXcBbpFpH5iRSIupA,2024-04-13T02:39:25Z,movie,'フラグ回収早すぎ！ #えるの鳴き声 #ホラゲーvtuber #ゲーム実況 #vtuber #零',PT34S,117,,0,3
UCJWMbEeXcBbpFpH5iRSIupA,2024-04-24T23:07:34Z,movie,'歌えた？ #えるの鳴き声 #新人vtuber #ホラゲーvtuber #切り抜き',PT39S,465,10,0,4
UCJWMbEeXcBbpFpH5iRSIupA,2024-04-22T22:42:03Z,short,'お父さん…やだ #えるの鳴き声 #新人vtuber #ホラゲーvtuber #切り抜き #shorts',PT32S,179,13,0,6
UCJWMbEeXcBbpFpH5iRSIupA,2024-04-01T04:42:13Z,short,'誰も否定してくれない😭 #えるの鳴き声 #新人vtuber #ホラゲーvtuber #shorts',PT56S,125,,0,2
UCJWMbEeXcBbpFpH5iRSIupA,2024-04-28T16:12:57Z,live,'【Shadow Corridor2/雨ノ四葩】 鬼ごっこでかくれんぼ？ その10 【来幸える/新人Vtuber】　#新人VTuber',PT2H59M51S,43,11,0,0
UCJWMbEeXcBbpFpH5iRSIupA,2024-04-11T23:03:19Z,short,'様々！助かった！ #えるの鳴き声 #ホラゲーvtuber #新人vtuber #shorts',PT44S,500,,0,1
UCJWMbEeXcBbpFpH5iRSIupA,2024-04-24T15:10:54Z,live,'【BIOHAZARD RE:3 】 絶望から逃げ延びる？ その3  【来幸える/新人Vtuber】　#新人VTuber',PT2H3M30S,56,12,0,0
UCJWMbEeXcBbpFpH5iRSIupA,2024-04-05T16:19:58Z,live,'【Shadow Corridor2/雨ノ四葩】 鬼ごっこでかくれんぼ？ その4 【来幸える/新人Vtuber】　#新人VTuber',PT3H8M33S,28,4,0,0
UCJWMbEeXcBbpFpH5iRSIupA,2024-04-06T15:44:59Z,live,'【Shadow Corridor2/雨ノ四葩】 鬼ごっこでかくれんぼ？ その5【来幸える/新人Vtuber】　#新人VTuber',PT2H31M53S,31,8,0,0
UCJWMbEeXcBbpFpH5iRSIupA,2024-04-11T15:41:26Z,live,'【Lempo】 家へ帰るはずがファンタジーの世界に その1【来幸える/新人Vtuber】　#新人VTuber',PT2H33M22S,36,5,0,0
UCJWMbEeXcBbpFpH5iRSIupA,2024-04-19T16:25:55Z,live,'【Shadow Corridor2/雨ノ四葩】 鬼ごっこでかくれんぼ？ その7 【来幸える/新人Vtuber】　#新人VTuber',PT3H13M59S,36,7,0,0
UCJWMbEeXcBbpFpH5iRSIupA,2024-04-04T15:47:06Z,live,'【The Room Two】  謎は解けた！ その１ 【来幸える/新人Vtuber】　#新人VTuber',PT2H38M24S,45,8,0,0
UCJWMbEeXcBbpFpH5iRSIupA,2024-03-31T15:55:08Z,live,'【Shadow Corridor2/雨ノ四葩】 鬼ごっこでかくれんぼ？ その3【来幸える/新人Vtuber】　#新人VTuber',PT2H44M10S,23,6,0,0
UCJWMbEeXcBbpFpH5iRSIupA,2024-04-13T15:45:58Z,live,'【零/月蝕の仮面】  旋律の記憶？ホラーなの？　その5  【来幸える/新人Vtuber】 #新人VTuber',PT2H34M35S,48,10,0,0
UCJWMbEeXcBbpFpH5iRSIupA,2024-04-13T01:51:45Z,live,'【霊室・GhostRoom】  おばけ部屋から脱出したい！ 【来幸える/新人Vtuber】　#新人VTuber',PT42M35S,27,7,0,0
UCJWMbEeXcBbpFpH5iRSIupA,2024-04-23T15:54:50Z,live,'【天穂のサクナヒメ】 美味しいお米を作るらしい　♯005 【来幸える/新人Vtuber】#新人VTuber',PT2H44M6S,44,8,0,0
UCJWMbEeXcBbpFpH5iRSIupA,2024-04-01T15:46:12Z,live,'【The Room】  謎を解いて脱出ゲームですって？ その1 【来幸える/新人Vtuber】　#新人VTuber',PT2H38M4S,38,7,0,0
UCJWMbEeXcBbpFpH5iRSIupA,2024-04-03T15:45:40Z,live,'【零/月蝕の仮面】 旋律の記憶？ホラーなの？　その4 【来幸える/新人Vtuber】　#新人VTuber',PT2H35M3S,32,7,0,0
UCJWMbEeXcBbpFpH5iRSIupA,2024-04-02T15:50:46Z,live,'【ICEY】 指示に従わないらしい その1【来幸える/新人Vtuber】　#新人VTuber',PT2H39M55S,30,6,0,1
UCJWMbEeXcBbpFpH5iRSIupA,2024-04-02T20:19:56Z,live,'【The Room】  謎を解いて脱出ゲームですって？ その2【来幸える/新人Vtuber】　#新人VTuber',PT1H40M57S,24,4,0,0
UCJWMbEeXcBbpFpH5iRSIupA,2024-04-13T04:32:40Z,live,'【Five Nights at Freddy's】  恐怖の夜を生き延びろ！ってこと？ 【来幸える/新人Vtuber】　#新人VTuber',PT1H32M48S,33,9,0,0
UCJWMbEeXcBbpFpH5iRSIupA,2024-04-22T15:37:44Z,live,'【BIOHAZARD RE:3 】 絶望から逃げ延びる？ その1 【来幸える/新人Vtuber】　#新人VTuber',PT2H26M47S,56,14,0,0
UCJWMbEeXcBbpFpH5iRSIupA,2024-04-09T15:42:30Z,live,'【天穂のサクナヒメ】 美味しいお米を作るらしい　♯003  【来幸える/新人Vtuber】#新人VTuber',PT2H30M36S,44,6,0,2
UCJWMbEeXcBbpFpH5iRSIupA,2024-04-25T15:46:37Z,live,'【Stray】  おうちにかえるんにゃ！　探検その3  【来幸える/新人Vtuber】 #新人VTuber',PT2H34M53S,58,11,0,0
UCJWMbEeXcBbpFpH5iRSIupA,2024-04-16T15:40:56Z,live,'【零/月蝕の仮面】  旋律の記憶？ホラーなの？　その8 【来幸える/新人Vtuber】 #新人VTuber',PT2H34M1S,68,7,0,2
UCJWMbEeXcBbpFpH5iRSIupA,2024-04-03T08:54:45Z,live,'【零/月蝕の仮面】 旋律の記憶？ホラーなの？　その3 【来幸える/新人Vtuber】　#新人VTuber',PT3H11M47S,38,7,0,0
UCJWMbEeXcBbpFpH5iRSIupA,2024-04-26T15:36:06Z,live,'【Shadow Corridor2/雨ノ四葩】 鬼ごっこでかくれんぼ？ その9 【来幸える/新人Vtuber】　#新人VTuber',PT2H25M21S,51,8,0,0
UCJWMbEeXcBbpFpH5iRSIupA,2024-04-17T15:48:15Z,live,'【Stray】  おうちにかえるんにゃ！　探検その１  【来幸える/新人Vtuber】 #新人VTuber',PT2H36M34S,49,4,0,0
UCJWMbEeXcBbpFpH5iRSIupA,2024-04-21T15:40:37Z,live,'【Shadow Corridor2/雨ノ四葩】 鬼ごっこでかくれんぼ？ その8 【来幸える/新人Vtuber】　#新人VTuber',PT2H30M16S,64,11,0,0
UCJWMbEeXcBbpFpH5iRSIupA,2024-04-14T15:36:24Z,live,'【零/月蝕の仮面】  旋律の記憶？ホラーなの？　その6  【来幸える/新人Vtuber】 #新人VTuber',PT2H28M17S,50,5,0,0
UCJWMbEeXcBbpFpH5iRSIupA,2024-04-15T15:56:18Z,live,'【零/月蝕の仮面】  旋律の記憶？ホラーなの？　その7 【来幸える/新人Vtuber】 #新人VTuber',PT2H41M53S,44,6,0,0
UCJWMbEeXcBbpFpH5iRSIupA,2024-04-10T07:42:27Z,live,'【Route8】  この道であってるよね？  【来幸える/新人Vtuber】　#新人VTuber',PT3H4M6S,49,6,0,0
UCJWMbEeXcBbpFpH5iRSIupA,2024-04-08T15:40:22Z,live,'【SILENT BREATH】 山歩きっていったじゃない！！ 【来幸える/新人Vtuber】 #新人VTuber',PT2H29M6S,44,6,0,1
UCJWMbEeXcBbpFpH5iRSIupA,2024-04-20T15:47:59Z,live,'【祝！】  登録者１１１人おめでたい！  【来幸える/新人Vtuber】 #新人VTuber',PT2H37M25S,62,13,0,0
UCJWMbEeXcBbpFpH5iRSIupA,2024-04-10T15:44:59Z,live,'【天穂のサクナヒメ】 美味しいお米を作るらしい　♯004 【来幸える/新人Vtuber】#新人VTuber',PT2H33M8S,41,6,0,0
UCJWMbEeXcBbpFpH5iRSIupA,2024-04-20T15:47:59Z,live,'【祝！】  登録者１１１人おめでたい！  【来幸える/新人Vtuber】 #新人VTuber',PT2H37M25S,62,13,0,0
UCpzHDnMS67OUSppK_zfIVxg,2024-04-22T09:00:18Z,movie,'♪両手でほっぺを押さえると……？  #vtuber #新人vtuber #vtuber準備中 #おすすめ #jpvtuber #個人勢vtuber',PT8S,7171,257,0,56
UCpzHDnMS67OUSppK_zfIVxg,2024-04-14T09:00:24Z,movie,'鼻でいいね押せたら…？ #vtuber #新人vtuber #vtuber準備中 #おすすめ #jpvtuber #個人勢vtuber',PT12S,3552,233,0,25
UCpzHDnMS67OUSppK_zfIVxg,2024-04-06T09:00:19Z,movie,'大声では言えないけど実は動画中にとあるものが映り込んでいるんだ…身長は嘘だよーん！ #vtuber #vtuber準備中 #新人vtuber #古参 #今なら古参 #古参になりませんか',PT7S,6043,178,0,23
UCpzHDnMS67OUSppK_zfIVxg,2024-04-17T09:00:25Z,movie,'女の子は生まれた時からお姫様なの #vtuber #vtuber準備中 #新人vtuber #jpvtuber #個人勢vtuber #おすすめ',PT13S,2462,99,0,40
UCpzHDnMS67OUSppK_zfIVxg,2024-04-24T09:00:22Z,movie,'縦ロールになっちゃった #vtuber #新人vtuber #vtuber準備中 #おすすめ #jpvtuber #個人勢vtuber #縦ロールになっちゃった #葬送のフリーレン',PT8S,8520,234,0,58
UCpzHDnMS67OUSppK_zfIVxg,2024-04-08T09:00:22Z,movie,'あなたは好き？嫌い？教えて🥺 #vtuber #vtuber準備中 #新人vtuber #古参 #今なら古参 #古参になりませんか',PT19S,1447,121,0,29
UCpzHDnMS67OUSppK_zfIVxg,2024-04-30T09:00:05Z,short,'いないいないばあっ！ #vtuber #新人vtuber #vtuber準備中 #jpvtuber #個人勢vtuber #shorts #fyp',PT7S,1086,92,0,49
UCpzHDnMS67OUSppK_zfIVxg,2024-04-13T09:00:04Z,movie,'顔だけチラリのぞかせると誰でもかわいくなれるらしい。 #Vtuber #新人vtuber #vtuber準備中 #おすすめ #jpvtuber #個人勢vtuber',PT8S,9315,421,0,61
UCpzHDnMS67OUSppK_zfIVxg,2024-04-15T09:00:17Z,movie,'全方向美少女 #vtuber #新人vtuber #vtuber準備中 #おすすめ #jpvtuber #個人勢vtuber',PT14S,582,53,0,39
UCpzHDnMS67OUSppK_zfIVxg,2024-04-10T09:00:02Z,movie,'ゆっくり瞬きどうかな…？💓 #vtuber準備中 #新人vtuber #おすすめ #個人勢vtuber #jpvtuber #ブイチューバー',PT8S,5897,147,0,29
UCpzHDnMS67OUSppK_zfIVxg,2024-04-19T09:00:47Z,short,'秋葉原で助けを呼ぶには #shorts #vtuber #新人vtuber #vtuber準備中 #おすすめ #jpvtuber #個人勢vtuber #anime #animation #manga',PT14S,23798,1041,0,88
UCpzHDnMS67OUSppK_zfIVxg,2024-04-01T08:23:16Z,short,'#vtuber準備中 #おすすめ #最古参募集 #新人vtuber #shorts',PT20S,418,33,0,13
UCpzHDnMS67OUSppK_zfIVxg,2024-04-28T09:00:48Z,short,'いつも口あいてる人 #shorts #vtuber #新人vtuber #vtuber準備中 #個人勢vtuber #jpvtuber',PT13S,6527,228,0,50
UCpzHDnMS67OUSppK_zfIVxg,2024-04-26T09:00:32Z,movie,'好きでしょ？好きじゃない！ #vtuber #新人vtuber #vtuber準備中 #おすすめ #jpvtuber #個人勢vtuber #かぐや様は告らせたい',PT11S,5871,158,0,43
UCpzHDnMS67OUSppK_zfIVxg,2024-04-29T09:00:16Z,short,'目を少し閉じて笑って口だけ閉じた顔 #裏の顔チャレンジ #vtuber #新人vtuber #vtuber準備中 #おすすめ #jpvtuber #個人勢vtuber #shorts #fyp',PT8S,8353,198,0,35
UCpzHDnMS67OUSppK_zfIVxg,2024-04-16T09:00:38Z,movie,'迷子を見かけて声掛けただけで防犯ブザーを鳴らされる(？) #Vtuber #新人vtuber #vtuber準備中 #jpvtuber #個人勢vtuber #おすすめ',PT9S,9876,245,0,36
UCpzHDnMS67OUSppK_zfIVxg,2024-04-25T09:00:32Z,short,'お気に入りの生徒 #shorts #バズれ #funny #vtuber #新人vtuber #vtuber準備中 #おすすめ #jpvtuber #個人勢vtuber',PT6S,8958,248,0,52
UCpzHDnMS67OUSppK_zfIVxg,2024-04-23T09:00:18Z,movie,'一見踊ってるだけに見えて…？ #vtuber #新人vtuber #vtuber準備中 #おすすめ #jpvtuber #個人勢vtuber',PT11S,4227,126,0,41
UCpzHDnMS67OUSppK_zfIVxg,2024-04-21T09:00:01Z,movie,'一生懸命書いたの読んでくれるまで帰さないから #vtuber #新人vtuber #vtuber準備中 #おすすめ #jpvtuber #個人勢vtuber',PT9S,9838,270,0,58
UCpzHDnMS67OUSppK_zfIVxg,2024-04-09T09:00:00Z,movie,'一緒に行ってくれますか？ #vtuber #jpvtuber #新人vtuber #おすすめ #個人勢vtuber',PT10S,8480,261,0,48
UCpzHDnMS67OUSppK_zfIVxg,2024-04-07T09:00:45Z,movie,'犯人はわかりましたか…？ #vtuber #vtuber準備中 #新人vtuber #今なら古参 #古参 #古参になりませんか',PT12S,717,47,0,15
UCpzHDnMS67OUSppK_zfIVxg,2024-04-12T09:00:35Z,movie,'推してみない？🦊 #vtuber #新人vtuber #vtuber準備中 #おすすめ #jpvtuber #個人勢vtuber #今推しが居ないそこの君',PT14S,2662,157,0,58
UCpzHDnMS67OUSppK_zfIVxg,2024-04-11T09:00:23Z,movie,'この笑顔はいくら…？🥹‪ #vtuber #新人vtuber #vtuber準備中 #jpvtuber #バーチャルyoutuber #ブイチューバー',PT10S,4540,96,0,33
UCpzHDnMS67OUSppK_zfIVxg,2024-04-02T07:14:00Z,short,'TikTokシャドウバンなう😭 #vtuber #vtuber準備中 #新人vtuber #shorts #狐狛ぎん #すきっちゅーの',PT14S,268,35,0,10
UCpzHDnMS67OUSppK_zfIVxg,2024-04-18T09:06:39Z,movie,'POKÉDANCE🐟 #Vtuber #新人vtuber #jpvtuber #個人勢vtuber #pokémon #pokedance #ポケモン',PT16S,717,51,0,29
UCpzHDnMS67OUSppK_zfIVxg,2024-04-04T09:10:23Z,short,'んーまっ！ #vtuber #vtuber準備中 #新人vtuber #shorts',PT10S,468,39,0,15
UCpzHDnMS67OUSppK_zfIVxg,2024-04-03T08:40:16Z,short,'クール系🫶 #vtuber準備中 #新人vtuber #vtuber #おすすめ #shorts',PT14S,688,34,0,15
UCpzHDnMS67OUSppK_zfIVxg,2024-04-05T09:00:45Z,short,'しいたけお目目はお好きですか？👐Bling‐bang-bang🫶 #vtuber #vtuber準備中 #新人vtuber #個人勢vtuber #shorts',PT24S,671,36,0,12
UCpzHDnMS67OUSppK_zfIVxg,2024-04-27T09:00:27Z,short,'右見て〜！左見て〜！ #vtuber #新人vtuber #vtuber準備中 #おすすめ #jpvtuber #個人勢vtuber #デタバレネコ #shorts #猫又おかゆ',PT8S,4268,151,0,36
UCpzHDnMS67OUSppK_zfIVxg,2024-04-20T09:00:03Z,movie,'お前っていつも髪ボサボサでマスクにメガネつけてるよな #vtuber #新人vtuber #vtuber準備中 #おすすめ #jpvtuber #個人勢vtuber',PT15S,504,54,0,29
UCFJiU5Q2tb8nTkt2h3yaSFw,2024-04-08T14:22:53Z,movie,'【#歌ってみた】『ctrl + x / x-x』@17歳',PT1M41S,600,65,0,53
UCFJiU5Q2tb8nTkt2h3yaSFw,2024-04-24T13:27:19Z,short,'【新人Vtuber】#高校生歌い手 が #ウンタカダンス を #歌ってみた #shorts',PT11S,19835,617,0,78
UCFJiU5Q2tb8nTkt2h3yaSFw,2024-04-15T14:48:48Z,short,'【新人Vtuber】#高校生歌い手 が #ダーリンダンス / かいりきベア を #歌ってみた #shorts 💔💔💔',PT17S,4416,207,0,47
UCFJiU5Q2tb8nTkt2h3yaSFw,2024-04-09T10:58:52Z,short,'『15秒ください』#高校生歌い手 が『ctrl + x / x-x』を #歌ってみた #shorts 【新人VTuber】#VTuber ❤️‍🩹❤️‍🩹❤️‍🩹',PT16S,1376,134,0,24
UCFJiU5Q2tb8nTkt2h3yaSFw,2024-04-11T14:18:05Z,short,'【新人Vtuber】#高校生歌い手 が『俺だけの時間ってコト（3DS世代が一度はやるアレ）』を #アフレコ もどきしてみた。#shorts 📖📖📖',PT11S,11488,485,0,60
UCFJiU5Q2tb8nTkt2h3yaSFw,2024-04-08T14:58:20Z,short,'【#新人VTuber】#高校生歌い手 が『#ビノミ  / MARETU』をケロケロさせて #歌ってみた #shorts 🍴🍴🍴',PT18S,1900,117,0,12
UCFJiU5Q2tb8nTkt2h3yaSFw,2024-04-16T13:32:08Z,short,'【映画・変な家：#雨穴】#高校生歌い手 が『Frail』のサビの部分を #歌ってみた #shorts 《新人Vtuber》🏠🏠🏠',PT17S,22173,1008,0,105
UCFJiU5Q2tb8nTkt2h3yaSFw,2024-04-17T12:28:19Z,short,'【新人Vtuber】#高校生歌い手 が『一生懸命書いたの、読んでくれるまで帰さないから』と迫ってみた。#shorts #アフレコ 💌💌💌',PT14S,8011,308,0,52
UCFJiU5Q2tb8nTkt2h3yaSFw,2024-04-03T16:30:19Z,short,'【新人Vtuber】#高校生歌い手 が #ビビデバ / 星街すいせい (#hololive #ホロライブ) を #歌ってみた #shorts ☄️☄️☄️',PT15S,93063,2374,0,108
UCFJiU5Q2tb8nTkt2h3yaSFw,2024-04-06T15:06:29Z,short,'【新人Vtuber】#高校生歌い手 がアカペラで #ビビデバ / #星街すいせい を歌ってみた💫💫💫 #shorts #hololive #ホロライブ',PT19S,15601,686,0,75
UCFJiU5Q2tb8nTkt2h3yaSFw,2024-04-23T14:46:54Z,short,'【新人Vtuber】#高校生歌い手 が #好きな惣菜発表ドラゴン / 重音テト を #歌ってみた #shorts 🐉 🐉 🐉',PT15S,5567,247,0,37
UCFJiU5Q2tb8nTkt2h3yaSFw,2024-04-13T14:40:52Z,short,'【新人Vtuber】#高校生歌い手 が『#ぜんりょくじょしかくめい! ／ひみつのアイプリ feat.#P丸様。』を#歌ってみた #shorts 💖💖💖',PT14S,4538,280,0,32
UCFJiU5Q2tb8nTkt2h3yaSFw,2024-04-21T14:33:42Z,short,'【新人Vtuber】#高校生歌い手 が #もすかう を空耳で #歌ってみた #shorts 🚣 🚣 🚣',PT14S,13313,612,0,118
UCFJiU5Q2tb8nTkt2h3yaSFw,2024-04-20T15:13:09Z,short,'【新人Vtuber】#高校生歌い手 が #初恋キラー / 乃紫 #歌ってみた #shorts 🍹🍹🍹',PT15S,10283,462,0,37
UCFJiU5Q2tb8nTkt2h3yaSFw,2024-04-19T14:36:47Z,short,'【新人Vtuber】#高校生歌い手 が #魔性の女A / 紫今 を #歌ってみた #shorts 💔💔💔',PT14S,4978,230,0,40
UCFJiU5Q2tb8nTkt2h3yaSFw,2024-04-10T15:27:57Z,short,'【新人Vtuber】#高校生歌い手 が #アーニャを知ると世界が平和に !? を #アフレコ もどきしてみた。#shorts #スパイファミリー 🥜🥜🥜',PT14S,6052,196,0,28
UCFJiU5Q2tb8nTkt2h3yaSFw,2024-04-12T14:20:14Z,short,'【新人Vtuber】#高校生歌い手 が『川からあがった河童〜（早口言葉）』をやってみた！ #shorts #声優 😈😈😈',PT12S,11201,392,0,46
UCFJiU5Q2tb8nTkt2h3yaSFw,2024-04-07T15:57:03Z,short,'【新人Vtuber】#高校生歌い手 が『Waiting For Love / 日本語訳（カマキリダンス）』を #歌ってみた 💖💖💖 《アカペラ #shorts》',PT13S,5245,217,0,31
UCFJiU5Q2tb8nTkt2h3yaSFw,2024-04-29T16:10:02Z,short,'【新人Vtuber】#高校生歌い手 が #Dec. / #kanaria を #歌ってみた #shorts 💙💙💙',PT21S,1392,116,0,23
UCFJiU5Q2tb8nTkt2h3yaSFw,2024-04-04T16:44:18Z,short,'【新人Vtuber】#高校生歌い手 が #ポケダンス / #ポケモン を #歌ってみた🕺💃🎵 #shorts',PT16S,8502,324,0,45
UCFJiU5Q2tb8nTkt2h3yaSFw,2024-04-02T14:12:30Z,short,'【声真似】レム(Re:ゼロから始める異世界生活 / リゼロ)から電話が掛かってきた。#shorts #高校生歌い手 #新人vtuber #アフレコ 💙💙💙',PT21S,2658,166,0,45
UCFJiU5Q2tb8nTkt2h3yaSFw,2024-04-27T14:06:23Z,short,'【新人Vtuber】#高校生歌い手 が #StellarStellar /#星街すいせい #歌ってみた 《#hololive #shorts 》',PT12S,6336,242,0,44
UCFJiU5Q2tb8nTkt2h3yaSFw,2024-04-05T15:03:00Z,short,'【Vtuber】#高校生歌い手 が #イガク /原口沙輔 をアカペラで#歌ってみた #shorts💥💥💥',PT17S,3496,377,0,64
UCFJiU5Q2tb8nTkt2h3yaSFw,2024-04-01T14:10:36Z,short,'【新人Vtuber】#高校生歌い手 が「悩殺ねーちゃんスーパーボイ〜ン！」を #アフレコ もどきで演じたらメスガキになった 👱‍♀️👱‍♀️👱‍♀️ #shorts',PT6S,2712,178,0,56
UC23peOPQ0qQLLME5TwDP6AA,2024-04-30T09:00:05Z,short,'マヨネーズ派じゃなければぶち転がされる!?【花乃森そまり】#shorts #vtuber準備中 #新人vtuber #vtuber #jpvtuber #tiktok #fyp #バズれ #おすすめ',PT12S,3945,114,0,37
UC23peOPQ0qQLLME5TwDP6AA,2024-04-20T09:00:00Z,short,'なぜかぶっ叩かれる新人VTuber💭【花乃森そまり】#shorts #vtuber準備中 #新人vtuber #vtuber #jpvtuber #おすすめ #tiktok #fyp #バズれ',PT21S,19163,443,0,44
UC23peOPQ0qQLLME5TwDP6AA,2024-04-17T09:00:34Z,short,'できる女の「さしすせそ」💜【花乃森そまり】#shorts #vtuber準備中 #新人vtuber #vtuber #jpvtuber #おすすめ #tiktok #fyp #バズれ',PT10S,9443,221,0,22
UC23peOPQ0qQLLME5TwDP6AA,2024-04-19T09:00:42Z,short,'ゆっくり瞬きすると誰でも可愛くなれるらしい💜【花乃森そまり】#shorts #vtuber準備中 #新人vtuber #vtuber #jpvtuber #おすすめ #tiktok #fyp #バズれ',PT8S,5391,151,0,30
UC23peOPQ0qQLLME5TwDP6AA,2024-04-25T09:00:39Z,short,'すき？きらい？【花乃森そまり】#shorts #vtuber準備中 #新人vtuber #vtuber #jpvtuber #tiktok #fyp #バズれ #相対性理論',PT20S,2412,110,0,31
UC23peOPQ0qQLLME5TwDP6AA,2024-04-24T09:00:29Z,short,'ポムポム踊ってみた🍮【花乃森そまり】#shorts #vtuber準備中 #新人vtuber #vtuber #jpvtuber #tiktok #fyp #ポムポムプリン #ポムポムビート',PT14S,514,48,0,31
UC23peOPQ0qQLLME5TwDP6AA,2024-04-23T09:00:03Z,short,'あいついつも口開いちゃってるよなぁ【花乃森そまり】#shorts #vtuber準備中 #新人vtuber #vtuber #jpvtuber #tiktok #fyp #バズれ',PT13S,3342,118,0,26
UC23peOPQ0qQLLME5TwDP6AA,2024-04-29T09:00:03Z,short,'ぱいの歌🎶🍻【花乃森そまり】#shorts #vtuber準備中 #新人vtuber #vtuber #jpvtuber #tiktok #fyp #バズれ #おすすめ',PT17S,6672,213,0,31
UC23peOPQ0qQLLME5TwDP6AA,2024-04-27T09:00:42Z,short,'お茶くらい飲んでいけや😺【花乃森そまり】#shorts #vtuber準備中 #新人vtuber #vtuber #jpvtuber #tiktok #fyp #バズれ #おすすめ #宝愛瑠',PT8S,3793,116,0,34
UC23peOPQ0qQLLME5TwDP6AA,2024-04-26T09:00:41Z,short,'100万あったらどうしたい？【花乃森そまり】#shorts #vtuber準備中 #新人vtuber #vtuber #jpvtuber #tiktok #fyp #バズれ #おすすめ',PT12S,5188,113,0,34
UC23peOPQ0qQLLME5TwDP6AA,2024-04-28T09:00:18Z,short,'カレー作り過ぎちゃって…🍛【花乃森そまり】#shorts #vtuber準備中 #新人vtuber #vtuber #jpvtuber #tiktok #fyp #バズれ #おすすめ #P丸様。',PT13S,7161,194,0,35
UC23peOPQ0qQLLME5TwDP6AA,2024-04-22T09:00:19Z,short,'ダメなのじゃダメなのじゃ.ᐟ‪【花乃森そまり】#shorts #vtuber準備中 #新人vtuber #vtuber #jpvtuber #tiktok #fyp #バズれ',PT8S,4175,145,0,35
UC23peOPQ0qQLLME5TwDP6AA,2024-04-01T10:00:40Z,short,'【準備中VTuberがされて嬉しいこと3選 ~X編~】100日後にデビューするVtuber33日目🌸【花乃森そまり】#新人vtuber  #vtuber #shorts #個人勢vtuber',PT50S,518,42,0,26
UC23peOPQ0qQLLME5TwDP6AA,2024-04-07T09:00:04Z,short,'【イメージモチーフも可愛いよ🐾🌸💜】100日後にデビューするVtuber39日目🌸【花乃森そまり】#新人vtuber  #vtuber #shorts #個人勢vtuber',PT38S,285,33,0,28
UC23peOPQ0qQLLME5TwDP6AA,2024-04-05T09:01:00Z,short,'【配信タグも決まってます🐾】100日後にデビューするVtuber37日目🌸【花乃森そまり】#新人vtuber  #vtuber #shorts #個人勢vtuber',PT28S,191,40,0,27
UC23peOPQ0qQLLME5TwDP6AA,2024-04-11T09:00:04Z,short,'土と砂と岩の違いわからない【花乃森そまり】#shorts #vtuber準備中 #新人vtuber #vtuber #jpvtuber #おすすめ #tiktok #fyp #バズれ',PT18S,9861,313,0,26
UC23peOPQ0qQLLME5TwDP6AA,2024-04-12T10:00:25Z,short,'マニアックなダム行かない？【花乃森そまり】#shorts #vtuber準備中 #新人vtuber #vtuber #jpvtuber #おすすめ #tiktok #fyp #バズれ',PT9S,6025,152,0,31
UC23peOPQ0qQLLME5TwDP6AA,2024-04-13T09:00:18Z,short,'オリーブオイルで揚げたチキンが美味い🍗✨【花乃森そまり】#shorts #vtuber準備中 #新人vtuber #vtuber #jpvtuber #おすすめ #tiktok #fyp #バズれ',PT18S,4674,155,0,37
UC23peOPQ0qQLLME5TwDP6AA,2024-04-14T09:00:02Z,short,'2個だけ買ってきたタピオカ、君だけにあげない【花乃森そまり】#shorts #vtuber準備中 #新人vtuber #vtuber #jpvtuber #おすすめ #tiktok #fyp #バズれ',PT14S,11706,276,0,40
UC23peOPQ0qQLLME5TwDP6AA,2024-04-18T09:00:37Z,short,'【プチ企画開催💜】100日後にデビューするVtuber50日目🌸【花乃森そまり】#新人vtuber  #vtuber #shorts #個人勢vtuber',PT32S,564,53,0,36
UC23peOPQ0qQLLME5TwDP6AA,2024-04-09T09:00:13Z,short,'肉まんもくださいっ.ᐟ‪【花乃森そまり】#shorts #vtuber準備中 #新人vtuber #vtuber #jpvtuber #おすすめ #tiktok #fyp #バズれ',PT19S,7651,221,0,43
UC23peOPQ0qQLLME5TwDP6AA,2024-04-15T09:00:05Z,short,'お前っていつも髪ボサボサだよな【花乃森そまり】#shorts #vtuber準備中 #新人vtuber #vtuber #jpvtuber #おすすめ #tiktok #fyp #バズれ',PT15S,8926,187,0,27
UC23peOPQ0qQLLME5TwDP6AA,2024-04-16T09:00:07Z,short,'WiFiのパスワード教えてっ.ᐟ‪【花乃森そまり】#shorts #vtuber準備中 #新人vtuber #vtuber #jpvtuber #おすすめ #tiktok #fyp #バズれ',PT13S,3571,113,0,20
UC23peOPQ0qQLLME5TwDP6AA,2024-04-08T09:00:26Z,short,'【そまりの誕生日は夏だよ🏝🐚】100日後にデビューするVtuber40日目🌸【花乃森そまり】#新人vtuber  #vtuber #shorts #個人勢vtuber',PT30S,351,38,0,36
UC23peOPQ0qQLLME5TwDP6AA,2024-04-02T09:00:02Z,short,'【推しVTuberにすると喜ばれること3選】100日後にデビューするVtuber34日目🌸【花乃森そまり】#新人vtuber  #vtuber #shorts #個人勢vtuber',PT52S,562,42,0,25
UC23peOPQ0qQLLME5TwDP6AA,2024-04-03T09:00:28Z,short,'【ファンアートタグあります🎨】100日後にデビューするVtuber35日目🌸【花乃森そまり】#新人vtuber  #vtuber #shorts #個人勢vtuber',PT26S,145,34,0,24
UC23peOPQ0qQLLME5TwDP6AA,2024-04-10T09:00:27Z,short,'私の推し様紹介するね💜【花乃森そまり】#shorts #vtuber準備中 #新人vtuber #vtuber #jpvtuber #おすすめ #tiktok #fyp #バズれ',PT10S,5169,134,0,29
UC23peOPQ0qQLLME5TwDP6AA,2024-04-04T09:00:34Z,short,'【ファンマークは絵文字が３つ🐾🌸💜】100日後にデビューするVtuber36日目🌸【花乃森そまり】#新人vtuber  #vtuber #shorts #個人勢vtuber',PT36S,236,32,0,24
UC23peOPQ0qQLLME5TwDP6AA,2024-04-06T09:00:15Z,short,'【イメージカラーは薄むらさき💜】100日後にデビューするVtuber38日目🌸【花乃森そまり】#新人vtuber  #vtuber #shorts #個人勢vtuber',PT32S,245,33,0,28
UC23peOPQ0qQLLME5TwDP6AA,2024-04-21T09:00:35Z,short,'顔だけちらり覗かせると誰でも可愛くなれるらしい…？【花乃森そまり】#shorts #vtuber準備中 #新人vtuber #vtuber #jpvtuber #tiktok #fyp #バズれ',PT8S,305,50,0,36
UCUG0EfG2NA_Bc2U8nJEeesg,2024-04-16T07:07:43Z,short,'【#ジャッジアイズ】 町で出会った変な人① #新人vtuber #vtuber #男性vtuber #shorts  #judgeeyes',PT1M,464,3,0,0
UCUG0EfG2NA_Bc2U8nJEeesg,2024-04-12T13:03:12Z,live,'【#JUDGEEYES：死神の遺言Remastered / ネタバレあり】#06 完全初見のジャッジアイズ ～暴力で全てを解決する～【#イオスクヴェル / #ジャッジアイズ 】',PT2H52M13S,14,2,0,0
UCUG0EfG2NA_Bc2U8nJEeesg,2024-04-03T05:53:23Z,short,'【#ジャッジアイズ】 殺人事件を追っていたはずなのに…… #新人vtuber #vtuber #男性vtuber #shorts',PT57S,517,4,0,0
UCUG0EfG2NA_Bc2U8nJEeesg,2024-04-02T13:07:51Z,live,'【#JUDGEEYES：死神の遺言Remastered / ネタバレあり】#03 完全初見のジャッジアイズ ～暴力で全てを解決する～【#イオスクヴェル / #ジャッジアイズ 】',PT2H55M23S,20,4,0,0
UCUG0EfG2NA_Bc2U8nJEeesg,2024-04-19T14:19:01Z,live,'【#マインクラフト 】導入Mod数100以上!? 建築サーバーで大農園を作る!! part1 #ストフギ 【#イオスクヴェル /  #minecraft 】',PT2H25M36S,35,4,0,0
UCUG0EfG2NA_Bc2U8nJEeesg,2024-04-15T14:21:49Z,live,'【#JUDGEEYES：死神の遺言Remastered / ネタバレあり】#09 完全初見のジャッジアイズ ～暴力で全てを解決する～【#イオスクヴェル / #ジャッジアイズ 】',PT3H7M56S,6,5,0,0
UCUG0EfG2NA_Bc2U8nJEeesg,2024-04-02T02:52:03Z,live,'【#JUDGEEYES：死神の遺言Remastered / ネタバレあり】#02 完全初見のジャッジアイズ ～暴力で全てを解決する～【#イオスクヴェル / #ジャッジアイズ 】',PT1H51M1S,18,2,0,0
UCUG0EfG2NA_Bc2U8nJEeesg,2024-04-17T14:12:42Z,live,'【#JUDGEEYES：死神の遺言Remastered / ネタバレあり】#11 完全初見のジャッジアイズ ～暴力で全てを解決する～【#イオスクヴェル / #ジャッジアイズ 】',PT3H4M4S,16,5,0,0
UCUG0EfG2NA_Bc2U8nJEeesg,2024-04-09T12:40:29Z,live,'【#JUDGEEYES：死神の遺言Remastered / ネタバレあり】#05 完全初見のジャッジアイズ ～暴力で全てを解決する～【#イオスクヴェル / #ジャッジアイズ 】',PT2H32M18S,23,4,0,0
UCUG0EfG2NA_Bc2U8nJEeesg,2024-04-18T13:16:13Z,live,'【#JUDGEEYES：死神の遺言Remastered / ネタバレあり】#12 完全初見のジャッジアイズ ～暴力で全てを解決する～【#イオスクヴェル / #ジャッジアイズ 】',PT3H4M32S,17,5,0,0
UCUG0EfG2NA_Bc2U8nJEeesg,2024-04-13T13:16:04Z,live,'【#JUDGEEYES：死神の遺言Remastered / ネタバレあり】#07 完全初見のジャッジアイズ ～暴力で全てを解決する～【#イオスクヴェル / #ジャッジアイズ 】',PT3H6M12S,7,5,0,0
UCUG0EfG2NA_Bc2U8nJEeesg,2024-04-28T14:04:31Z,live,'【#ネタバレが激しすぎるrpg 】全ての謎を解き明かし、謎の黒幕を倒して見せる！ #イオスクヴェル  【#最後の敵の正体は勇者の父 】',PT3H55M12S,22,3,0,0
UCUG0EfG2NA_Bc2U8nJEeesg,2024-04-16T14:39:08Z,live,'【#JUDGEEYES：死神の遺言Remastered / ネタバレあり】#10 完全初見のジャッジアイズ ～暴力で全てを解決する～【#イオスクヴェル / #ジャッジアイズ 】',PT3H29M10S,1,3,0,0
UCUG0EfG2NA_Bc2U8nJEeesg,2024-04-28T08:26:49Z,live,'【#マインクラフト 】導入Mod数100以上!? 建築サーバーで大農園を作る!! part3 #ストフギ 【#イオスクヴェル /  #minecraft 】',PT3H10M32S,21,4,0,0
UCUG0EfG2NA_Bc2U8nJEeesg,2024-04-27T12:47:18Z,live,'【#JUDGEEYES：死神の遺言Remastered / ネタバレあり】#13 完全初見のジャッジアイズ ～暴力で全てを解決する～【#イオスクヴェル / #ジャッジアイズ 】',PT2H33M48S,30,5,0,2
UCUG0EfG2NA_Bc2U8nJEeesg,2024-04-14T14:51:26Z,live,'【#JUDGEEYES：死神の遺言Remastered / ネタバレあり】#08 完全初見のジャッジアイズ ～暴力で全てを解決する～【#イオスクヴェル / #ジャッジアイズ 】',PT3H38M34S,7,4,0,0
UCUG0EfG2NA_Bc2U8nJEeesg,2024-04-03T12:47:25Z,live,'【#JUDGEEYES：死神の遺言Remastered / ネタバレあり】#04 完全初見のジャッジアイズ ～暴力で全てを解決する～【#イオスクヴェル / #ジャッジアイズ 】',PT2H39M9S,18,2,0,0
UCUG0EfG2NA_Bc2U8nJEeesg,2024-04-27T09:29:22Z,live,'【#マインクラフト 】導入Mod数100以上!? 建築サーバーで大農園を作る!! part2 #ストフギ 【#イオスクヴェル /  #minecraft 】',PT4H10M43S,22,2,0,0
UCzneYx1RnmjPWX_WQH8svlA,2024-04-29T15:31:05Z,live,'【 #スプラトゥーン3】スプラ3 サイドオーダー 秩序の塔周回【 #サイドオーダー / #初見さん大歓迎  】',PT3H18M8S,73,12,0,0
UCzneYx1RnmjPWX_WQH8svlA,2024-04-26T14:10:59Z,live,'【#作曲  】朝活用BGM作る【#DTM  / #初見さん大歓迎  】',PT2H3M56S,56,14,0,0
UCzneYx1RnmjPWX_WQH8svlA,2024-04-30T11:34:32Z,short,'ソーナンスの声真似習得した #夜宵とばり #ソーナンス #ソーナノ #声真似 #新人vtuber #切り抜き #切り抜き動画 #shorts #vtuber #ポケモン',PT17S,105,11,0,1
UCzneYx1RnmjPWX_WQH8svlA,2024-04-01T13:25:44Z,short,'エイプリルフール白とばり #shorts  #新人vtuber #古参になりませんか #セルフ受肉  #通話 #ボイス #エイプリルフール',PT23S,39,11,0,2
UCzneYx1RnmjPWX_WQH8svlA,2024-04-02T14:18:07Z,live,'【 #MHW 】4 撮れ高目指す新大陸旅  100人目指しつつストーリー！【#MonsterHunterWorld /#初見さん大歓迎  】',PT2H9M25S,65,15,0,1
UCzneYx1RnmjPWX_WQH8svlA,2024-04-06T16:14:50Z,live,'【 #MHW 】5 撮れ高目指す新大陸旅  上位いくぞー！【#MonsterHunterWorld /#初見さん大歓迎  】',PT3H58M2S,64,16,0,0
UCzneYx1RnmjPWX_WQH8svlA,2024-04-25T03:59:46Z,live,'【#雑談 】4月振り返り飲酒雑談【#飲酒配信  / #初見さん大歓迎  】',PT1H50M3S,48,11,0,0
UCzneYx1RnmjPWX_WQH8svlA,2024-04-18T03:07:49Z,live,'【#雑談 】祝1ヶ月のんびり雑談【#初見さん大歓迎  】',PT1H36M47S,58,11,0,0
UCzneYx1RnmjPWX_WQH8svlA,2024-04-15T14:32:34Z,live,'【 #MHW 】7 撮れ高目指す新大陸旅  参加型！古龍周回【#MonsterHunterWorld / #参加型  #初見さん大歓迎  】',PT2H21M16S,59,9,0,0
UCzneYx1RnmjPWX_WQH8svlA,2024-04-28T14:35:04Z,live,'【 #MHW 】8 撮れ高目指す新大陸旅  ストーリー終わらせる！【#MonsterHunterWorld /  #初見さん大歓迎  】',PT2H25M28S,50,9,0,0
UCzneYx1RnmjPWX_WQH8svlA,2024-04-07T13:57:34Z,live,'【#朝活  】一時間ほどのんびりお話【#おはようvtuber  #朝活雑談  /#初見さん大歓迎  】',PT1H29M9S,58,12,0,0
UCzneYx1RnmjPWX_WQH8svlA,2024-03-31T15:09:20Z,live,'【 #MHW 】3 撮れ高目指す新大陸旅  新マップ行くぜ！！【#MonsterHunterWorld /#初見さん大歓迎  】',PT2H57M50S,78,7,0,0
UCzneYx1RnmjPWX_WQH8svlA,2024-04-04T02:50:26Z,live,'【#誕生日  】誕生日なのでケーキ食べながら雑談【#雑談 / #初見さん大歓迎  】',PT1H34M46S,65,17,0,0
UCzneYx1RnmjPWX_WQH8svlA,2024-04-02T00:18:21Z,live,'【#おはよう耐久  】20人とおはようしたい！【#朝活雑談    /#初見さん大歓迎  】',PT2H11M30S,111,16,0,0
UCzneYx1RnmjPWX_WQH8svlA,2024-04-20T12:13:15Z,live,'【 #スプラトゥーン3】スプラフェス参加型✦ひよこ陣営とばりさんとフェスやろ～！【 #スプラトゥーン3参加型  #初見さん大歓迎  】',PT2H4S,73,9,0,0
UCzneYx1RnmjPWX_WQH8svlA,2024-04-14T14:39:35Z,live,'【 #夜間警備 】初ホラゲ！えるさん一緒だからきっと怖くない【 #糸色える / #コラボ配信 】',PT2H30M24S,121,15,0,0
UCzneYx1RnmjPWX_WQH8svlA,2024-04-14T02:43:01Z,live,'【#おはよう耐久  】縦型で20人とおはようしたい！【#朝活雑談    /#初見さん大歓迎  】',PT2H24M35S,107,14,0,0
UCzneYx1RnmjPWX_WQH8svlA,2024-04-22T14:33:37Z,live,'【 #マスターデュエル  】カジュアルデッキでランク腕試し【#遊戯王マスターデュエル / #初見さん大歓迎  】',PT2H23M51S,103,11,0,0
UCzneYx1RnmjPWX_WQH8svlA,2024-04-16T10:34:41Z,short,'Notぴゃーの #夜宵とばり #切り抜き #新人vtuber #vtuber #shorts #切り抜き動画 #滑舌悪い',PT43S,59,8,0,9
UCzneYx1RnmjPWX_WQH8svlA,2024-04-13T14:12:24Z,live,'【 #eurotrucksimulator2  】運転大好きゴールドメッキ免許行きます！【#新人vtuber  /#初見さん大歓迎  】',PT2H3M53S,113,10,0,0
UCzneYx1RnmjPWX_WQH8svlA,2024-04-21T02:07:35Z,live,'【#歌枠  ♬】初めての歌枠！色々歌うよ【#歌枠配信 / #初見さん大歓迎  】',PT1H29M51S,75,11,0,0
UCzneYx1RnmjPWX_WQH8svlA,2024-04-11T14:45:41Z,live,'【 #MHW 】6 撮れ高目指す新大陸旅  古龍狩りまくる！【#MonsterHunterWorld /#初見さん大歓迎  】',PT2H32M36S,56,10,0,0
UCzneYx1RnmjPWX_WQH8svlA,2024-04-10T15:40:58Z,live,'【#ピアノ演奏  🎹】適当にピアノ弾きながら雑談する【#雑談 / #初見さん大歓迎  】',PT3H30M38S,85,13,0,0
UCdktACSrw2uHkL_cl1VbudQ,2024-04-22T13:03:02Z,short,'スピボってたまに面白いよね #shorts #phasmophobia',PT36S,305,4,0,0
UCdktACSrw2uHkL_cl1VbudQ,2024-04-17T16:28:11Z,short,'【Phasmophobia】スピボの反応悪くてよく失敗するよね【天ちゃま】#shorts #phasmophobia',PT1M1S,440,2,0,0
UCdktACSrw2uHkL_cl1VbudQ,2024-04-25T14:15:39Z,short,'【Phasmophobia】ブードゥーに異変が【天ちゃま】#shorts #phasmophobia',PT31S,451,2,0,0
UCdktACSrw2uHkL_cl1VbudQ,2024-04-24T23:58:27Z,short,'はじまったと思ったら終わっていた#shorts #phasmophobia',PT1M1S,464,1,0,0
UCdktACSrw2uHkL_cl1VbudQ,2024-04-20T05:13:36Z,live,'【きのこぬん】きのこ生えました【天ちゃま】',PT2H8M34S,17,1,0,0
UCdktACSrw2uHkL_cl1VbudQ,2024-04-07T04:22:52Z,live,'【原神】普通のゲームもできるんです【天ちゃま】',PT2H15M45S,38,2,0,2
UCdktACSrw2uHkL_cl1VbudQ,2024-04-26T07:30:35Z,live,'【Phasmophobia】やることないので幽霊調査【天ちゃま】',PT2H17M12S,26,3,0,2
UCdktACSrw2uHkL_cl1VbudQ,2024-04-13T05:07:34Z,live,'【Among the Sleep】あかちゃまですよ【天ちゃま】',PT2H1M22S,16,1,0,0
UCdktACSrw2uHkL_cl1VbudQ,2024-04-17T15:06:09Z,live,'【Phasmophobia】ぼっち調査員です【天ちゃま】',PT2H58M19S,49,2,0,0
UCdktACSrw2uHkL_cl1VbudQ,2024-04-24T15:12:58Z,live,'【Phasmophobia】慣れてきた調査員です【天ちゃま】',PT3H2M45S,43,1,0,2
UCdktACSrw2uHkL_cl1VbudQ,2024-04-14T17:04:47Z,live,'【Among the Sleep】あかちゃまの続きですよ【天ちゃま】',PT1H49M50S,46,3,0,0
UCdktACSrw2uHkL_cl1VbudQ,2024-04-01T15:46:40Z,live,'【偽夢】ホラー配信者ではないんです【天ちゃま】',PT4H32M31S,32,2,0,0
UCdktACSrw2uHkL_cl1VbudQ,2024-04-18T13:48:28Z,live,'【きのこぬん】きのこ生やします【天ちゃま】',PT2H42M28S,56,2,0,0
UCWMnIQcOWiYqf4r8H3de_1Q,2024-04-21T11:18:49Z,live,'【参加型】ひよこ派でフェス蹂躙します【個人Vtuber】',PT4H5M32S,18,2,0,1
UCWMnIQcOWiYqf4r8H3de_1Q,2024-04-03T19:04:00Z,movie,'【女装怪人Vtuber】眼々敷まけるのあやしい踊り【個人Vtuber】',PT11S,344,5,0,1
UCWMnIQcOWiYqf4r8H3de_1Q,2024-04-13T01:50:38Z,live,'【Fractured Minds】少女エミリーが作った謎のホラーゲームを実況【個人Vtuber】',PT46M26S,28,3,0,0
UCWMnIQcOWiYqf4r8H3de_1Q,2024-04-07T03:28:25Z,live,'【Supermarket Simulator】24ｈ営業耐久、まけるまーけっとへようこそPart4【個人男性Vtuber】',PT11H54M12S,95,4,0,0
UCWMnIQcOWiYqf4r8H3de_1Q,2024-04-16T14:54:19Z,live,'【Content Warning】心霊スポットで動画撮影リベンジコラボ【個人Vtuber】',PT2H42M8S,25,2,0,1
UCWMnIQcOWiYqf4r8H3de_1Q,2024-04-23T01:48:45Z,live,'【リク募集】ドット絵を作ろう【個人Vtuber】',PT1H15M15S,21,1,0,0
UCWMnIQcOWiYqf4r8H3de_1Q,2024-04-17T15:30:44Z,live,'【参加型】ゆめ2っきのんびり野良オンライン【個人Vtuber】',PT2H46M34S,96,6,0,0
UCWMnIQcOWiYqf4r8H3de_1Q,2024-04-02T16:24:07Z,live,'【参加型】ゆめ2っきのんびり野良オンライン【個人Vtuber】',PT4H2M36S,83,3,0,0
UCWMnIQcOWiYqf4r8H3de_1Q,2024-04-04T00:20:10Z,live,'【参加型】心霊スポットで動画撮影しよう【Content Warning】',PT43M18S,26,1,0,0
UCWMnIQcOWiYqf4r8H3de_1Q,2024-04-09T16:20:06Z,live,'【参加型】ゆめ2っきのんびり野良オンライン【個人Vtuber】',PT4H38M37S,141,7,0,0
UCWMnIQcOWiYqf4r8H3de_1Q,2024-04-25T13:49:49Z,live,'【参加型】ゆめ2っきオンラインみなぞこへ向かいます【個人Vtuber】',PT2H40M2S,66,4,0,0
UCWMnIQcOWiYqf4r8H3de_1Q,2024-04-04T02:53:46Z,live,'【YumeCore/夢核】夢の中で他の患者をボコボコにするゲーム【個人Vtuber】',PT1H54M8S,22,2,0,0
UCWMnIQcOWiYqf4r8H3de_1Q,2024-04-14T17:07:57Z,live,'【参加型】２っきの偽うろつきしばきながら雑談【個人Vtuber】',PT3H28M54S,95,7,0,1
UCWMnIQcOWiYqf4r8H3de_1Q,2024-04-19T09:16:46Z,live,'【完全初見プレイ】超探偵事件簿 レインコード 実況プレイPart4（2章開始～）【個人Vtuber】',PT2H8M39S,19,2,0,0
UCWMnIQcOWiYqf4r8H3de_1Q,2024-04-11T16:26:55Z,live,'【iLLANG】かわいい人狼ゲームに参加しよう【個人Vtuber】',PT4H42M8S,43,4,0,0
UCWMnIQcOWiYqf4r8H3de_1Q,2024-04-07T16:37:29Z,live,'【Supermarket Simulator】24ｈ営業耐久、まけるまーけっとへようこそPart5【個人男性Vtuber】',PT11H33M30S,63,4,0,0
UCWMnIQcOWiYqf4r8H3de_1Q,2024-03-31T17:55:22Z,live,'【Supermarket Simulator】０時から寝ずに営業耐久中、まけるまーけっとへようこそPart3【個人男性Vtuber】',PT6H41M17S,31,1,0,0
UCWMnIQcOWiYqf4r8H3de_1Q,2024-04-23T15:14:40Z,live,'【参加型】ゆめ2っきのんびり野良オンライン【個人Vtuber】',PT3H31M56S,99,7,0,0
UCTnzSI6PZT99WlrrI26u0EQ,2024-04-05T15:31:14Z,live,'【完全初見】ハイラル城乗り込む前の祠修行　ゼルダを知らないVtuberによるブレワイ初見配信【#ゼルダの伝説ブレスオブザワイルド 】#20',PT2H46M57S,14,0,0,0
UCTnzSI6PZT99WlrrI26u0EQ,2024-04-20T05:57:22Z,live,'映画のような迫力らしい？スパイダーマン２を遊ぶ！【Marvel's Spider-Man 2】',PT3H14M23S,34,1,0,0
UCTnzSI6PZT99WlrrI26u0EQ,2024-04-14T03:52:16Z,live,'そうだ、各地方の嫁ポケに会いに行こう　～初めてのカロス地方～　「ポケットモンスターX」#2',PT2H33M10S,24,2,0,0
UCTnzSI6PZT99WlrrI26u0EQ,2024-04-03T04:09:30Z,live,'親友を見つけだして、脱出するぞ！　ホラー嫌いの方が作った水族館ホラー【アクアリウムは踊らない】#2',PT3H36M25S,13,0,0,0
UCTnzSI6PZT99WlrrI26u0EQ,2024-04-13T03:38:39Z,live,'嫁ポケ枠とマスボ級を目指すランクマ配信【シーズン17】#ポケモンSV',PT2H48M34S,29,1,0,0
UCTnzSI6PZT99WlrrI26u0EQ,2024-04-10T04:10:12Z,live,'いざ、エンディング周回！　ホラー嫌いの方が作った水族館ホラー【アクアリウムは踊らない】#3',PT3H1M10S,14,0,0,0
UCTnzSI6PZT99WlrrI26u0EQ,2024-04-25T03:44:17Z,live,'パーティー全員嫁ポケ枠！ 配信で一緒に戦ったポケモンだけでランクマ潜る配信【シーズン17】#ポケモンSV',PT2H29M19S,15,1,0,0
UCTnzSI6PZT99WlrrI26u0EQ,2024-04-07T02:39:13Z,live,'そうだ、各地方の嫁ポケに会いに行こう　～初めてのカロス地方～　「ポケットモンスターX」#1',PT1H59M40S,26,1,0,0
UCTnzSI6PZT99WlrrI26u0EQ,2024-04-28T03:44:34Z,live,'今日も事件解決しますか！【Marvel's Spider-Man 2】',PT3H10M23S,42,0,0,0
UCTnzSI6PZT99WlrrI26u0EQ,2024-04-18T03:01:47Z,live,'嫁ポケ枠とマスボ級上位を目指すランクマ配信【シーズン17】#ポケモンSV',PT2H2M,34,1,0,1
UCqDUUJgkW58TS5DoE7UFd2Q,2024-04-16T10:51:13Z,live,'【朝活】初見さん大歓迎♡ 「おはよう」「いってらっしゃい」をみんなに言いたい雑談配信♪【姫澄ユア】【新人Vtuber】',PT34M8S,70,12,0,2
UCqDUUJgkW58TS5DoE7UFd2Q,2024-04-28T18:12:59Z,live,'【朝活】初見さん大歓迎♡ 「おはよう」「いってらっしゃい」をみんなに言って、最近の推し活についてお話しする雑談配信♪重大告知とお知らせができるかも！【姫澄ユア】【新人Vtuber】',PT55M17S,56,15,0,2
UCqDUUJgkW58TS5DoE7UFd2Q,2024-04-04T16:16:45Z,live,'【ヘブバン】恒星掃戦線、SSR3体以上確定65連ガチャ、スコアアタック やりきるぞ～！【＃01】【ヘブンバーンズレッド】【姫澄ユア】【新人Vtuber】',PT3H42S,214,19,0,0
UCqDUUJgkW58TS5DoE7UFd2Q,2024-04-23T15:24:18Z,live,'絶対に負けられないアソビ大全コラボwith暮間あおいさん☕雑談おしゃべりもたくさんしたい♪【世界のアソビ大全51】【姫澄ユア】【新人Vtuber】',PT2H14M42S,85,10,0,0
UCqDUUJgkW58TS5DoE7UFd2Q,2024-04-10T03:57:36Z,live,'【メガニケ】完全初見🔰エミリアたんとリゼロコラボとストーリー攻略！【＃06】【勝利の女神：NIKKE】【姫澄ユア】【新人Vtuber】',PT1H48M31S,167,25,0,2
UCqDUUJgkW58TS5DoE7UFd2Q,2024-04-12T02:47:12Z,live,'【メガニケ】完全初見🔰新イベントとストーリー攻略！アプデが来たよ！【＃07】【勝利の女神：NIKKE】【姫澄ユア】【新人Vtuber】',PT1H26M12S,229,20,0,2
UCqDUUJgkW58TS5DoE7UFd2Q,2024-04-19T02:51:14Z,live,'【メガニケ】完全初見🔰チアイベを最後まで読む！【＃08】【勝利の女神：NIKKE】【新人Vtuber】【姫澄ユア】',PT1H4M53S,94,18,0,2
UCqDUUJgkW58TS5DoE7UFd2Q,2024-04-15T15:14:35Z,live,'【ヘブバン】交流・メモストやってみんなと仲良くなろう！【＃02】【ヘブンバーンズレッド】【姫澄ユア】【新人Vtuber】',PT2H6M19S,230,23,0,0
UCqDUUJgkW58TS5DoE7UFd2Q,2024-04-03T04:29:25Z,live,'【メガニケ】完全初見🔰エイプリルフールイベとガチャ！エミリアたんをお迎えしたいっ！【＃05】【勝利の女神：NIKKE】【姫澄ユア】【新人Vtuber】',PT1H12M48S,309,26,0,5
UCqDUUJgkW58TS5DoE7UFd2Q,2024-04-14T12:01:04Z,live,'【朝活】初見さん大歓迎♡ 30人におはようを言いたい雑談配信♪【姫澄ユア】【新人Vtuber】',PT1H3M25S,92,17,0,3
UCxn4HDZWTQom7boE9cICe_g,2024-04-17T01:34:24Z,live,'【雑談】アニメ化企画初投稿記念雑談！クラス発表が終わりました！【#さくなさく /#セルフ受肉  】',PT1H42M35S,47,10,0,0
UCxn4HDZWTQom7boE9cICe_g,2024-04-09T00:43:24Z,live,'【雑談/歌枠】好きな曲を歌いたくなっちゃったもん！【 #さくなさく 】【#セルフ受肉 】',PT1H43M33S,64,12,0,0
UCxn4HDZWTQom7boE9cICe_g,2024-04-03T02:44:56Z,live,'【お知らせ＆雑談】制服のアンケートのお知らせ＆短めに雑談！【#さくなさく /#セルフ受肉  】',PT1H7M15S,53,6,0,0
UCxn4HDZWTQom7boE9cICe_g,2024-04-21T20:36:47Z,live,'【縦型/歌枠】しっとりまったり歌います。【 #さくなさく / #セルフ受肉 】#shorts',PT1H41M58S,82,10,0,0
UCxn4HDZWTQom7boE9cICe_g,2024-04-21T00:03:24Z,live,'【縦型/歌枠】好きな曲を歌いたくなっちゃったもん！【 #さくなさく / #セルフ受肉 】#shorts',PT1H25M40S,63,6,0,0
UCxn4HDZWTQom7boE9cICe_g,2024-04-01T23:59:51Z,live,'【初配信】初めまして。佐久くんって呼んでください。【 #エイプリルフール   /#セルフ受肉  】',PT52M13S,58,8,0,0
UC2qm85KxNGsi-a6PxiLBNsQ,2024-04-06T09:00:41Z,movie,'日本語難しすぎて無理！ #vtuber',PT18S,58,4,0,0
UC2qm85KxNGsi-a6PxiLBNsQ,2024-04-25T09:00:29Z,movie,'需要ないはずな七色ボイス比較。どの声が好み？コメントでよろしく！ #vtuber #切り抜き＃声真似',PT35S,459,6,0,0
UC2qm85KxNGsi-a6PxiLBNsQ,2024-04-16T09:00:09Z,movie,'はじめてのものまねしてみたお。 #vtuber　＃Shorts  #大天災な神降臨',PT16S,332,4,0,0
UC2qm85KxNGsi-a6PxiLBNsQ,2024-04-30T09:07:43Z,short,'最近の分析をしてたら面白いことが判明してしまったVtuber月神 #vtuber #shorts #両生類  #女声',PT25S,20,1,0,0
UC2qm85KxNGsi-a6PxiLBNsQ,2024-04-09T09:00:17Z,short,'やりたいこと見つからない人必見！やりたいことの見つけ方！ #vtuber #shorts #月神様',PT27S,40,2,0,0
UC2qm85KxNGsi-a6PxiLBNsQ,2024-04-11T09:00:16Z,movie,'最近の沼について。みんなの沼は何？ #vtuber　＃shorts',PT15S,81,2,0,0
UC2qm85KxNGsi-a6PxiLBNsQ,2024-04-18T09:00:39Z,movie,'とある有名アニメの声真似してみた#vtuber #声真似 ＃ワンピース',PT26S,58,2,0,0
UC2qm85KxNGsi-a6PxiLBNsQ,2024-04-01T00:03:21Z,live,'【耐久企画】徹夜覚悟。チャンネル登録者数100人耐久！頼む！睡眠時間を。。。',PT1M21S,12,5,0,0
UC2qm85KxNGsi-a6PxiLBNsQ,2024-04-23T09:00:11Z,movie,'神様の声が変化したらどうなる？どっちがいいかコメントでよろしく！ #vtuber #切り抜き ＃声真似 #声真似 ＃Shorts',PT20S,447,8,0,0
UC2qm85KxNGsi-a6PxiLBNsQ,2024-04-09T12:38:21Z,live,'今週の予定',P0D,0,2,0,0
UC2qm85KxNGsi-a6PxiLBNsQ,2024-04-04T02:03:56Z,live,'今日はちょっと、僕が相談させてください。戦闘はキーボード移動はpadでやる変なプレイの仕方でやってくる神様。【モンスターハンターワールド】',PT1H43M8S,26,2,0,0
UC2qm85KxNGsi-a6PxiLBNsQ,2024-04-20T03:00:25Z,live,'【お祭り企画】チャンネル登録者数が増えるごとに声が変わってしまう雑談配信。配信画面はサーキット走りながら＃雑談　＃Vtuber',PT1H44M56S,56,3,0,0
UC2qm85KxNGsi-a6PxiLBNsQ,2024-04-05T00:39:32Z,live,'【恋話】恋ってなんだろ？時になってみたので考えてみようの会。',PT31M11S,17,0,0,0
UC2qm85KxNGsi-a6PxiLBNsQ,2024-04-03T19:06:56Z,live,'【新企画】初のプレゼント企画の軌跡　素人が神曲を作るまで。。。【作曲】#vtuber ＃作曲',PT1H52M43S,34,4,0,0
UC2qm85KxNGsi-a6PxiLBNsQ,2024-04-13T00:48:49Z,live,'javaを勉強するだけのスーパー雑な談紹介。マイクラのプラグインとかわかるようになりたいなと思うこの頃。',PT38M57S,14,5,0,0
UC2qm85KxNGsi-a6PxiLBNsQ,2024-03-31T15:53:11Z,live,'【耐久企画】徹夜覚悟。チャンネル登録者数110人耐久！頼む！睡眠時間を。。。',PT3H30M31S,150,20,0,0
UCrBJbi_YwKNPgBfAbu_m4mQ,2024-04-01T19:25:47Z,live,'【 #ドラゴンズドグマ2 】メインクエと思われるやつやってこ！#08',PT3H38M5S,170,23,0,0
UCrBJbi_YwKNPgBfAbu_m4mQ,2024-04-15T01:10:42Z,live,'前回敗北したお部屋リベンジ！！！簡単モードとは･･･【 #ShadowCorridor 】#04',PT2H29M55S,112,23,0,0
UCrBJbi_YwKNPgBfAbu_m4mQ,2024-04-05T09:58:08Z,live,'【 #雑談 】2.5連休したから作業雑談してもいいよね！！',PT2H31M49S,173,27,0,3
UCrBJbi_YwKNPgBfAbu_m4mQ,2024-04-25T12:42:57Z,live,'【 #参加型 】ゴリラとあそぼ♪🦍1on1 steam版🦍勝っても負けても泣かない怒らない！！【 #アーマードコア6 】#39',PT3H2M50S,240,41,0,0
UCrBJbi_YwKNPgBfAbu_m4mQ,2024-04-01T12:12:25Z,live,'【 4/1 朝活！】春が来るぞ～✨おはようおやすみ🐱おはポキ雑談🥞✨【 #初見歓迎 】',PT1H34M1S,120,32,0,0
UCrBJbi_YwKNPgBfAbu_m4mQ,2024-04-01T12:41:14Z,live,'【 #参加型 】ゴリラとあそぼ♪🦍1on1 steam版🦍勝っても負けても泣かない怒らない！！【 #アーマードコア6 】#36',PT2H55M40S,221,31,0,0
UCrBJbi_YwKNPgBfAbu_m4mQ,2024-04-18T01:55:48Z,live,'ラスト作品！がんばっていくぅ！！⛄2画面視聴オススメ✨【 #wewerehereforever  】with 久遠悟',PT1H47M30S,32,16,0,0
UCrBJbi_YwKNPgBfAbu_m4mQ,2024-04-13T00:32:28Z,live,'【 #JellyExpress 】行くぞ、チームぜリー🦉ぽらも～ど🥞',PT1H17M48S,48,14,0,0
UCrBJbi_YwKNPgBfAbu_m4mQ,2024-04-02T11:55:55Z,live,'【 4/2 朝活！】気温差えっぐいがんばろ！おはようおやすみ🐱おはポキ雑談🥞✨【 #初見歓迎 】',PT1H34M19S,106,31,0,0
UCrBJbi_YwKNPgBfAbu_m4mQ,2024-04-08T11:48:49Z,live,'【 4/8 朝活！】月曜開始！ゆるっとな～☕おはようおやすみ🐱おはポキ雑談🥞✨【 #初見歓迎 】',PT1H34M55S,78,25,0,0
UCrBJbi_YwKNPgBfAbu_m4mQ,2024-04-22T13:50:07Z,live,'【 4/22 朝活！】ちょっと眠いです！眠いです！おはようおやすみ🐱おはポキ雑談🥞✨【 #初見歓迎 】',PT1H34M8S,88,28,0,0
UCrBJbi_YwKNPgBfAbu_m4mQ,2024-04-11T13:36:23Z,live,'【 4/11 朝活！】早起きしすぎて深夜民になりましたおはようおやすみ🐱おはポキ雑談🥞✨【 #初見歓迎 】',PT1H34M30S,94,33,0,0
UCrBJbi_YwKNPgBfAbu_m4mQ,2024-04-12T12:13:20Z,live,'【 4/12 朝活！】すぐお口噛んじゃう～🥺おはようおやすみ🐱おはポキ雑談🥞✨【 #初見歓迎 】',PT1H34M33S,73,30,0,0
UCrBJbi_YwKNPgBfAbu_m4mQ,2024-04-22T18:13:20Z,live,'【 #雑談 / 作業 】やることいっぱいだと何していいかわかんなくなるよね～☕🍰',PT1H30M43S,80,19,0,0
UCrBJbi_YwKNPgBfAbu_m4mQ,2024-04-29T22:57:42Z,live,'明日から猛配信やぞぉぉ🔥🔥うひょー✨✨【 #雑談 】',PT1H5M35S,121,39,0,0
UCrBJbi_YwKNPgBfAbu_m4mQ,2024-04-17T20:17:57Z,live,'す～ぐ気圧に負けちゃってごめんなさいの突発配信😢',PT1H51M52S,119,36,0,2
UCrBJbi_YwKNPgBfAbu_m4mQ,2024-04-18T22:51:46Z,live,'意外と長い！！2部屋くらいいけるといいんだけど･･･【 #ShadowCorridor 】#05',PT45M56S,42,9,0,0
UCrBJbi_YwKNPgBfAbu_m4mQ,2024-04-16T14:01:02Z,live,'【 4/16 朝活！】昨夜は🐸ゲコゲコ鳴いてた～🎶おはようおやすみ🐱おはポキ雑談🥞✨【 #初見歓迎 】',PT1H33M24S,107,31,0,0
UCrBJbi_YwKNPgBfAbu_m4mQ,2024-04-21T14:29:51Z,live,'なんとかなったからフェスもなんとかなる！！【 スプラトゥーン3 】',PT2H18M6S,51,15,0,0
UCrBJbi_YwKNPgBfAbu_m4mQ,2024-04-10T11:38:17Z,live,'【 #雑談  】ポキとお茶会 第二一回【 #初見さん歓迎 】',PT2H44S,87,31,0,2
UCrBJbi_YwKNPgBfAbu_m4mQ,2024-04-06T00:25:31Z,live,'【 #新幹線0号 】節穴だらけのこの目で見つけてやるぜ🦉ぽらも～ど🥞',PT1H13M17S,64,21,0,0
UCrBJbi_YwKNPgBfAbu_m4mQ,2024-04-19T21:01:09Z,live,'【 #雑談 】久しぶりにゆるっとひるトーク🍫✨今日って何の日～どこまで脱線しよか～🍨【 #コメント歓迎 】',PT1H36M24S,71,20,0,0
UCrBJbi_YwKNPgBfAbu_m4mQ,2024-04-30T04:28:15Z,live,'夢はでっかくSランク🔥頑張れ私の集中力🔥【 #アーマードコア6 】#40',PT6H5M21S,761,63,0,0
UCrBJbi_YwKNPgBfAbu_m4mQ,2024-04-11T12:11:35Z,live,'４麻✨ひさしぶりにやるにゃんたま✨ポキ魂【 #雀魂 】',PT2H33M46S,149,28,0,4
UCrBJbi_YwKNPgBfAbu_m4mQ,2024-04-15T11:54:13Z,live,'目指せソロランクA🔥🔥どこまでいけるかな～✨【 #アーマードコア6 】#38',PT2H14M15S,291,38,0,0
UCrBJbi_YwKNPgBfAbu_m4mQ,2024-03-31T20:12:57Z,live,'【 #ドラゴンズドグマ2 】メインクエと思われるやつやってこ！#07',PT3H6M5S,96,24,0,0
UCrBJbi_YwKNPgBfAbu_m4mQ,2024-04-08T11:39:05Z,live,'今日はソロランクマッチ戦！どこまでいけるかな～✨【 #アーマードコア6 】#37',PT2H1M16S,284,51,0,2
UCrBJbi_YwKNPgBfAbu_m4mQ,2024-04-12T17:26:39Z,live,'【 #雑談 】作業しんといかんけどおしゃべりもしたい🥞✨【 #コメント歓迎 】',PT1H52M42S,237,29,0,2
UCrBJbi_YwKNPgBfAbu_m4mQ,2024-04-07T14:37:41Z,live,'イージーで行く5番目くらいのところから！【 #ShadowCorridor 】#03',PT4H16M6S,105,31,0,4
UCrBJbi_YwKNPgBfAbu_m4mQ,2024-04-09T12:09:45Z,live,'【 4/9 朝活！】おっやまにあ～めが降りました～☔おはようおやすみ🐱おはポキ雑談🥞✨【 #初見歓迎 】',PT1H35M17S,111,34,0,0
UCrBJbi_YwKNPgBfAbu_m4mQ,2024-04-25T11:47:05Z,live,'【 4/25 #朝活】おはようおやすみ🐱おはポキ雑談🥞✨【 #初見歓迎 】',PT1H34M37S,73,28,0,0
UCrBJbi_YwKNPgBfAbu_m4mQ,2024-04-09T05:25:33Z,live,'やっと一人目に会えそう？！【 #RainWorld 】第五章！＃62',PT2H20M18S,67,18,0,0
UCrBJbi_YwKNPgBfAbu_m4mQ,2024-04-01T01:29:12Z,live,'ノーマルモードじゃ全然進めないやないかい😭【 #ShadowCorridor 】#02',PT2H46M40S,103,21,0,2
UCrBJbi_YwKNPgBfAbu_m4mQ,2024-04-02T12:49:44Z,live,'【 #雑談  】ポキとお茶会 第二十回【 #初見さん歓迎 】',PT3H2M46S,162,39,0,2
UCrBJbi_YwKNPgBfAbu_m4mQ,2024-04-30T12:14:49Z,live,'【 #雑談 】ポキとお茶会 第二三回【 #初見さん歓迎 】',PT2H34M51S,141,36,0,2
UCrBJbi_YwKNPgBfAbu_m4mQ,2024-04-19T19:29:29Z,live,'【 4/19 朝活！】昨夜終わるの早かったから今朝は雑談！おはようおやすみ🐱おはポキ雑談🥞✨【 #初見歓迎 】',PT1H35M5S,77,26,0,0
UCrBJbi_YwKNPgBfAbu_m4mQ,2024-04-26T16:46:16Z,live,'【 #雑談 / 作業 】来週の準備とかしながらおしゃべりするのだ～✨✨',PT1H32M22S,73,22,0,0
UCrBJbi_YwKNPgBfAbu_m4mQ,2024-04-07T05:51:38Z,live,'コントローラーが新しくなった私なら行ける！！！！【 #RainWorld 】第五章！＃61',PT2H45M44S,105,28,0,4
UCrBJbi_YwKNPgBfAbu_m4mQ,2024-04-19T12:16:57Z,live,'４麻✨今日は頭使っていくぅぅぅぅ✨ポキ魂【 #雀魂 】',PT2H37M58S,135,28,0,2
UCrBJbi_YwKNPgBfAbu_m4mQ,2024-04-13T12:22:38Z,live,'歌えなかったら即終了？！過去歌リトライ200超えから抽選🥞✨【 #歌枠 】',PT2H34M27S,170,40,0,0
UCrBJbi_YwKNPgBfAbu_m4mQ,2024-04-14T20:02:31Z,live,'【 #vnote歌謡祭 】16時～シェリル曲✨あたしの歌を聴けぇ✨【 #歌枠 】',PT30M47S,135,30,0,2
UCrBJbi_YwKNPgBfAbu_m4mQ,2024-04-01T09:30:07Z,live,'とおてんたんつ【歌ってみた】苫漓ポキ',PT2M37S,235,32,0,10
UCrBJbi_YwKNPgBfAbu_m4mQ,2024-04-27T14:37:44Z,live,'【 グロ注意⚠ 】朝グロ🌞完全初見！チュートリアル的なものあったらやっておく！【 #deadspace2023 】',PT1H37M49S,117,36,0,0
UCrBJbi_YwKNPgBfAbu_m4mQ,2024-04-16T05:29:37Z,live,'苦手エリア突入～！！！【 #RainWorld 】第五章！＃63',PT2H23M21S,51,16,0,0
UCrBJbi_YwKNPgBfAbu_m4mQ,2024-04-23T05:07:03Z,live,'今日こそスカイエリアに引っ越ししたい･･･【 #RainWorld 】第五章！＃64',PT2H3M12S,69,20,0,1
UCrBJbi_YwKNPgBfAbu_m4mQ,2024-04-11T18:20:47Z,live,'17年前のゲームなんだって！わからんけどやってみるぜ✨✨【 #マキビシコミック 】#01',PT1H38M21S,75,18,0,0
UCrBJbi_YwKNPgBfAbu_m4mQ,2024-04-23T12:39:21Z,live,'【 #雑談 】開幕少々告知あり✨ポキとお茶会 第二二回【 #初見さん歓迎 】',PT2H58M38S,152,41,0,2
UCrBJbi_YwKNPgBfAbu_m4mQ,2024-04-06T22:47:50Z,live,'坂本真綾only🎵一時間ノンストップ✨✨【 #歌枠 】',PT1H4M30S,117,29,0,0
UCrBJbi_YwKNPgBfAbu_m4mQ,2024-04-23T12:08:45Z,live,'【 4/23 朝活！】サメ映画なに見るか考える朝🦈おはようおやすみ🐱おはポキ雑談🥞✨【 #初見歓迎 】',PT1H33M37S,86,27,0,0
UCrBJbi_YwKNPgBfAbu_m4mQ,2024-04-18T12:08:26Z,live,'【 4/18 朝活！】今日も朝がやってきた🌞おはようおやすみ🐱おはポキ雑談🥞✨【 #初見歓迎 】',PT1H34M53S,96,33,0,0
UCrBJbi_YwKNPgBfAbu_m4mQ,2024-04-26T11:51:04Z,live,'【 4/26 #朝活 】もうすぐGW✨✨おはようおやすみ🐱おはポキ雑談🥞✨【 #初見歓迎 】',PT1H35M38S,99,28,0,0
UCtQuYUnvFJt7VUF6iNN8X6A,2024-04-29T15:32:16Z,live,'【Shadow Corridor 2 雨ノ四葩】見守りたい人だけどうぞ',PT2H5M16S,286,23,0,0
UCtQuYUnvFJt7VUF6iNN8X6A,2024-04-20T03:40:34Z,live,'【Shadow Corridor 2 雨ノ四葩】少し走ります（祭殿 上級）',PT55M49S,299,24,0,0
UCtQuYUnvFJt7VUF6iNN8X6A,2024-04-08T13:54:30Z,movie,'『Shadow Corridor 2 雨ノ四葩』製品版リリース6日前、火垂屋店主の告知動画',PT14S,569,44,0,5
UCtQuYUnvFJt7VUF6iNN8X6A,2024-04-14T03:30:52Z,live,'【ShadowCorridor2 雨ノ四葩】火垂屋店主、癒やしの初級マラソンに参加',PT1H19M43S,1164,45,0,1
UCtQuYUnvFJt7VUF6iNN8X6A,2024-04-11T08:00:31Z,short,'Regista GAMES POP UP STOREに行ってきました #shorts',PT16S,732,61,0,3
UCtQuYUnvFJt7VUF6iNN8X6A,2024-04-24T02:36:09Z,live,'【Shadow Corridor 2 雨ノ四葩】超少しだけ（勾玉集め編、霊廟の空間に閉じ込められた）',PT51M57S,219,22,0,1
UCtQuYUnvFJt7VUF6iNN8X6A,2024-04-29T17:42:15Z,live,'【Shadow Corridor 2 雨ノ四葩】火垂屋、上級探索編（追憶の水底 上級、樹海団地 上級、いつもの閉店）',PT1H46M55S,339,27,0,1
UCtQuYUnvFJt7VUF6iNN8X6A,2024-04-10T03:42:47Z,live,'【VALORANT】趣味の弓漢',PT48M29S,110,12,0,0
UCtQuYUnvFJt7VUF6iNN8X6A,2024-04-18T01:05:09Z,live,'【Shadow Corridor 2 雨ノ四葩】忙しない視点と休憩による無言の圧（硝子の楼閣 上級）',PT1H8M42S,355,23,0,0
UCtQuYUnvFJt7VUF6iNN8X6A,2024-04-21T02:07:32Z,live,'【Shadow Corridor 2 雨ノ四葩】火垂屋の別名が多すぎる件',PT1H30M58S,488,22,0,2
UCtQuYUnvFJt7VUF6iNN8X6A,2024-04-17T02:30:01Z,live,'【Shadow Corridor 2 雨ノ四葩】休憩的、雨ノ四葩です。監視用にどうぞ。',PT56M57S,496,24,0,0
UCtQuYUnvFJt7VUF6iNN8X6A,2024-04-16T16:25:50Z,live,'【Shadow Corridor 2 雨ノ四葩】火垂屋店主です、なにかします',PT43M6S,710,35,0,0
UCtQuYUnvFJt7VUF6iNN8X6A,2024-04-22T17:23:34Z,live,'【Shadow Corridor 2 雨ノ四葩】火垂屋、ただ楽しむ、そして喋る',PT53M18S,1017,49,0,1
UCtQuYUnvFJt7VUF6iNN8X6A,2024-04-01T04:40:21Z,live,'【Shadow Corridor2 雨ノ四葩】火垂屋店主（の声を担当している人）が喉を使わない様に視聴者が監視する枠【製品版】',PT1H54M29S,1926,63,0,2
UCtQuYUnvFJt7VUF6iNN8X6A,2024-04-28T18:29:25Z,live,'【Shadow Corridor 2 雨ノ四葩】火垂屋15分だけ雨ノ四葩に行く、理由は微熱(楼閣(初)更新、謎のステルスミヅチ)',PT35M11S,348,32,0,1
UCtQuYUnvFJt7VUF6iNN8X6A,2024-04-13T02:36:50Z,live,'【Buckshot Roulette】ディーラーさん、無言の圧を出すけど良いかな？',PT44M58S,119,12,0,1
UCtQuYUnvFJt7VUF6iNN8X6A,2024-04-12T01:46:58Z,live,'【Buckshot Roulette】ディーラーさん、俺調子悪くて喋れないけど……やる？',PT28M26S,180,17,0,1
UCtQuYUnvFJt7VUF6iNN8X6A,2024-04-12T16:54:18Z,movie,'【ShadowCorridor2 雨ノ四葩】出張版、火垂屋店主（初級SS埋め）',PT36M,775,20,0,0
UCtQuYUnvFJt7VUF6iNN8X6A,2024-04-11T02:23:30Z,live,'【ShadowCorridor2 雨ノ四葩】火垂屋店主です、上級狙います（霊廟 上級）',PT34M43S,831,33,0,1
UCtQuYUnvFJt7VUF6iNN8X6A,2024-04-13T12:33:39Z,movie,'【ShadowCorridor2 雨ノ四葩】初級は問題無さそうです（追憶の水底 上級/初級2ステージ）',PT54M32S,259,6,0,0
UCtQuYUnvFJt7VUF6iNN8X6A,2024-04-15T11:00:29Z,movie,'メビウス - 柊キライ feat.flower (Cover) / 鋼雅仁【ワンコーラス】',PT1M21S,383,31,0,0
UCtQuYUnvFJt7VUF6iNN8X6A,2024-04-05T17:30:05Z,live,'【ShadowCorridor2 雨ノ四葩】火垂屋店主です、30分しかできません',PT49M53S,5169,146,0,19
UCtQuYUnvFJt7VUF6iNN8X6A,2024-04-12T17:06:40Z,live,'【ShadowCorridor2 雨ノ四葩】珍しく喋れた火垂屋店主『は？』',PT33M18S,883,41,0,1
UCtQuYUnvFJt7VUF6iNN8X6A,2024-04-09T07:23:59Z,live,'【ShadowCorridor2 雨ノ四葩】火垂屋店主、ver1.08を少し見に行く（霖雨の回廊 上級）',PT34M54S,1114,36,0,2
UCtQuYUnvFJt7VUF6iNN8X6A,2024-04-03T03:15:54Z,live,'【ShadowCorridor2 雨ノ四葩】火垂屋店主、雨ノ四葩に行く',PT1H38M1S,2655,75,0,0
UCtQuYUnvFJt7VUF6iNN8X6A,2024-04-10T03:35:26Z,live,'【ShadowCorridor2 雨ノ四葩】時間掛かるステージと上級に挑む火垂屋店主（行方知れずの風穴 中級/アジサイ横丁 上級）',PT1H17M,425,34,0,0
UCtQuYUnvFJt7VUF6iNN8X6A,2024-04-03T09:57:51Z,live,'【Shadow Corridor/影廊】年越し、骸流しの渓谷',PT2H12M35S,200,22,0,0
UCL30cxyo5E8lk_iOK-aZYOg,2024-04-16T08:20:10Z,short,'こんにちはメグルです🧸配信頑張ります🧸 #新人vtuber #vtuber #shorts',PT36S,42,3,0,0
UCL30cxyo5E8lk_iOK-aZYOg,2024-04-06T02:10:23Z,live,'【APEX】参戦歓迎！エペやるよ配信【コウ/#新人vtuber 】',PT2H3M59S,11,1,0,0
UCL30cxyo5E8lk_iOK-aZYOg,2024-04-07T19:27:45Z,live,'【#雑談配信】ゆっくり雑談しよう配信3【誰でも歓迎！/メグル/#新人vtuber 】',PT1H10M39S,15,1,0,0
UCL30cxyo5E8lk_iOK-aZYOg,2024-04-29T07:47:37Z,live,'【#雑談配信】のんびり雑談配信④🧸誰でも歓迎！【メグル】',PT1H44M17S,29,5,0,0
UCL30cxyo5E8lk_iOK-aZYOg,2024-04-23T15:12:12Z,live,'【A Dance of Fire And Ice】音ゲー実況2🧸誰でも歓迎！【メグル / #新人vtuber 】',PT47M29S,28,2,0,0
UCL30cxyo5E8lk_iOK-aZYOg,2024-04-05T18:08:04Z,live,'【APEX】深夜のエペやるよ配信【コウ/#新人vtuber 】',PT2H59M7S,18,1,0,0
UCL30cxyo5E8lk_iOK-aZYOg,2024-04-22T07:19:48Z,live,'【7 Days to Die】ゲーム雑談🧸配信２🧸【メグル/実況 #7DTD 】',PT1H14M15S,19,2,0,0
UCL30cxyo5E8lk_iOK-aZYOg,2024-04-19T16:06:05Z,live,'【Buckshot Roulette】雑談ゲーム配信🧸誰でも歓迎！🧸【メグル / 実況 / #新人vtuber】',PT1H31M21S,20,2,0,0
UCL30cxyo5E8lk_iOK-aZYOg,2024-04-21T06:54:15Z,live,'【#OUTLAST】アウトラストやるよpart2🧸実況🧸【メグル / #新人vtuber】',PT51M3S,24,4,0,0
UCL30cxyo5E8lk_iOK-aZYOg,2024-04-18T17:36:54Z,live,'【#Kenshi】のんびり雑談💙実況配信🧸誰でも歓迎！🧸【メグル / #新人vtuber】',PT2H57M27S,41,2,0,0
UCL30cxyo5E8lk_iOK-aZYOg,2024-04-20T17:12:44Z,live,'【A Dance of Fire And Ice】話題の音ゲー実況🧸誰でも歓迎！【メグル / #新人vtuber 】',PT2H34M11S,26,3,0,0
UCL30cxyo5E8lk_iOK-aZYOg,2024-04-26T16:36:04Z,live,'【#Kenshi】のんびり雑談💙実況配信2🧸誰でも歓迎！🧸【メグル / #新人vtuber】',PT1H58M51S,36,1,0,0
UCL30cxyo5E8lk_iOK-aZYOg,2024-04-14T07:03:57Z,live,'【#OUTLAST】アウトラストやるよpart1🧸実況🧸【メグル / #新人vtuber】',PT1H1M6S,11,1,0,0
UCBKzNNiJV88UX2i7-vbEDsg,2024-04-12T13:13:18Z,live,'【ブルーアーカイブ】  今からでも間に合うよね！？ストーリー読んだりしてみる！【新人Vtuber　杏仁戌まる】',PT2H4M29S,130,17,0,4
UCBKzNNiJV88UX2i7-vbEDsg,2024-04-19T13:16:12Z,live,'【ブルーアーカイブ】 便利屋の子達が気になります 【新人Vtuber　杏仁戌まる】',PT2H8M50S,111,13,0,4
UCBKzNNiJV88UX2i7-vbEDsg,2024-04-10T13:21:08Z,live,'【スーパーマリオRPG】  #4 クッパとピーチと冒険へ！【新人Vtuber　杏仁戌まる】',PT2H15M48S,86,9,0,4
UCBKzNNiJV88UX2i7-vbEDsg,2024-04-03T01:09:45Z,live,'【あつまれどうぶつの森】  まるの島見せちゃいますっ　【新人Vtuber　杏仁戌まる】',PT1H38M19S,116,13,0,4
UCBKzNNiJV88UX2i7-vbEDsg,2024-04-09T12:55:41Z,live,'朝活！雨だけどがんばろ〜【新人Vtuber 杏仁戌まる】',PT1H11M47S,197,21,0,4
UCBKzNNiJV88UX2i7-vbEDsg,2024-04-14T00:57:15Z,live,'【スーパーマリオRPG】  #6 火山へGO！【新人Vtuber　杏仁戌まる】',PT1H15M18S,101,12,0,2
UCBKzNNiJV88UX2i7-vbEDsg,2024-04-29T03:23:26Z,movie,'幸せに　#新人vtuber #Vtuber #個人Vtuber #short　#杏仁戌まる 　#お呪い　#バズれ',PT18S,238,17,0,12
UCBKzNNiJV88UX2i7-vbEDsg,2024-04-30T13:08:32Z,live,'朝活！4月も終わりだね～【新人Vtuber 杏仁戌まる】',PT1H34M5S,225,19,0,0
UCBKzNNiJV88UX2i7-vbEDsg,2024-04-22T01:11:07Z,live,'【スーパーマリオRPG】  #8 ガチファイナルラストエンド【新人Vtuber　杏仁戌まる】',PT1H45M47S,116,11,0,2
UCBKzNNiJV88UX2i7-vbEDsg,2024-04-11T13:52:59Z,live,'【スーパーマリオRPG】  #5 スターもあと2個っ！【新人Vtuber　杏仁戌まる】',PT2H44M2S,91,14,0,2
UCBKzNNiJV88UX2i7-vbEDsg,2024-04-04T02:00:12Z,live,'【スーパーマリオRPG】  #01 待望の神作リメイクやる！【新人Vtuber　杏仁戌まる】',PT1H43M49S,123,12,0,2
UCBKzNNiJV88UX2i7-vbEDsg,2024-04-05T01:52:19Z,live,'【FF14×FF16コラボ】  クライヴ君とトルガルに会いに行く！　【#新人Vtuber　杏仁戌まる】',PT1H43M48S,181,11,0,2
UCBKzNNiJV88UX2i7-vbEDsg,2024-04-06T13:24:04Z,live,'【スーパーマリオRPG】  #02 待望の神作リメイク！　【新人Vtuber　杏仁戌まる】',PT2H17M31S,105,15,0,2
UCBKzNNiJV88UX2i7-vbEDsg,2024-04-07T13:41:03Z,live,'【スーパーマリオRPG】  #03 ジーノ君も加入しドゥカティへ！【新人Vtuber　杏仁戌まる】',PT2H30M58S,98,13,0,4
UCBKzNNiJV88UX2i7-vbEDsg,2024-04-01T11:20:55Z,live,'【朝活】新社会人応援隊【新人vtuber 杏仁戌まる】',PT1H16M39S,180,14,0,6
UCBKzNNiJV88UX2i7-vbEDsg,2024-04-20T13:36:50Z,live,'【スーパーマリオRPG】  #7 最終回？？カジオーをひねりつぶす【新人Vtuber　杏仁戌まる】',PT2H27M15S,84,9,0,2
UCBKzNNiJV88UX2i7-vbEDsg,2024-04-28T14:10:50Z,live,'【FF8/FINAL FANTASY VIII Remastered】  #2  サイファーはまた落ちる　【新人Vtuber　杏仁戌まる】',PT2H47M38S,315,17,0,4
UCBKzNNiJV88UX2i7-vbEDsg,2024-04-27T14:06:19Z,live,'【FF8/FINAL FANTASY VIII Remastered】  #1  愛のゲーム　【新人Vtuber　杏仁戌まる】',PT2H57M15S,391,22,0,2
UCBKzNNiJV88UX2i7-vbEDsg,2024-04-25T03:04:42Z,live,'【】  ハスキー？　【#新人Vtuber　杏仁戌まる】',PT1H16M19S,85,12,0,2
UCBKzNNiJV88UX2i7-vbEDsg,2024-04-26T03:43:56Z,live,'【Unpacking】#2  最近全然掃除してない！【新人Vtuber 杏仁戌まる】',PT1H25M12S,84,13,0,2
UCBKzNNiJV88UX2i7-vbEDsg,2024-04-19T00:40:41Z,live,'【雀魂×ブルアカ】  ホシノをむかえたい　【#新人Vtuber　杏仁戌まる】',PT1H17M47S,124,12,0,2
UCBKzNNiJV88UX2i7-vbEDsg,2024-04-18T01:10:55Z,live,'【伊豆】 おでかけいってきた！　【#新人Vtuber　杏仁戌まる】',PT1H35M45S,114,15,0,4
UCBKzNNiJV88UX2i7-vbEDsg,2024-03-31T15:12:29Z,live,'【FF7リバース】  #14最終回　 はじめての未プレイ配信！　【#新人Vtuber　杏仁戌まる】',PT3H53M50S,437,24,0,6
UCs4_iv21f7Qi6Abldk9wi0w,2024-04-22T07:00:07Z,short,'【あつ森】タイミング！！【切り抜き】 #shorts  #ゲーム実況 #あつまれどうぶつの森 #新人Vtuber',PT18S,7006,53,0,0
UCs4_iv21f7Qi6Abldk9wi0w,2024-04-27T09:30:14Z,short,'【Pokémon LEGENDS アルセウス】初めてのオヤブン【切り抜き】 #shorts #ポケモン #PokemonLEGENDS  #新人Vtuber #切り抜き',PT59S,4875,34,0,2
UCs4_iv21f7Qi6Abldk9wi0w,2024-04-07T05:00:20Z,short,'【あつ森】オチの無いゆるい話【切り抜き】 #shorts  #ゲーム実況 #あつまれどうぶつの森 #新人Vtuber',PT48S,180,6,0,2
UCs4_iv21f7Qi6Abldk9wi0w,2024-04-15T05:00:05Z,short,'【あつ森】キャンプサイトのお客様【切り抜き】 #shorts  #ゲーム実況 #あつまれどうぶつの森 #新人Vtuber',PT54S,187,9,0,0
UCs4_iv21f7Qi6Abldk9wi0w,2024-04-13T08:00:19Z,short,'【Pokémon LEGENDS アルセウス】ムックルを捕獲したい人生だった【切り抜き】 #shorts #ポケモン #PokemonLEGENDS  #新人Vtuber #切り抜き',PT54S,442,9,0,2
UCs4_iv21f7Qi6Abldk9wi0w,2024-04-20T10:30:19Z,short,'【Pokémon LEGENDS アルセウス】好きなのに怖い！！【切り抜き】 #shorts #ポケモン #PokemonLEGENDS  #新人Vtuber #切り抜き',PT46S,565,9,0,2
UCs4_iv21f7Qi6Abldk9wi0w,2024-04-25T08:00:20Z,movie,'【LOOP8（ループエイト）】懐かしくなるような景色とSFの融合【初見プレイpart1】#ゲーム実況 #新人VTuber',PT32M49S,200,12,0,8
UCs4_iv21f7Qi6Abldk9wi0w,2024-04-17T08:00:16Z,movie,'【デスゲーム】ロワイヤル初日はストーカー！？＿＿ヘブンズ・ロワイヤル＃４【ファンタジーノベル】',PT37M43S,13,0,0,0
UCs4_iv21f7Qi6Abldk9wi0w,2024-04-29T08:00:02Z,movie,'【LOOP8（ループエイト）】表世界の色違い。裏の世界へ【初見プレイpart2】#ゲーム実況 #新人VTuber',PT37M13S,74,7,0,9
UCs4_iv21f7Qi6Abldk9wi0w,2024-04-17T01:00:20Z,movie,'【デスゲーム】ギャンブル!?イカサマ!?天国で!?＿＿ヘブンズ・ロワイヤル＃３【ファンタジーノベル】',PT46M12S,9,0,0,0
UCs4_iv21f7Qi6Abldk9wi0w,2024-04-21T08:00:34Z,movie,'弾丸は翼に。命を懸けたギャンブル＿＿ヘブンズ・ロワイヤル＃１２【ファンタジーノベル】',PT40M5S,12,0,0,0
UCs4_iv21f7Qi6Abldk9wi0w,2024-04-22T00:04:56Z,movie,'ロワイヤルの本当の目的＿＿ヘブンズ・ロワイヤル＃１３【ファンタジーノベル】',PT35M48S,15,0,0,0
UCs4_iv21f7Qi6Abldk9wi0w,2024-04-19T01:00:16Z,movie,'緑髪ちゃん！貴方──だったのね！＿＿ヘブンズ・ロワイヤル＃７【ファンタジーノベル】',PT38M,14,0,0,0
UCs4_iv21f7Qi6Abldk9wi0w,2024-04-04T08:00:23Z,short,'【P5R】鳩を救済せよ【切り抜き】 #shorts #ゲーム実況 #ペルソナ5ザ・ロイヤル',PT13S,710,10,0,2
UCs4_iv21f7Qi6Abldk9wi0w,2024-04-16T00:33:00Z,movie,'【デスゲーム】この地獄から抜け出すために＿＿ヘブンズ・ロワイヤル＃１【ファンタジーノベル】',PT50M43S,23,1,0,0
UCs4_iv21f7Qi6Abldk9wi0w,2024-04-16T08:00:20Z,movie,'【デスゲーム】天使主催のロワイヤルとは？＿＿ヘブンズ・ロワイヤル＃２【ファンタジーノベル】',PT37M4S,31,0,0,0
UCs4_iv21f7Qi6Abldk9wi0w,2024-04-11T06:00:17Z,short,'【P5R】モルガナとの出会い【切り抜き】 #shorts #ゲーム実況 【ペルソナ5ザ・ロイヤル】',PT1M,178,8,0,2
UCs4_iv21f7Qi6Abldk9wi0w,2024-04-18T08:00:13Z,short,'【P5R】仕掛けは誰が作ってるんだ【切り抜き】 #shorts #ゲーム実況 【ペルソナ5ザ・ロイヤル】',PT44S,64,3,0,2
UCs4_iv21f7Qi6Abldk9wi0w,2024-04-20T08:00:11Z,movie,'私の消された記憶に──は関係あるのだろうか＿＿ヘブンズ・ロワイヤル＃１０【ファンタジーノベル】',PT38M58S,2,0,0,0
UCs4_iv21f7Qi6Abldk9wi0w,2024-04-29T08:56:45Z,live,'【#あつ森】新しい島作り！初めての和風島クリエイト【#ゲーム実況｜ライブ配信】【#新人Vtuber】',PT3H25M32S,486,26,0,4
UCs4_iv21f7Qi6Abldk9wi0w,2024-04-23T01:00:00Z,movie,'２度目の人生を自由に生きることにした＿＿ヘブンズ・ロワイヤル＃１５（最終回）【ファンタジーノベル】',PT53M46S,13,0,0,0
UCs4_iv21f7Qi6Abldk9wi0w,2024-04-20T00:25:47Z,movie,'ベリアル戦決着と、裏切りと裏切り＿＿ヘブンズ・ロワイヤル＃９【ファンタジーノベル】',PT49M12S,3,0,0,0
UCs4_iv21f7Qi6Abldk9wi0w,2024-04-21T00:30:11Z,movie,'思い出しても絶対後悔しないわ＿＿ヘブンズ・ロワイヤル＃１１【ファンタジーノベル】',PT46M55S,3,0,0,0
UCs4_iv21f7Qi6Abldk9wi0w,2024-04-18T08:00:35Z,movie,'【デスゲーム】レミエル戦決着と過去の記憶＿＿ヘブンズ・ロワイヤル＃６【ファンタジーノベル】',PT36M9S,8,0,0,0
UCs4_iv21f7Qi6Abldk9wi0w,2024-04-26T08:42:33Z,live,'【#あつ森】こんな時間にこそこそ更地化配信【#ゲーム実況｜ライブ配信】【#新人Vtuber】',PT2H33M47S,217,13,0,0
UCs4_iv21f7Qi6Abldk9wi0w,2024-04-18T00:41:18Z,movie,'【デスゲーム】腹黒アイドル戦へ突入！＿ヘブンズ・ロワイヤル＃５【ファンタジーノベル】',PT43M5S,8,0,0,0
UCs4_iv21f7Qi6Abldk9wi0w,2024-04-19T06:13:30Z,movie,'筋肉自慢の天使と、筋肉が足りない男＿＿ヘブンズ・ロワイヤル＃８【ファンタジーノベル】',PT42M27S,5,0,0,0
UCs4_iv21f7Qi6Abldk9wi0w,2024-04-29T03:00:01Z,short,'【P5R】竜司との会話が結構好き【切り抜き】 #shorts #ゲーム実況 【ペルソナ5ザ・ロイヤル】',PT34S,60,3,0,2
UCs4_iv21f7Qi6Abldk9wi0w,2024-04-22T08:00:34Z,movie,'狂気染みた堕天使＿＿ヘブンズ・ロワイヤル＃１４【ファンタジーノベル】',PT37M28S,20,0,0,0
UCs4_iv21f7Qi6Abldk9wi0w,2024-04-28T08:40:08Z,live,'【#あつ森】新しい島作り！初めての和風島クリエイト【#ゲーム実況｜ライブ配信】【#新人Vtuber】',PT3H30M53S,870,25,0,0
UCs4_iv21f7Qi6Abldk9wi0w,2024-04-25T09:00:47Z,short,'【P5R】素人と罵られたい【切り抜き】 #shorts #ゲーム実況 【ペルソナ5ザ・ロイヤル】',PT58S,512,9,0,2
UCs4_iv21f7Qi6Abldk9wi0w,2024-04-08T02:26:16Z,movie,'【百合】幸せな後日談を見届けたい。後輩を祝う最初の冬【ノベルゲーム】',PT43M48S,39,1,0,0
UCs4_iv21f7Qi6Abldk9wi0w,2024-04-25T14:08:26Z,live,'【ポケモンレジェンズアルセウス】ガチグマとの出会いと時空の歪み初挑戦 #PokemonLEGENDS【#ゲーム実況｜ライブ配信】【#新人Vtuber】',PT2H58M20S,158,7,0,3
UCs4_iv21f7Qi6Abldk9wi0w,2024-04-19T13:20:06Z,live,'【ポケモンレジェンズアルセウス】サブクエもこなしたりしたい！ #PokemonLEGENDS【#ゲーム実況｜ライブ配信】【#新人Vtuber】',PT2H11M54S,109,9,0,2
UCs4_iv21f7Qi6Abldk9wi0w,2024-04-18T02:03:34Z,live,'【#あつ森】次の島クリに向けてのんびり更地化配信【#ゲーム実況｜ライブ配信】【#新人Vtuber】',PT1H54M22S,252,20,0,0
UCs4_iv21f7Qi6Abldk9wi0w,2024-04-23T12:52:46Z,live,'【#あつ森】少しだけ！次の島クリに向けてのんびり更地化配信【#ゲーム実況｜ライブ配信】【#新人Vtuber】',PT1H6M50S,147,13,0,0
UCs4_iv21f7Qi6Abldk9wi0w,2024-04-21T08:16:25Z,live,'【#あつ森】次の島クリに向けてのんびり更地化配信【#ゲーム実況｜ライブ配信】【#新人Vtuber】',PT3H8M27S,219,14,0,0
UCs4_iv21f7Qi6Abldk9wi0w,2024-04-09T06:00:07Z,short,'【Pokémon LEGENDS アルセウス】ギンガ団に入団しました【切り抜き】 #shorts #ポケモン #PokemonLEGENDS  #新人Vtuber #切り抜き',PT53S,154,5,0,2
UCs4_iv21f7Qi6Abldk9wi0w,2024-04-10T00:30:54Z,live,'【リハビリ雑談】コロナで味覚・嗅覚・喉がやられてた話でもする【新人Vtuber】',PT46M34S,176,21,0,2
UCs4_iv21f7Qi6Abldk9wi0w,2024-04-02T07:00:01Z,short,'【P5R】どうあがいても迷子【切り抜き】 #shorts #ゲーム実況 #ペルソナ5ザ・ロイヤル',PT57S,253,11,0,6
UCs4_iv21f7Qi6Abldk9wi0w,2024-04-30T13:24:49Z,live,'【ポケモンレジェンズアルセウス】ガチグマの調査結果を報告するぞー！ #PokemonLEGENDS【#ゲーム実況｜ライブ配信】【#新人Vtuber】',PT2H19M23S,126,7,0,0
UCs4_iv21f7Qi6Abldk9wi0w,2024-04-20T08:16:36Z,live,'【#P5R ペルソナ5ザ・ロイヤル】5/8～そろそろ中間試験があるらしい。ペルソナシリーズ完全初見【#ゲーム実況｜ライブ配信】【#新人Vtuber 】',PT4H25S,396,15,0,4
UCs4_iv21f7Qi6Abldk9wi0w,2024-04-21T17:50:53Z,live,'【#あつ森】朝も少しだけ。次の島クリに向けてのんびり更地化配信【#ゲーム実況｜ライブ配信】【#新人Vtuber】',PT1H34M40S,174,10,0,2
UCs4_iv21f7Qi6Abldk9wi0w,2024-04-12T00:48:44Z,live,'【ポケモンレジェンズアルセウス】巨木の戦場を目指すぞ！ #PokemonLEGENDS【#ゲーム実況｜ライブ配信】【#新人Vtuber】',PT1H3M13S,110,8,0,0
UCs4_iv21f7Qi6Abldk9wi0w,2024-04-27T09:49:42Z,live,'【#P5R ペルソナ5ザ・ロイヤル】5/14～いざ、班目展へ！ペルソナシリーズ完全初見【#ゲーム実況｜ライブ配信】【#新人Vtuber 】',PT5H33M31S,482,20,0,2
UCs4_iv21f7Qi6Abldk9wi0w,2024-04-14T19:10:23Z,live,'【#あつ森】更地化前に、出来たところまで島紹介します【#ゲーム実況｜ライブ配信】【#新人Vtuber】',PT1H25M31S,206,14,0,0
UCs4_iv21f7Qi6Abldk9wi0w,2024-04-13T18:18:43Z,live,'【#P5R ペルソナ5ザ・ロイヤル】5/6～夜遊び解禁！ペルソナシリーズ完全初見【#ゲーム実況｜ライブ配信】【#新人Vtuber 】',PT1H47M50S,384,15,0,2
UCeWb8YN2qD-nwM1QNFIYbUw,2024-04-30T10:15:00Z,movie,'ミルダムフォロワー１００人＆初ガチイベント入賞【記念動画】',PT1M32S,28,4,0,0
UCeWb8YN2qD-nwM1QNFIYbUw,2024-04-14T01:01:54Z,live,'久しぶりの麻雀。ルールは知らない【雀魂~じゃんたま~】',PT1H23M23S,24,3,0,0
UCeWb8YN2qD-nwM1QNFIYbUw,2024-04-04T15:33:42Z,live,'KPT事務所の人達と遊びに行く【VALORANT/ヴァロラント】',PT4H19M28S,63,4,0,0
UCoAAEbqKDnRKt3n9bJZzJ4Q,2024-04-19T10:00:11Z,movie,'【MiGTA】初めてまともにヘリでの事件対応をやる人【雛レン視点】',PT12M55S,26,0,0,0
UCoAAEbqKDnRKt3n9bJZzJ4Q,2024-04-12T10:00:11Z,movie,'【MiGTA】番外編！【雛レン視点】',PT14M32S,12,0,0,0
UCoAAEbqKDnRKt3n9bJZzJ4Q,2024-04-29T10:00:28Z,short,'【MiGTA】黒市民に心配される警官【雛レン視点】#shorts #Vtuber #Vライバー #migta',PT57S,39,1,0,0
UCoAAEbqKDnRKt3n9bJZzJ4Q,2024-04-08T10:00:26Z,short,'【MiGTA】そうはならんやろ【雛レン視点】#shorts #Vtuber #Vライバー #migta',PT1M,150,2,0,0
UCoAAEbqKDnRKt3n9bJZzJ4Q,2024-04-15T10:00:08Z,short,'【MiGTA】帰ろうとして...【雛レン視点】#shorts #Vtuber #Vライバー #migta',PT58S,36,0,0,0
UCoAAEbqKDnRKt3n9bJZzJ4Q,2024-04-22T10:00:23Z,short,'【MiGTA】地下での会話【雛レン視点】#shorts #Vtuber #Vライバー #migta',PT58S,68,0,0,0
UCoAAEbqKDnRKt3n9bJZzJ4Q,2024-04-01T10:00:03Z,short,'【MiGTA】刑期とは？？？【雛レン視点】#shorts #Vtuber #Vライバー #migta',PT1M,75,0,0,0
UCoAAEbqKDnRKt3n9bJZzJ4Q,2024-04-05T10:00:44Z,movie,'【MiGTA】初めて占われてみた【雛レン視点】',PT35M16S,13,0,0,0
UCoAAEbqKDnRKt3n9bJZzJ4Q,2024-04-26T10:00:39Z,movie,'【MiGTA】亜種事例対策応対課とはこういう課である【雛レン視点】',PT11M3S,27,0,0,0
UC3jC1ep40tUfLSsN0i2zQKg,2024-04-11T00:55:54Z,live,'【雑談＆歌枠】今夜は春うた縛りで歌い倒す！前半は全体公開枠！【初見さん大歓迎】【DJTM / 新人VTuber】',PT1H5M17S,96,15,0,1
UC3jC1ep40tUfLSsN0i2zQKg,2024-04-07T02:41:52Z,live,'【モンスターハンターライズサンブレイク 参加型 No.282】お手伝いも1乙クエもOK！日曜日の朝から一狩り行こうぜ！【DJTM/新人VTuber】#モンスターハンターライズ #shorts',PT3H23M52S,712,27,0,0
UC3jC1ep40tUfLSsN0i2zQKg,2024-04-06T07:06:59Z,live,'【モンスターハンターライズサンブレイク 参加型 No.281】登録者1000人記念企画 VCペア狩りモンハン！双剣使いとお話しながらひと狩りいこうぜ！【DJTM/新人VTuber】',PT2H56M14S,198,25,0,0
UC3jC1ep40tUfLSsN0i2zQKg,2024-04-14T13:08:43Z,live,'【黄金の太陽失われし時代 No.6】まったり雑談&みんなで謎解きしながらコンプリート＆ストーリー攻略する！【DJTM/新人VTuber】#黄金の太陽  #shorts',PT3H6M3S,206,11,0,0
UC3jC1ep40tUfLSsN0i2zQKg,2024-04-26T13:24:29Z,live,'【モンスターハンターワールドアイスボーン 参加型No.36】初見さん大歓迎！導きの地を周回する！【DJTM/新人VTuber】#モンスターハンターワールド',PT3H13M37S,105,11,0,0
UC3jC1ep40tUfLSsN0i2zQKg,2024-04-07T13:27:25Z,live,'【モンスターハンターライズサンブレイク PS版参加型No.52】初見さん大歓迎！理想のお守りを求めて迅練丹＆濃龍血集め！【DJTM/新人VTuber】',PT3H10M41S,158,18,0,0
UC3jC1ep40tUfLSsN0i2zQKg,2024-04-21T13:15:20Z,live,'【黄金の太陽失われし時代 No.7】まったり雑談&みんなで謎解きしながらコンプリート＆ストーリー攻略する！今回はシャーマン村から！【DJTM/新人VTuber】#黄金の太陽  #shorts',PT3H7M54S,202,13,0,0
UC3jC1ep40tUfLSsN0i2zQKg,2024-04-20T08:08:55Z,live,'【モンハンライズサンブレイク 参加型No.288】頭数制限なしの鬼畜クエ周回氷弱点縛り！【DJTM/新人VTuber】#モンスターハンターライズ #MHWilds前年祭弱点縛り参加型  #shorts',PT2H13M25S,380,19,0,0
UC3jC1ep40tUfLSsN0i2zQKg,2024-04-21T03:18:48Z,live,'【モンハンライズサンブレイク 参加型No.289】朝から水属性弱点縛りで一狩り行こうぜ！【DJTM/新人VTuber】#モンスターハンターライズ #MHWilds前年祭弱点縛り参加型  #shorts',PT3H52M42S,1017,35,0,0
UC3jC1ep40tUfLSsN0i2zQKg,2024-04-06T13:11:06Z,live,'【モンスターハンターワールドアイスボーン 参加型 No.29】高難度クエ挑戦に向けて大霊脈玉を集める！お手伝いもOK！【DJTM/新人VTuber】#モンスターハンターワールド #shorts',PT3H8M10S,559,17,0,0
UC3jC1ep40tUfLSsN0i2zQKg,2024-04-13T13:19:47Z,live,'【モンスターハンターワールドアイスボーン 参加型No.32】初見さん大歓迎！ムフェト周回で龍紋一式を作る！【DJTM/新人VTuber】',PT3H10M34S,169,13,0,0
UC3jC1ep40tUfLSsN0i2zQKg,2024-04-20T18:59:57Z,live,'【モンハンライズサンブレイク 参加型No.288】頭数制限なしの鬼畜クエ周回氷弱点縛り！【DJTM/新人VTuber】#モンスターハンターライズ #MHWilds前年祭弱点縛り参加型  #shorts',PT1H40M16S,335,21,0,0
UC3jC1ep40tUfLSsN0i2zQKg,2024-04-12T13:08:03Z,live,'【モンスターハンターワールドアイスボーン 参加型 No.31】高難度クエに向けて滅日周回！お手伝いもOK！【DJTM/新人VTuber】#モンスターハンターワールド #shorts',PT2H57M50S,278,18,0,0
UC3jC1ep40tUfLSsN0i2zQKg,2024-04-17T14:17:25Z,live,'【モンスターハンターライズサンブレイク コラボ参加型 No.286】RINさん&スリンさんとレア物チキンレースで対決！今回は水属性弱点縛り！【DJTM/新人VTuber】#モンスターハンターライズ',PT4H4M4S,221,29,0,0
UC3jC1ep40tUfLSsN0i2zQKg,2024-04-14T02:58:27Z,live,'【モンスターハンターライズサンブレイク 参加型 No.285】初見さん大歓迎！日曜の朝から一狩り行こうぜ！【DJTM/新人VTuber】#モンスターハンターライズ #shorts',PT3H45M16S,933,37,0,0
UC3jC1ep40tUfLSsN0i2zQKg,2024-04-30T13:47:55Z,live,'【#モンスターハンターワールドアイスボーン #参加型 No.37】初見さん大歓迎！大霊脈玉を中心に集める！【#DJTM /#新人VTuber /#モンスターハンターワールド  /#shorts】',PT3H34M13S,315,14,0,0
UC3jC1ep40tUfLSsN0i2zQKg,2024-04-11T13:48:24Z,live,'【モンスターハンターライズサンブレイク 参加型No.283】双剣使いの特別討究1乙ソロ攻略&みんなで一狩り！初見さん大歓迎！【DJTM/新人VTuber】',PT3H37M11S,262,27,0,1
UC3jC1ep40tUfLSsN0i2zQKg,2024-04-23T13:19:27Z,live,'【モンスターハンターワールドアイスボーン 参加型 No.35】初見さん大歓迎！双剣使いとまったりひと狩り行こうぜ！【DJTM/新人VTuber】#モンスターハンターワールド',PT3H9M12S,123,17,0,0
UC3jC1ep40tUfLSsN0i2zQKg,2024-04-28T13:12:41Z,live,'【#モンスターハンターワールドアイスボーン 参加型 No.36】初見さん大歓迎！大霊脈玉集め&導き素材集め！【#DJTM /#新人VTuber 】#モンスターハンターワールド  #shorts',PT2H57M27S,671,15,0,0
UC3jC1ep40tUfLSsN0i2zQKg,2024-04-09T13:13:09Z,live,'【モンスターハンターワールドアイスボーン 参加型 No.30】高難度クエ挑戦に向けて装飾品を集める！お手伝いもOK！【DJTM/新人VTuber】',PT3H5M18S,111,12,0,0
UC3jC1ep40tUfLSsN0i2zQKg,2024-04-05T13:09:58Z,live,'【モンスターハンターワールドアイスボーン 参加型No.28】初見さん大歓迎！滅日周回で装飾品集め！お手伝いもOK！【DJTM/新人VTuber】',PT3H2M34S,168,20,0,0
UC3jC1ep40tUfLSsN0i2zQKg,2024-04-13T07:11:22Z,live,'【モンスターハンターライズサンブレイク 参加型No.284】お手伝いも鬼畜クエもOK！土曜の昼下がりにまったりひと狩り行こうぜ！【DJTM/新人VTuber】',PT3H34S,194,27,0,0
UC3jC1ep40tUfLSsN0i2zQKg,2024-04-28T03:04:09Z,live,'【#モンスターハンターライズサンブレイク #参加型 No.289】初見さん大歓迎！日曜の朝から一狩り行こうぜ！【#DJTM /#新人VTuber 】#モンスターハンターライズ #shorts',PT3H29M43S,803,34,0,0
UC3jC1ep40tUfLSsN0i2zQKg,2024-04-03T09:01:00Z,short,'【モンハン配信切り抜き】あまりにも早すぎる1乙 #shorts #モンスターハンターライズ #モンスターハンターライズサンブレイク 【DJTM/新人VTuber】',PT59S,279,15,0,5
UC3jC1ep40tUfLSsN0i2zQKg,2024-04-16T13:23:24Z,live,'【モンスターハンターワールドアイスボーン 参加型No.33】初見さん大歓迎！火弱点統一縛りでひと狩り行こうぜ！【DJTM/新人VTuber】#MHWilds前年祭弱点縛り参加型',PT3H14M54S,122,15,0,0
UC3jC1ep40tUfLSsN0i2zQKg,2024-04-27T07:24:18Z,live,'【#モンスターハンターライズサンブレイク #参加型 No.288】キュラゼナペア狩りTA練習会！本番前に練習いかが？【#DJTM  /#新人VTuber /#モンスターハンターライズ】',PT3H14M19S,149,25,0,0
UC3jC1ep40tUfLSsN0i2zQKg,2024-04-18T13:28:16Z,live,'【モンスターハンターライズサンブレイク 参加型No.287】双剣使いの特別討究1乙クエソロ攻略&みんなで一狩り！今回は龍属性弱点縛り！【DJTM/新人VTuber】#MHWilds前年祭弱点縛り参加型',PT3H17M31S,231,25,0,0
UC3jC1ep40tUfLSsN0i2zQKg,2024-04-25T13:20:19Z,live,'【モンスターハンターライズサンブレイク 参加型No.287】初見さん大歓迎！双剣使いの特別討究1乙クエソロ攻略&みんなで雑談しながら一狩り！【DJTM/新人VTuber】#モンスターハンターライズ',PT3H2M55S,163,22,0,0
UC3jC1ep40tUfLSsN0i2zQKg,2024-04-04T13:47:02Z,live,'【モンスターハンターライズサンブレイク 参加型 No.280】登録者1000人記念企画 VCペア狩りモンハン！双剣使いとお話しながらひと狩りいこうぜ！【DJTM/新人VTuber】',PT3H30M53S,196,23,0,0
UC3jC1ep40tUfLSsN0i2zQKg,2024-04-19T13:00:55Z,live,'【モンハンワールドアイスボーン 参加型 No.34】雷弱点属性縛りでひと狩り！【DJTM/新人VTuber】#モンスターハンターワールド #MHWilds前年祭弱点縛り参加型  #shorts',PT2H51M12S,262,11,0,0
UC3jC1ep40tUfLSsN0i2zQKg,2024-04-02T13:15:52Z,live,'【黄金の太陽失われし時代 No.5】まったり雑談&みんなで謎解きしながらコンプリート＆ストーリー攻略する！【DJTM/新人VTuber】',PT3H3M42S,75,12,0,1
UCkJ6UiY92kRi-wlerXPeOdg,2024-04-28T10:18:26Z,live,'【初心者まったり参加型】おじさんだって姫プしてもいいよね【MHWIB】#1',PT5H2M55S,55,11,0,0
UCkJ6UiY92kRi-wlerXPeOdg,2024-04-20T08:17:44Z,live,'【raft】大海原を漂いながらのんびり雑談 #1【vtuber】',PT2H32M25S,76,6,0,0
UCkJ6UiY92kRi-wlerXPeOdg,2024-04-11T04:17:33Z,live,'【クソマロどんとこい】マシュマロをつまみに、飲酒雑談ラジオ #2【vtuber】',PT1H47M38S,93,8,0,0
UCkJ6UiY92kRi-wlerXPeOdg,2024-04-27T03:24:01Z,live,'【コメント100読むよ！】お仕事お疲れ様！GWだあああ！飲酒雑談ラジオ#4【クソマロどんとこい】',PT1H26M28S,54,6,0,0
UCkJ6UiY92kRi-wlerXPeOdg,2024-04-29T08:37:47Z,live,'【初心者まったり参加型】おじさんだって姫プしてもいいよね？【vtuber】#2',PT3H54M,33,9,0,0
UCkJ6UiY92kRi-wlerXPeOdg,2024-04-28T16:01:27Z,live,'【raft】大海原を漂いながらのんびり雑談ほげー #4【vtuber】',PT2H24M26S,34,2,0,0
UCkJ6UiY92kRi-wlerXPeOdg,2024-04-16T02:17:29Z,live,'【うんちがいさがし】うんちを出荷しながら雑談ラジオ #4【vtuber】',PT55M6S,85,8,0,0
UCkJ6UiY92kRi-wlerXPeOdg,2024-04-28T23:45:19Z,live,'【お散歩配信テスト】できるかなー？',PT44M57S,61,4,0,1
UCkJ6UiY92kRi-wlerXPeOdg,2024-04-13T15:50:09Z,live,'【お悩み相談枠】マシュマロをつまみに、飲酒雑談ラジオ #3【vtuber】',PT2H11M33S,106,7,0,0
UCkJ6UiY92kRi-wlerXPeOdg,2024-04-24T12:07:05Z,live,'【raft】大海原を漂いながらのんびり雑談 #3【vtuber】',PT2H24M4S,65,8,0,0
UCkJ6UiY92kRi-wlerXPeOdg,2024-04-21T05:11:02Z,live,'【raft】大海原を漂いながらのんびり雑談 #2【vtuber】',PT4H9M40S,62,9,0,0
UCkJ6UiY92kRi-wlerXPeOdg,2024-04-09T04:41:13Z,live,'【クソマロどんとこい】マシュマロをつまみに、飲酒雑談ラジオ#1【vtuber】',PT1H47M3S,107,9,0,0
UCkJ6UiY92kRi-wlerXPeOdg,2024-04-19T15:36:59Z,live,'【還願 DEVOTION 】発禁処分になったホラゲをやったらヤバすぎた【vtuber】',PT2H26M,101,14,0,1