channelId,customer_illust,customer_2d_modeling,customer_3d_modeling,customer_event,customer_talk,customer_comedy,customer_game,customer_sing,customer_perform,customer_composition,customer_video_edit,customer_foreign_lng
UC-0McIXO-k-ueD879cVjYGA,0,0,0,1,1,0,0,0,0,0,0,0
UC-2xgar-JlI2TDljcEOAFXQ,0,1,0,0,0,0,1,1,0,0,0,0
UC-3q8FXSswVKbyhaVEBBzVw,0,0,0,0,1,0,0,0,0,0,0,0
UC-5fy20Ws6pGKiPniGWSp_w,0,0,0,0,1,0,0,0,0,0,0,0
UC-5n3rENHsCuCBVtOS7cMzw,0,0,0,0,0,0,1,1,0,0,0,1
UC-6Iez54bE038UQauMgJS-w,0,1,0,0,1,0,0,0,0,0,0,0
UC-9mpnLpsp6O15A4qVSZkaw,0,0,0,0,0,0,0,0,0,1,0,0
UC-C7nycpin5BFgvJg8hOOvA,0,0,1,0,1,0,0,0,0,0,0,1
UC-FRKMBZ-XLLVHipcYPCjnA,0,0,0,1,0,0,0,0,0,0,0,0
UC-MZ5Rm8JPpXnPoTan1JGdQ,1,0,0,0,0,0,0,0,0,0,0,0
UC-Osw5bCN2PJKJq-s6gCcQQ,0,0,0,0,1,0,1,0,0,0,0,0
UC-QLBeV8GVfexXnQOisUTXQ,0,0,0,1,0,0,0,0,0,0,0,0
UC-QiTPDr_mwFVc3LYsdsM9w,1,1,0,1,1,0,1,1,0,0,1,0
UC-WfEvgxDBQ3E82yhohUaaw,1,0,0,1,1,0,0,1,1,1,0,0
UC-XgaO51zfASdUWqnQ2kgxA,1,1,0,0,1,0,0,1,1,0,0,0
UC-Y_6gEbu4sw65fru_zRD_w,0,0,0,0,0,0,0,0,0,1,0,0
UC-_FkS6liTecyggLY9_Pblw,1,0,0,0,0,0,0,0,0,0,0,0
UC-_X1qXm3mJgiZUoRMgCOwg,1,1,0,0,0,0,0,0,0,0,0,0
UC-chvJPaANCViW5BiBR955g,1,1,0,0,0,0,0,0,0,0,0,0
UC-hF7RQOScFblBSVBJ0PQoA,1,1,0,0,0,0,0,0,0,0,0,0
UC-hFTRWDaSj0mS6CpvyeaTQ,0,0,0,0,1,0,0,1,0,0,0,0
UC-mM3_AGLuCPUlTBGAqBNWw,0,0,0,0,0,1,0,0,0,0,1,0
UC-oclVGZWejWQqm3a77m92A,0,0,0,1,0,0,1,0,0,0,0,0
UC-paul1Nd8pnK2eAAtxAaYw,0,0,0,0,0,0,0,1,0,0,0,0
UC-rOEaaqTBZKIO6jSdXpdPQ,0,0,0,1,1,1,1,1,0,0,0,0
UC-s7Qogbwocsd6r5ws4FyaA,0,0,0,0,1,0,0,0,0,0,0,0
UC-vawMwEtWJ6u9adL2uclbg,1,1,1,0,0,0,0,1,0,0,1,0
UC-wEjZjIcmhccDXEOo-vCsg,1,0,0,0,0,0,1,0,0,0,0,0
UC-wZpxe-sOkaJPAL88F4nhg,0,0,0,1,1,0,0,0,0,0,0,0
UC0-fiHH0MWrG1JMQi-2YDAQ,1,1,1,0,0,0,1,1,0,0,0,0
UC04Lp4fnMhrFNYM8PWbRiZg,0,0,1,1,0,0,0,0,0,0,1,0
UC05YP2Cw4HEQ6ArGYyyMcgg,0,0,1,0,0,0,0,0,0,0,0,0
UC06VqaCdzE-WFS1ErD-vWTQ,0,1,0,0,1,0,0,0,0,0,0,0
UC07JX3oF-bJn_jVfNRwmMXw,0,0,0,1,1,0,1,0,0,0,0,0
UC07Ox8mQhE-bROLNbUOy2BA,0,0,0,1,0,0,0,0,0,0,0,0
UC08TI5fvi8KTaT5JXend4-w,0,0,0,0,1,1,1,0,0,0,0,0
UC0AOSe8rC8zF1GWjcrbEttg,1,0,0,1,0,0,1,0,0,0,0,0
UC0EdVFIxQY95pQmu1BTPoqg,1,1,0,0,0,0,0,0,0,0,0,0
UC0LFEzDw6vUN1tDvBvCT6-Q,0,0,0,1,0,0,0,1,1,1,1,0
UC0LXAhHz-IJeXwvklew_jig,0,0,0,0,1,0,1,1,0,0,0,0
UC0P3jtkvQjZNLlGDuPMBq6g,1,0,0,0,0,0,0,0,0,0,0,0
UC0QO7Ecmv75MFV_ru89fTeQ,0,0,1,1,1,0,0,0,0,0,1,0
UC0SK2WVy_aVAaa14ep6WHCg,0,0,0,1,1,0,0,0,0,0,0,0
UC0UXEbX8VV4Cggnxg_f5A_Q,0,0,0,0,1,0,1,0,0,0,0,0
UC0ZbCzmJ_MN4qzvC09aNZtA,0,0,0,0,0,0,1,0,0,0,0,0
UC0boJYCv_7IZng-7ipsvzAw,1,1,0,0,0,0,1,1,0,0,0,0
UC0nasgeLGQZYGQdfhu6b-SQ,0,0,0,0,0,0,0,1,0,0,0,0
UC0qhw3KdajqiUshNfU26-nA,1,0,0,0,0,0,0,1,0,0,0,0
UC0wQk-NWk9SNTY5vpzeWc3w,0,0,0,1,1,0,1,1,0,0,0,1
UC0wzKgdczgwcFlHsbylBOfg,0,0,0,0,0,0,1,0,0,0,0,0
UC0yUtSIpcVTO8dpyhFqbS_g,1,0,0,0,1,0,0,1,0,0,0,0
UC10Hvs8hwlKbERjpkHTzEWA,0,0,0,0,0,0,1,0,0,0,0,0
UC12oTwhIFytkX4-muA1pqkQ,0,0,1,0,0,0,1,0,0,0,0,0
UC15XtnvAiHPHgll2l8KV_gw,1,1,0,0,0,0,1,0,0,0,0,0
UC15aMYGSWSvazgyaHJsvMpQ,0,0,1,0,0,0,0,0,0,0,1,0
UC16DK2sdofXQfShdlf4Bjag,0,0,0,0,0,0,1,1,0,0,0,0
UC16d4b4gNRmPjqaCuOOJVqA,0,0,0,1,0,0,0,0,0,0,0,0
UC1Aif3EOfTwGcCabhMBwqyg,0,0,0,1,0,0,1,0,0,0,0,0
UC1AyCiv-RzVLZbQOtqyDKzA,1,1,0,1,1,1,1,0,0,0,0,0
UC1B8BqE9nhTIVh-egZPGZbA,0,0,0,1,1,1,0,0,0,0,0,0
UC1BiQwqgvFNli5m48p4yRqg,0,0,0,0,1,0,1,1,0,0,0,0
UC1D6BasOxK0jXGRm1HmncaA,0,0,1,0,1,0,0,0,0,0,0,0
UC1EQ9lzCXxgFuqJSakCVy1w,1,1,0,0,0,0,0,0,0,0,0,0
UC1H4wogIvYz7aVmaDpFA99Q,1,0,0,0,0,0,1,0,0,0,0,0
UC1Hr64qXZWAIOpx2PsnAu9A,0,0,0,0,0,0,1,0,0,0,0,0
UC1Je5rfcripQtpev7f-1Idw,0,0,0,0,0,0,0,1,0,0,0,0
UC1KZ0fCa8COVz_DCM3ka_fA,1,0,0,0,0,0,0,0,0,0,0,0
UC1M0hXl3p86WP_eqgv20oWw,0,0,0,0,0,0,0,1,0,0,0,0
UC1O739Bs_hJN35_doH8nwUQ,0,0,0,1,0,0,1,1,0,0,0,0
UC1UtoxnTjGDok3azO2rRkCw,1,0,0,0,0,0,0,0,0,0,0,0
UC1WAEoIIcv5Q3bL9UP5mSSQ,0,0,0,1,1,1,0,0,0,0,0,0
UC1XNdlEVjEsv9yFpehx37lA,0,0,0,0,0,0,1,1,0,0,0,0
UC1_4-bd0eA3cOUiFI-Les6Q,0,0,0,0,0,0,1,0,0,0,0,1
UC1bB4d5Bgv6XnZoN3Lk1qOg,0,0,0,0,1,0,1,1,0,0,0,0
UC1cZuZV_LCYgup-2kakfy2A,0,0,0,0,0,0,1,0,1,0,0,0
UC1eCFqwn3Ds6kDnpMYt0oTQ,0,0,0,1,1,0,1,1,1,0,0,0
UC1g1WYDyOvBxOvUPHIuF6og,0,0,0,0,0,0,1,0,0,0,0,0
UC1jWtttNKgM_wQ7m6ggYFbw,0,0,0,1,1,0,1,1,0,0,0,1
UC1ldvNjvkH1BFxS4jWpsv2g,0,0,0,0,0,0,1,0,0,0,0,0
UC1niXF1Af5HyHt2zH3r5TuA,0,0,0,0,1,1,1,1,0,0,1,0
UC1qyF4v435EjuKNdWtv78hw,0,0,0,1,0,0,1,0,0,0,1,0
UC1rnSfnNW-45z0H-h8eV6zw,1,1,0,0,1,0,1,0,0,0,0,0
UC1sc1mt1Ugm_HJKxZvwyCxQ,0,0,0,1,1,0,0,1,0,0,0,0
UC1xfK2bcKqZ13nDRs0u4iFQ,0,0,0,0,0,0,1,1,0,0,0,0
UC21DkLrQeAnUVokuiKTYVQg,1,0,0,1,0,0,1,1,0,0,0,0
UC21kFbD7byARmZ-oCmyuq5Q,0,0,0,1,1,0,0,1,0,0,0,0
UC24_LEm6ddEpG60uL7F85AQ,1,0,0,0,0,0,1,0,0,0,0,0
UC24jXUR8FlMvxtpZYmQiVqA,0,0,0,0,1,0,1,0,0,0,0,0
UC29o1LO2_FAi_NQar3F4-yw,1,0,0,0,0,0,0,0,0,0,0,0
UC2Cjji6DPdKxHZqXtDiVpiQ,0,0,0,0,0,0,1,0,0,0,1,1
UC2EFpg8OBlhXDTL74SRnIyQ,0,1,1,1,1,0,1,0,0,0,0,0
UC2GSF2gbol49r3e7ZuZupfA,1,0,1,0,0,0,0,0,0,0,0,0
UC2GlSOsnVE9y91AO08IiXwg,0,0,0,1,1,0,0,0,0,0,1,1
UC2JVuvAo74kqPH0GXC8JcBw,0,0,0,0,0,0,0,0,0,1,0,0
UC2JWNoJJ8MRZkgINm2IhH7Q,1,1,0,0,1,0,1,0,0,0,1,1
UC2K8sRze5m27lPGddWX0EXw,0,0,0,0,0,0,1,0,0,0,1,1
UC2MskpxGs5DxC0cof2OltNQ,1,0,0,0,0,0,0,0,0,0,1,1
UC2NQGfCt93EePX0gkUCLPRA,1,1,1,1,1,0,1,0,0,0,0,0
UC2PFRFwwzPst3bdTWE8EuVg,0,0,0,0,0,0,1,0,0,0,0,0
UC2PUfUZJtU18cg96J3XJgGA,0,0,0,0,0,0,0,1,0,0,0,0
UC2RLL3W-negkiUdeAXV9dsw,0,1,0,0,0,0,0,0,0,0,0,0
UC2S6rPELArimAzefPK_uGkQ,1,1,0,0,0,0,0,1,0,0,1,0
UC2Vyy8we1hHf5Qcud01WMjA,0,0,0,1,0,0,0,1,0,0,0,0
UC2YSkjrHkjqW74aVwng_5Lw,0,0,0,0,0,0,1,0,0,0,0,0
UC2ZWmqiY0OJHz1QNS4Bj8Eg,0,0,0,1,1,0,1,0,0,0,0,0
UC2aBQtucR2iIAm_yZhzBPVQ,0,0,0,0,0,0,1,0,0,0,0,0
UC2fzIs-C_0SkjzZPi7dlhuQ,0,0,0,1,1,0,1,1,0,0,0,0
UC2kPnsU0XgIEtRqqpZkM71Q,0,0,0,0,1,0,0,1,0,0,1,0
UC2vSUNvmHcMyph6W-mfRN5A,0,0,0,0,1,0,0,0,0,0,0,0
UC2wvHSuzr8z4XsC37uN_XNg,0,0,0,0,0,0,1,0,0,0,0,0
UC3-_0d6ykHO7_WnIJ7RXU3Q,0,0,0,0,0,0,1,0,0,0,0,0
UC30zKoagHCij0tZZgJrSLFw,0,0,0,0,0,0,1,0,0,0,0,0
UC31Q_uUwjOQhZMcovbK6igQ,1,0,0,1,1,0,0,0,0,0,0,0
UC32RqWFcWXgK_PBfzO9h2Tg,0,0,0,0,1,0,0,1,0,0,0,0
UC38mrZv-qjVWyOs_WObJ9PQ,1,1,0,0,0,0,0,0,0,0,0,0
UC3Cpmk8kGKYlAYOS9c6Igfw,0,0,1,0,0,0,1,0,0,0,0,0
UC3DAn3SqfD81mbVZuW9igUA,0,0,0,0,1,0,0,1,0,0,0,0
UC3DLKdUg39Cv3O0-VZAyrqA,0,0,0,0,0,0,1,1,0,0,0,0
UC3ETsn9cTinBPwW-vUMT7aA,1,0,0,0,0,0,0,0,0,0,0,0
UC3F8DQvG6dh_-A2np-wHq5w,0,0,0,0,0,0,1,0,0,0,0,0
UC3G7IJJAv_epkSur02-tE8A,0,0,0,0,0,0,0,0,1,1,0,0
UC3L6Bf5L2kpofnyi1_qiaDw,0,0,0,1,1,0,0,1,0,1,1,0
UC3LGsPWOj2p6JxP7oRjSl1w,0,0,0,1,0,0,0,0,0,0,0,0
UC3LaieYhkDxMDhQLYlvqynw,0,0,0,1,1,0,1,1,0,0,0,0
UC3Sqg6wZYL1DcdTfc9sQA9Q,0,0,0,0,0,0,0,1,0,0,0,0
UC3Z4nXVK8a0Y3D9MroL7gEA,0,0,0,1,0,0,1,0,0,0,0,0
UC3_Mh4qQS62CWKp45gqnY2A,0,0,0,1,0,0,0,1,0,0,0,0
UC3dU5GPoknYi76xMOM3JbUQ,1,1,0,0,1,0,0,0,0,1,1,0
UC3gzd_poK7UFD2LAkwojiaw,1,1,0,0,0,0,0,0,0,0,0,0
UC3hHO5VuS4YD_rx6e3eFzLA,0,0,0,0,1,0,0,0,0,0,0,0
UC3jDGxI2BmRRHIQ4S3cgSVw,0,0,0,1,1,1,0,0,0,0,1,0
UC3kUzLIMWMIJKt0n_ZqRs9g,0,0,1,1,0,0,1,0,0,0,0,0
UC3n-A4K3F_4tY_0EmpsDfkA,0,0,0,0,0,0,0,1,0,0,0,0
UC3nYB-CnpY7L_2ZaQNeThoA,0,0,0,1,1,0,1,0,0,0,0,0
UC3qwIP8oaDnaGH313D_KgBA,0,0,0,1,0,0,0,1,0,0,1,0
UC3rXkKNOewrbijINM-W0zeA,0,0,0,0,0,0,1,1,1,0,0,0
UC3tOL8JHgdhz4hPU-DKYXNw,0,1,0,0,1,0,0,0,0,0,1,0
UC491xVp6Ip4qz5gTyDRg4Ow,0,0,0,0,0,0,1,0,0,0,0,0
UC4CGFFW708jB2lOz4R2Ymag,0,0,0,0,0,0,1,0,0,0,0,0
UC4K0BPhoZW1MzEHnpk_jhHw,0,0,0,0,0,0,0,0,0,0,1,0
UC4L9QGtCX4Q3F6IECUUlgow,0,0,0,0,0,0,0,0,1,0,0,0
UC4LoSYSUdRjcU9N3SmNEywQ,0,1,0,0,0,0,0,1,0,0,0,0
UC4Vau0DXBRFC-LsyRBhX6hA,1,1,0,0,0,0,0,1,0,0,0,0
UC4VqsDztvXhsdnAOIRs9G6A,0,0,0,0,0,0,0,1,0,0,0,0
UC4a1UiEsk8_itqyIDd_8jsg,1,1,0,0,0,0,0,0,0,0,0,0
UC4a1dbAuhRwTPRNRJ3sRr-Q,1,0,0,0,0,0,1,0,0,0,0,0
UC4aZLkAT3S4ja3MXnicYZzw,1,0,0,1,1,0,1,0,0,0,0,0
UC4abpqV-4CEEB_WHiU4HHCA,0,0,0,0,1,0,1,0,0,0,0,0
UC4aiwUeuq4Ax_sqDM5SAj9g,0,0,0,0,0,1,1,0,0,0,0,0
UC4ajY2pDEm2gVF7XBltMQEA,0,0,0,0,1,0,0,1,0,0,0,0
UC4drTm13k1Keo3Y04tgk6pw,0,0,0,0,1,0,0,0,0,1,0,0
UC4hks00UI5wextQdVkEIB-Q,0,0,0,1,0,0,0,0,0,0,0,0
UC4ijBQknjgBzLPMzpVtlMmQ,0,0,0,0,0,0,1,1,0,0,0,0
UC4npTd2MGMpuLXol2egY2hQ,0,0,0,0,1,0,1,1,0,0,0,0
UC4tdzXb3MRGMw2gMS-QnmPQ,0,0,0,1,0,0,0,0,0,0,0,0
UC4wyC0JgnE9DhoLQkKo3qgw,0,0,0,0,1,0,1,0,0,0,0,0
UC4z7qMOpkdlWDU945-KDywQ,0,0,0,0,1,0,1,0,0,0,0,0
UC5-DtmP44TYaMLzdUaBDYdg,0,0,0,0,1,0,0,1,0,0,0,0
UC5-UTz3GS8U5sYW2Hz38kwA,1,0,0,0,0,0,0,1,0,0,0,0
UC51WM9tOD1nwJY-q2h4z3YQ,0,0,0,0,0,0,1,0,0,0,1,0
UC52ZfO6UKXPSy1i9RC-xBTQ,0,0,0,0,0,0,1,1,0,0,1,0
UC54gypPh8-BdJ5-PgWLb45g,0,0,0,1,0,1,1,0,0,0,0,0
UC5F6_-cT8h2-Cy0luWBlFGQ,0,0,0,0,0,0,1,0,0,0,0,0
UC5Gsp0cTLrIKRkz4D9yCxkQ,1,0,0,0,0,0,0,0,0,0,0,0
UC5HS-IecqatQ45Mm41z5B8w,0,0,0,0,0,0,1,0,0,0,0,0
UC5ILsOVPu0-0ZdGKGoabnSQ,0,0,0,1,1,0,1,1,0,0,0,0
UC5J9kElSRDDlaQc2-BSKLoQ,0,0,0,1,1,0,1,1,0,0,0,0
UC5ND6tPAuicyh6vA71TbDqQ,0,0,0,0,0,0,1,1,0,0,0,0
UC5OB45jE0XqRyXdGETY-2-w,1,1,0,0,0,0,0,0,0,0,0,0
UC5P_25q11zSWA6wKulI4EeA,0,0,0,1,0,0,1,0,0,0,0,0
UC5R3E1fjcNgbNPITCzQ35Ag,0,0,0,1,1,0,1,0,0,0,0,0
UC5SjDrYN9fAgw6t2MI_AVvQ,0,0,0,0,1,0,1,0,0,0,0,0
UC5XJnacGMzHFL_DGAePt06A,0,0,0,0,1,1,1,0,0,0,0,0
UC5XvKctSiQQ3NFVSfYJLJWA,0,0,0,0,0,0,0,1,0,0,0,0
UC5_0PuQdXUgpLLZkdozq1Vw,1,0,0,0,0,0,0,0,0,0,0,0
UC5_BgT0Kr0pOlwgWpnWL0Ug,1,0,0,0,0,0,1,0,0,0,0,0
UC5_nDyH-003dh1nZy8lVHlg,0,0,0,0,0,0,1,1,0,0,0,0
UC5bMZHMUB5e9h0psau1Az_w,0,0,0,1,1,1,1,0,0,0,0,0
UC5cLyxwU-kuuAWtMdBa6fQg,0,0,0,0,1,0,0,1,0,0,0,0
UC5cbSyFTohO2_PJAqr-6NFA,0,0,0,1,0,0,0,1,0,0,1,0
UC5csJ6hBMLhxBAtJ7Mi0BsA,0,0,0,0,1,0,0,1,0,0,0,0
UC5dSJc8mJ8k8hFaNr5HnT_A,0,0,0,0,1,1,0,0,0,0,1,0
UC5gRDZyHF9TTotk28E5ayPg,1,1,0,0,0,0,0,0,0,0,0,0
UC5k4A1n2jGJZp8ClbS8CcyA,1,0,0,0,0,0,1,1,1,0,1,0
UC5snfPNcLa8srbCe4dn8Wew,0,0,0,1,0,0,1,0,0,0,0,0
UC5xEqzTcNkN8uFlzkoiTKgw,0,0,0,0,1,0,0,0,0,0,0,0
UC632rW4pL7yq4oGLJFfsuVA,1,0,0,0,0,0,1,0,0,0,0,0
UC63UJPlX9IF89gK0PC_3naQ,1,0,0,0,0,0,0,0,0,0,1,0
UC64lAAAboDtVyX5DohKvVnA,0,0,0,1,1,0,1,0,0,0,0,0
UC66p0k7akdIl9JG2CIyKzBg,0,0,0,0,1,0,0,0,0,0,0,0
UC6Di5wTtC1jKsKtt5pIk7hQ,0,0,0,0,0,0,1,1,0,0,1,0
UC6GmZCjSN_1D0v9qvqVEE5g,0,0,1,1,1,0,0,1,1,1,1,0
UC6K0F33utZ_KZnko18khl-Q,1,0,0,0,1,0,1,1,0,0,0,1
UC6M5X72dgfoMp27sdCU27CA,1,0,0,0,1,0,0,0,0,0,0,0
UC6MjPTgQT0_oGsBVdX5nZUw,0,0,0,0,0,0,1,0,0,0,0,0
UC6Mt9a8Mm2ZLrsP9xNOnRpw,0,0,0,1,0,0,0,0,0,0,0,1
UC6PJ5D0dI_FgTjuSwYwUK-g,1,0,0,0,0,0,0,1,0,0,0,0
UC6PqYTNa292jmY1KC5EzLAA,0,0,0,0,0,0,0,1,0,0,0,1
UC6SYWBb8lhHYKybg9Ppr56Q,1,1,0,0,0,0,0,0,0,0,0,0
UC6SsfvvMYXGRVryQkR_9jIA,1,0,1,0,0,0,0,0,0,0,0,0
UC6XEofw_jOSc1ne6F97NOTA,1,0,0,0,0,0,0,0,0,0,0,0
UC6XwBe09fowcHWMIGiaHsnA,0,0,0,0,1,1,1,1,0,0,0,1
UC6Zb58SYs25mnbTtR4ZAr9A,0,0,0,1,1,0,0,0,0,0,1,1
UC6cDW3GhZkd-3tLWLLF59tg,0,0,0,1,0,0,1,0,0,0,1,0
UC6cgUcRa_gGsjqq3Kp6B68w,0,0,0,1,1,0,0,1,0,0,0,0
UC6dhdicHtZKShC0sjIsDFHA,0,0,0,0,0,0,1,0,0,0,0,0
UC6eVhk2wg_MqHdLcB1kPvGw,0,0,0,0,0,0,0,0,0,0,0,1
UC6i23xw5sXBCl9HYPiwTpgA,0,0,0,0,0,0,1,0,0,0,0,0
UC6jtmVEyT1oh6Lo6BdSTcBg,0,0,0,0,1,0,0,0,0,0,0,0
UC6kI9UelZ7W8kOOkv6gLXUA,0,0,0,1,1,0,1,1,0,0,0,0
UC6oBJJEVjVq2PuU4A8-I5MQ,0,1,0,0,1,0,1,1,0,0,1,1
UC6rVJcRBYDColA5M02IQTqw,0,0,0,1,0,0,0,1,1,0,0,0
UC6raxFTU0y8d8_4JVwZ56YQ,1,1,0,0,0,0,0,1,0,0,0,0
UC6rnJ13gd8gX7QlOLV1Llzg,1,1,1,0,0,0,1,1,0,0,1,1
UC6ssNAVpWkBxbwWUYwJRVdg,0,0,0,0,0,0,1,0,0,0,0,0
UC6uqxSyfR4vnb--6vjfzU5A,0,0,0,0,0,0,1,0,0,0,0,0
UC6z05SC9m44YJVYFFFo3g4g,1,0,0,0,0,0,0,0,0,0,0,0
UC729_Tcmnv7_thRfdVSlk1Q,0,0,0,1,1,1,0,1,0,0,0,0
UC73DLMOm-BzwF-SelLSuxnw,0,0,0,0,1,0,0,0,0,0,0,0
UC74254idDopreMMQfNIsJFw,0,0,0,1,0,0,0,0,0,0,1,0
UC77pnz0QGqvMpJZMFTY_zLw,1,0,0,0,0,0,1,1,0,0,0,0
UC7A7bGRVdIwo93nqnA3x-OQ,0,0,0,0,0,0,0,1,0,0,1,0
UC7Ar3UTX9pqTXZKfIO7wfVw,0,0,0,1,1,0,0,0,0,0,0,0
UC7Bjbk5PlrywAY2nHSxCurg,1,1,0,0,0,0,0,0,0,0,0,0
UC7CX-YJ14nMNbxSzVcnUqMQ,0,0,0,0,1,0,1,0,0,0,0,0
UC7E0ZB2Feiq1fWCucicTR0Q,1,0,0,1,1,0,0,1,0,0,0,0
UC7FMDZMIFyuNxyc0ocPU_Kg,1,0,0,0,0,0,0,0,0,0,0,0
UC7FSigsvbXcH3qAKB8UefsQ,0,0,0,0,0,0,1,0,0,0,0,0
UC7Il508651Gtkj-4Ca-JeZg,0,0,0,1,1,1,0,1,0,0,0,0
UC7MBvGkcH3bWqmyoRjLFw_g,0,0,0,0,0,0,0,1,0,0,0,0
UC7MKzk1xlqe9pcsae5u97VA,0,0,0,1,0,0,1,0,0,0,0,0
UC7OPkXOadje491mUGcPIhAA,0,0,0,1,0,0,1,1,0,0,0,0
UC7Pfn1SEmphNP07g7YjeKLg,1,0,0,0,0,0,0,0,0,0,0,0
UC7R2tH4OhJE5Zt6L4N6bOnw,0,0,0,1,1,0,1,1,0,0,0,0
UC7SlaxqTvy-zoFbacWeJX5w,0,0,0,1,1,0,0,1,0,0,0,0
UC7W2zxRLjrjatz2KoFn_E9A,0,0,0,1,1,0,1,0,0,1,0,0
UC7WY5VP-P-rSb2ES5npk8yA,0,0,0,0,0,0,1,1,0,0,0,0
UC7WiEMYYclGCpxppbxEvbJw,0,0,0,1,0,0,1,0,0,0,0,0
UC7YWr5lwet-_0af_cUo35Kg,0,0,0,1,0,0,1,0,0,0,0,0
UC7b2UoNgCM1-ncdEg5Lb9yQ,0,0,0,0,0,0,1,0,0,0,0,0
UC7b4AbeME2fPipioiKBLjfA,0,0,0,1,1,1,1,1,0,0,0,1
UC7hJdXAlMxPQFRDBvpBzryw,0,0,0,1,1,0,1,1,0,1,0,0
UC7kiR8rqM9ojRPLYXV-wa-A,0,0,0,1,0,0,1,1,0,0,0,0
UC7lDcWB9HvRy3D7kvBOXFOA,0,0,0,0,0,0,0,0,0,1,0,0
UC7qemBGRFW6o2FZPKhZhv9g,0,0,0,0,1,0,0,0,0,0,0,0
UC7r_hkNSKN22RXRklZsPbWg,0,0,0,0,0,0,1,0,0,0,1,0
UC7s6E_gNxKYzkWWMv7fMNjA,1,0,0,0,0,0,0,0,0,0,0,1
UC7vEjdm4EFBGWkOOxxWR6bw,1,0,0,1,1,0,0,0,0,0,0,0
UC7vjGEbLNlo6ukrmeLKI7rw,0,0,0,0,0,0,1,0,0,0,1,0
UC7wq4kxtd6VhSRn0jmOexVQ,0,0,0,0,0,0,0,1,0,0,0,0
UC7xdiXo7eiR1iOzOoHi-Rlg,0,0,0,0,1,0,0,0,0,0,0,0
UC7xyzq_Hd72-IbJVoz4DSrQ,0,0,0,1,1,0,0,0,0,0,0,0
UC7z19CC8DAH2iNXwBlqTeVw,0,0,0,1,0,1,1,0,0,0,0,0
UC85cU9Q-o6_2PR_3NLisXhQ,0,0,0,0,0,0,0,0,0,0,1,1
UC85lV6xJp3YZEaAFIK8c-EQ,0,0,0,1,0,0,1,0,0,1,1,0
UC85p70c36OfpwaL8qRjzWNw,0,0,0,0,0,0,1,0,0,0,0,0
UC870IRzMEanbV-hr8HTpRBw,0,0,0,1,1,1,0,1,0,0,0,0
UC8RYKdY9W3DvmpvapUfsy4g,0,0,0,1,0,0,1,0,0,0,0,0
UC8TH5Hn4IZi4MhGW8KeIEtw,0,0,0,0,0,0,1,0,0,0,0,0
UC8XPv5NUWv-aMhSBpdKlK0w,0,0,0,0,0,0,0,0,0,0,1,0
UC8XeoIt9w0GdZPOYbFeNK0A,0,0,0,0,0,0,1,0,0,0,0,0
UC8Xfq87xcmxbKd7XL0ouVXA,0,0,0,0,0,0,1,0,0,0,0,0
UC8aB0TDbCuD7smRZwrpLc0g,1,0,1,0,0,1,1,1,0,0,1,0
UC8bq-eY02WtKG8es7tH8bCQ,0,1,0,0,0,0,1,1,0,0,0,0
UC8eEP8H5IhME_WZuWI5PSBQ,1,0,0,0,1,0,0,0,0,0,0,0
UC8eaqurxu_lRbcqu85l3iVg,1,0,0,0,0,0,0,0,0,0,0,0
UC8jqnWIyghVwMzUb2mA0tHg,1,0,0,1,1,0,0,1,0,0,1,0
UC8knjhuDug5iyn_WJkIfc6Q,0,0,0,0,0,0,0,1,0,0,0,0
UC8nZtTKVrJSgV-y93W-R1ew,0,0,0,0,0,0,0,0,0,0,1,0
UC8pHOwHgsAp2a4KYILgM0qw,0,0,0,1,0,0,0,0,0,0,0,0
UC8rvbxCrJnsL_gZZajVoNQg,0,0,0,0,1,0,1,0,0,0,1,0
UC8t73HaIIyn9OcoHGcxrmHA,1,1,0,1,1,0,1,1,0,0,0,0
UC8w23FEH1LglqQ69tj3HZ5w,0,0,0,0,0,0,1,1,0,0,0,1
UC8wIhzi7n8tw4crEXNk1HkQ,0,0,0,1,0,0,0,0,0,0,0,0
UC8yMxTziSKvQ41g6rxNcwKQ,0,0,0,0,0,0,1,0,0,0,0,0
UC8zMlzy_5Eq5-6kB_5HjYjA,0,0,0,0,1,0,1,0,0,0,0,0
UC9-e7NcdqK-ugc1L2YttNWw,1,1,0,1,0,0,1,1,0,0,0,0
UC92r6IX7Mgh42aSQSlCCzWw,0,0,0,0,0,0,0,0,0,0,0,1
UC93u-UdFfEX0RD9E4BTZEwg,0,0,0,0,1,0,1,0,0,0,0,0
UC9A0EMtmMKa6J_jL0Hkez8Q,0,0,0,1,1,0,1,0,0,0,0,0
UC9Io4j2kf_LqbKp8nwvfHSQ,0,0,0,0,0,0,1,1,1,0,1,0
UC9KAh4g-p7DCsQS60dowJ8g,0,0,0,1,1,1,0,0,0,0,0,0
UC9OeH7eM25fvy9NgcpNSPgQ,1,0,0,1,0,0,1,1,0,0,1,0
UC9PkqFPl59BQAm32QTlHhmQ,0,0,0,0,0,0,1,1,1,0,1,0
UC9S88PESIt-gDZvAS-Kt6-Q,0,0,0,1,1,0,1,1,1,0,0,0
UC9V_3-A-aboUNwO-yNmCqgQ,1,0,0,0,1,0,1,1,0,0,1,0
UC9XrNQF7M7EZO9QdF2kvoIg,0,0,0,0,1,0,1,1,0,0,0,0
UC9YpkutUklIk54ra8MK8-_Q,0,0,0,1,0,0,1,0,0,0,0,0
UC9Yt2vIqFD2vS7-W8wKrPmQ,0,0,0,1,1,0,1,1,0,0,0,0
UC9kgxfAMJTNjzEGaYm3Ae6A,0,0,0,0,1,0,1,0,0,0,0,0
UC9lxsXEP21vE0px26MIFGzQ,1,1,0,0,1,0,1,0,0,0,0,1
UC9nAjglqawMAoY3EOdrhFaw,0,0,0,0,0,0,0,1,1,1,0,0
UC9opcrRCXBQxHBZ8axO1XBw,1,1,0,1,1,1,1,0,0,0,0,0
UC9qTGOH8ouDq18Plox9AGHQ,0,0,0,1,0,1,1,1,0,0,0,0
UC9xcn33zRbepmrOa2XH_VxQ,0,0,0,1,1,0,1,1,0,0,0,0
UC9yCr44yTfX9hmK6AUteVKw,1,0,1,1,1,1,1,1,0,0,1,0
UC9ylolLkhApXTwX3wKMZtAw,0,0,0,0,0,0,0,1,0,0,1,0
UC9ywrvsXTsFcXq-Q4b5fhtQ,0,0,0,0,1,1,1,1,1,1,0,0
UC9zjZzmkJ4rY4QGr1XzbsXA,1,0,0,0,0,0,0,0,0,0,0,0
UCA-xGUKAwHwAiJhaPQMVE8Q,0,0,0,0,0,0,1,0,0,0,0,0
UCA8gdv543INqOQAsWJ-CsqQ,0,0,0,0,0,0,1,0,0,0,1,0
UCA9gbbFQBpjJtOmn1290qfA,1,0,0,1,0,0,0,1,0,0,1,0
UCA9zKYpV9vLdT2DmNMsT6jQ,0,0,0,0,1,0,1,1,0,0,0,0
UCAB7gH8FN4W5RRWLdW6_n1w,1,0,0,0,0,1,1,1,0,0,1,0
UCABwasNfJa0OkffDjXmRweg,0,0,1,0,0,0,0,0,0,0,1,1
UCAF5P0_1MFBPbwFnlqXBCDQ,0,0,0,1,0,0,1,0,0,0,1,0
UCAJ993T9Xn8plPzwgn3VkjQ,0,0,0,0,0,0,1,0,0,0,0,0
UCAPeg9xL7IQbI9ajHI9pStA,0,0,0,1,1,0,1,0,0,0,0,0
UCAShGS4qcNb7cB0fMQkJ_zQ,1,0,0,0,0,0,0,0,0,0,1,0
UCAX2AlCbBbzi0ZCIBSDXBhg,1,0,0,0,0,0,0,1,0,0,0,0
UCAeya5DrlFjk5N-Q2QkjADA,1,0,0,0,0,0,1,0,0,0,0,0
UCAg_bUbWqaq0xqdW5r_cL2g,1,1,0,0,1,1,1,0,0,0,0,0
UCAh0rzFLXEZPsczKpHhcYAg,0,1,1,0,0,0,0,0,0,0,0,0
UCAo04ZXtnGqdksRzthKQGFA,1,0,1,0,0,0,0,0,0,0,0,0
UCApYlKNymyHZ9dlOCImFVBg,0,0,0,0,1,0,1,0,0,0,0,0
UCApwM6fqaA9Af3g2Z0tGfmA,0,0,0,0,0,0,0,1,0,0,0,0
UCAwaT53ahBc7GLPW9FBec2Q,1,0,0,0,0,0,0,0,0,0,1,0
UCAyVARsY94T5JBiWmnwFc-A,1,0,0,1,1,0,1,0,0,0,0,0
UCB21dFufOAPxxq4jYMZwinA,0,0,0,0,1,0,1,0,0,0,0,0
UCB2L7BUketCt3Q4Lx6UiWig,0,0,0,0,0,0,0,0,0,1,0,0
UCB3nyzC_7iJY22aHGiVL8jg,1,0,0,1,0,0,1,0,0,1,1,1
UCB5-xxia80ppLRaKFq929JA,1,0,0,1,1,0,0,1,0,0,1,0
UCB65LjSO-nG4CS-e6f8jl8A,0,1,0,0,0,0,0,0,0,0,0,0
UCB7nD9Qw055AFHhsDZMEziw,1,0,1,1,0,0,0,0,0,0,0,0
UCBEN1kZLjq9AaltbJUceriw,1,0,0,1,1,0,1,0,0,0,0,0
UCBI8csOzU_Gi7mBl4bjdCnw,0,0,0,0,1,0,1,0,0,0,0,0
UCBJkNJmYodbQDVgAr8i3REw,0,0,0,1,1,0,1,1,0,0,0,0
UCBKzNNiJV88UX2i7-vbEDsg,0,0,0,0,0,0,1,0,0,0,0,0
UCBL8P81ucPTAsfalU8cIkIw,0,0,0,0,1,0,1,0,0,0,0,0
UCBNIFs6PjImfZEpnFHjlNPQ,0,0,0,0,0,0,0,1,0,0,0,0
UCBSzb7D9ylJKLH8WHaHn4hg,0,0,0,0,0,0,1,0,0,0,0,0
UCBUIvESz_0qqu4GQVuC5lew,0,0,0,0,0,0,0,1,0,0,0,0
UCBUuF1UitgZLLWI86PciC-A,0,0,0,1,1,0,1,0,0,0,0,0
UCBWi2qk4NclI4oKa-DWclgw,0,1,0,0,1,0,0,0,0,0,1,0
UCB_83BDYFGs03gv0NaNlS3g,0,0,0,0,0,0,0,1,0,0,0,0
UCBcrDGLNodQvNZH4FNW_-XA,0,0,0,0,1,0,1,0,0,0,0,0
UCBpQOPcTVeZ2irh_FzSyIbg,0,0,0,1,1,0,0,1,0,0,1,0
UCBrqv6A5HxuvWncu-1SB08w,0,0,0,0,0,0,1,0,0,0,0,0
UCBsVUeDX45EDbWGy3CpzKCQ,0,0,0,1,1,1,1,1,0,0,0,0
UCBswHNUXLYhVc1A0OlAsukw,0,0,0,0,0,0,1,1,0,0,0,0
UCBydbirLw7hmnuty-pLEXOQ,0,0,0,0,1,0,0,1,0,0,0,0
UCC0MIMnQdNWzREHb2LMaLjA,0,0,0,0,1,0,0,0,0,0,0,0
UCC3_SXQqnyEdHEOUJDa3kTQ,1,0,0,0,1,0,0,1,0,0,0,0
UCC5HsZ-h3RqWmLGCL7de09Q,0,0,0,1,0,0,0,0,0,0,0,0
UCCAKiV6oCbj5-IkAATk2ipA,0,0,0,1,0,0,0,1,0,0,0,0
UCCI-zQsuYuvLmPmZEVfgfCQ,0,1,0,0,0,0,1,0,0,0,0,0
UCCK7U7WMwLR-xrIOlGs9GJg,0,0,0,1,0,0,0,0,0,0,0,0
UCCKEIHNHTjahlpI9mkcJl1g,0,0,0,0,0,0,1,1,0,0,0,0
UCCPnbxyE83QL7Fhy0DB0ONQ,0,0,0,0,0,0,1,0,0,0,0,0
UCCVFWWrigGSqNgVC_JW23Ew,0,0,0,0,0,0,1,0,0,0,0,0
UCCWl59PDtxrB3tqUiP8WyXw,0,0,0,1,1,0,0,0,0,0,0,0
UCCYiIDASgcdkIDUwLR96E_w,1,1,0,0,1,0,0,0,0,0,0,0
UCCaQH3Od5C-LJMyC8FkFIhw,1,0,0,0,0,0,0,1,0,0,0,0
UCCcn0MBWhlSV3yNL0frrI8A,1,0,1,1,0,0,0,1,0,1,0,0
UCCsj8yNKOZYpR8j932Non2w,0,0,1,0,0,0,0,0,0,1,0,0
UCCsmoVpBQ0biL_TYoH77dwg,0,0,0,0,1,0,0,1,1,1,1,1
UCD3kIX7L7yHlGGoeln4RuFg,1,0,0,0,0,0,0,1,0,0,0,0
UCD3u3SdRmL1mS39aNK79bcQ,0,0,0,0,1,0,1,1,0,0,0,0
UCD4gzEbeBc35-JIn8GR5vig,1,0,0,0,0,0,0,0,0,0,0,0
UCD4jfZH8CmKxGtHIJSuKDUg,1,0,0,1,0,0,1,1,0,0,0,0
UCD5GTdApoi409Hv_pl8iqOA,0,0,0,1,1,0,1,0,0,0,0,0
UCD7Pg0uHDSGf5x4EYReopQg,0,0,0,0,0,0,0,0,0,1,1,0
UCDDgR0eqbM_dp7eug-imLiQ,0,0,0,0,1,0,1,0,0,0,0,0
UCDI4j0HpFsuciDz17Oxpo5g,0,0,0,1,1,0,1,0,0,0,0,0
UCDIM2dQFj5CzHoyMsF74k-Q,1,0,0,0,0,0,1,0,0,0,0,1
UCDJW_dH5VsZyj1-6Gr8Dkrw,0,0,0,1,0,0,1,0,0,0,1,0
UCDVvK7ngis3eOjPcgQE1KRg,0,0,0,1,0,0,0,0,0,0,0,0
UCDWNg2WpVoi68dzLp7QehKA,0,0,0,1,1,0,1,0,0,0,1,0
UCDZhwvygxVId0deBAfD3eTA,1,0,0,0,1,1,1,1,0,0,1,0
UCD_uaBVlRwmB4R8ydSKVqOQ,0,0,0,0,0,0,1,1,0,0,0,0
UCDaMU2WZomg1ZLsyxNrTVvQ,0,0,0,1,0,0,1,1,0,0,0,0
UCDe1nbAlOkncedsqW-y8tNA,0,0,0,1,0,0,1,1,0,1,1,0
UCDeSOIuBNis9Nx8jLMJyYfQ,0,0,0,0,1,0,0,0,0,0,0,0
UCDfldzXh5eSu-jlz7IQB8oQ,0,0,0,0,1,0,1,1,0,0,0,0
UCDi0DmL9L0HocNjfraTGdKQ,0,0,0,0,1,0,0,1,0,1,0,0
UCDkYCI1H4NB8ERC-dMpZeyQ,0,0,0,0,0,0,1,0,0,0,0,0
UCDt10WTxSTPBpR4ulcLZz1A,0,0,0,1,1,0,1,0,0,0,0,0
UCDuL7xgYk0yKJ6BJ653qNMw,0,0,0,1,1,1,1,0,0,0,1,0
UCDwlA-u1-ZF-dksklAOVEJg,0,0,0,0,0,0,1,0,0,0,0,0
UCDwwJ3W_hwyo9GpVOspvb7g,0,1,0,0,0,0,0,0,0,0,0,0
UCDxMJ1NT0W1YFsYvMgFzKaw,1,1,0,0,0,0,0,0,0,0,0,0
UCDyiKRRikLGMJB2B5sPb3EA,0,0,0,1,1,0,1,1,0,0,0,0
UCE-D-itW4c3QksW4m8EiCCw,0,0,0,0,0,0,0,1,0,0,0,0
UCE0Aruy_hbfpeEhP5LuQ_Lg,0,0,0,0,1,0,0,1,0,0,0,0
UCE0ETB-j-qiXQiKPIG-0tCA,0,0,0,0,0,0,1,0,0,0,1,0
UCE26F7kJQ6lH_iYLpsElUFg,0,0,0,0,0,0,1,1,0,0,0,0
UCE3g0sDAxPQcw4Ja7X7WYPg,0,0,0,0,0,0,1,1,0,0,0,0
UCE4jnW_kJmBhYs0wmVS284w,0,1,0,0,1,0,1,0,0,0,0,0
UCE56A15UsdvkLMFcAOSjBSQ,0,0,0,1,1,0,1,1,0,0,0,0
UCE8ooTbWQAJi8hbVZUV-QiA,0,0,0,0,1,1,0,0,0,0,0,0
UCEDmLqbYpMg2cPjVmdbcHdw,0,0,0,1,1,1,1,0,0,0,1,0
UCEDnQNFCbNBP0lyChU_IsJQ,1,1,0,0,1,0,1,0,0,0,0,0
UCEDpcNnJydwdGHbrOx-SKMA,1,1,0,0,0,0,1,0,0,0,0,0
UCEKx2rwPMNMsBGztWcNeIxg,0,0,0,1,0,0,1,0,0,0,0,0
UCEMVVtKNQWNEqm92eXwHXqA,0,1,0,0,0,0,1,0,0,0,1,0
UCENAXw8TAqPSht7KSQ6VNSQ,0,0,0,1,1,0,1,0,0,0,0,0
UCEPExz1gciskA3RzZYNqn-A,0,1,0,1,0,0,0,0,0,0,0,0
UCEPOa7RUSGoIdpROYtYy3zA,0,0,0,0,0,0,1,0,0,0,0,0
UCEQNr2aP9UgS8B8cFkYxAjA,0,0,0,1,0,0,1,0,0,0,0,0
UCERT5AoVEwqFHmsNaIYeSCg,1,0,0,0,0,0,1,0,0,0,0,0
UCEWCWP0dy_pA18aEKxud1dw,0,0,1,0,0,0,1,0,0,0,0,0
UCEYejhUok5y7d5QXQcBrxsw,0,0,0,0,0,0,1,0,0,0,0,0
UCEYk401LPdxlAdSGtyrU7Mg,0,0,0,0,0,0,1,0,0,0,0,0
UCEZfq7r0TTYNzh-p9E1V1ZA,1,0,0,0,1,0,1,0,0,0,0,0
UCEiqdNNhNZ4Hj7evSHqPqHA,1,0,0,0,1,0,1,1,0,0,0,0
UCEj9y_9L69BDWTCeO4N6SdQ,0,0,0,0,0,0,1,1,0,0,0,0
UCEqMTXfxDXg92qxq1dmzWQw,0,0,0,0,0,0,1,1,0,0,0,0
UCEzcTclFRku9Lspw7hesIqg,0,0,0,0,0,0,1,0,0,0,0,0
UCEziWW2LHX1rG8XDmAJN6NQ,0,0,0,1,1,1,1,1,0,0,0,0
UCF-VYfBjb7uupcdELrrB58A,0,0,0,1,1,1,1,1,1,0,0,0
UCF0D8qqep7DOl3Ug0DbPrug,0,0,0,0,0,0,0,0,0,0,1,0
UCF5782AA0rilAGs_PS98_ZQ,0,0,0,1,0,0,1,0,0,0,0,0
UCF5YkKGR1X--8b86T5icBqw,0,0,0,1,0,0,0,0,0,0,0,0
UCF7LiOZTkl9FGsJ8Pb5d5CQ,0,0,0,1,0,0,0,1,0,0,0,0
UCF9cyz5l36Eb4kVpFP5Ud1A,0,0,0,0,0,0,0,1,0,0,0,0
UCF9y1vQ9IbA85iBgAPKj4mg,0,0,0,0,0,0,1,0,0,0,0,0
UCFDpUrDeDK5TRG63xeCQdAQ,0,0,0,0,0,0,0,0,1,0,1,1
UCFHG4s_JIsfaE4NhhJS2IpA,0,0,0,0,1,0,1,0,0,0,0,0
UCFIIUbw-N43Z-Phgxogmi0A,0,0,0,1,0,0,1,1,0,0,0,0
UCFJiU5Q2tb8nTkt2h3yaSFw,0,0,0,0,1,1,0,1,0,1,1,0
UCFPlxgtUi76rCXivUS4MAiA,0,0,0,1,0,0,0,0,1,0,0,1
UCFR0X75rua1_CJn3oGfVllA,0,0,0,0,1,0,0,1,0,0,0,0
UCFRR1LTW1k6rp9iUIRFvugw,0,0,0,0,1,0,1,0,0,0,0,0
UCFSKMxErKM089i-BPddNjKw,0,0,0,1,1,0,1,0,0,0,1,0
UCFU2o9K37kfh0VHtVQXPWfQ,0,0,0,0,0,1,1,1,0,0,0,0
UCFUC920UveTrh5L8AiBPPIw,1,1,0,1,1,1,1,1,0,0,0,0
UCFWvSX_Fd5h_NE8yKvS0Izg,0,0,0,1,0,0,0,0,0,0,1,0
UCFWzM08bCqNILVcgjhcqT2w,1,1,0,0,0,0,1,1,0,0,1,0
UCFZL5QrTLas3CPWi4gksT3Q,0,0,0,1,1,0,1,0,0,0,0,0
UCFZc1rya5DLdnFl8hkZ92Zw,0,1,0,0,1,0,0,0,0,0,1,0
UCFaqwcgTH60nv71jjM0ynIg,0,0,0,1,1,0,1,1,0,0,0,0
UCFbrIKQK8DUEQUMdnvI5dRQ,1,1,0,0,0,0,1,0,0,0,0,0
UCFbwUXtCuQQ4apVR4YjP5fQ,1,0,1,1,0,0,1,0,0,1,1,0
UCFernrRmaCRoOjZ55pwNxpw,0,0,0,1,1,0,1,0,0,0,0,0
UCFfY6VGOyqMEB_3UbpihSMw,1,1,1,1,1,0,0,0,0,0,0,0
UCFi_6eAyoszOhaEV5ODEz9g,1,1,0,0,0,0,0,0,0,0,0,0
UCFncs-T_n2Ksf1DBxRstfnw,0,0,0,1,1,1,1,0,0,0,0,0
UCFqAACh4ESbHFzM11xh38jQ,0,0,0,0,0,0,0,0,0,1,0,0
UCFv1Oom-YDvewN1lvE40KZg,0,0,0,1,0,0,0,0,0,0,0,0
UCFvF_j17A_D-kUslOhmhlyw,0,0,0,0,1,0,0,1,0,0,0,0
UCFvS3PnHaasTVxKLsgQ2hlA,1,0,0,0,0,0,0,0,0,0,0,0
UCFwFTtARglhl7IGq-t865QA,0,0,0,0,0,0,1,0,0,0,0,0
UCFwPQtqJUJsCT1K32G1-5_w,0,0,0,1,0,0,1,1,0,0,1,0
UCFysAvbOEvqhz78t3somv1g,0,0,0,0,0,1,0,1,1,0,0,0
UCG2FABSuQPWhTIOJyi5ZbEA,0,0,0,1,1,1,1,0,0,0,0,0
UCGFteZphdMTdEnlbuRpe5UA,0,0,0,1,1,1,0,1,1,1,1,1
UCGHpbzFaBZTh1gv3rxCkcqg,0,0,0,0,1,0,0,1,0,0,0,0
UCGIPuscStxbJ2X4tLR5v6jg,1,0,0,1,0,1,0,0,0,0,1,0
UCGMQwcRTinv3DgW609Ovkjg,0,0,0,1,1,1,1,1,1,1,1,0
UCGOPk7uJKsmlAcrrQT-Em0A,0,0,0,0,1,0,1,1,0,0,0,1
UCGUbQU4sYNqmm_5B2Rroj4A,0,0,0,0,1,0,0,0,0,0,0,0
UCGVCLmXJPH6RdcmkL6zvk_g,0,0,0,1,1,0,0,0,0,0,1,0
UCGWF-roQqHQIOHcCezwCzAQ,0,0,0,0,0,0,1,0,0,0,0,0
UCGajPt6XsqEhzeNnyzQJ_tQ,0,0,0,1,1,0,1,1,0,0,0,0
UCGc49DwG_XT5hh097ySbnew,1,1,0,1,1,0,1,1,0,0,0,0
UCGeqXW9kXlL4y6WMyxOCMGg,0,0,0,0,1,0,1,1,0,1,0,0
UCGl0yKbiPzwtwDQgUmSim4Q,0,0,0,0,0,0,0,1,0,0,0,0
UCGl2ekjRczG0mK4d_17Oa4A,0,1,0,1,1,0,1,1,0,0,0,0
UCGrH5qBmbSCycWLzy-hAtSA,1,0,0,0,0,0,0,0,0,0,0,0
UCGvUTWNVtXHS28knrO8FwdQ,0,0,0,0,1,0,1,0,0,0,0,0
UCGy8hMVW_rtvjiHalPp_0qw,0,0,0,0,0,0,1,1,0,0,0,0
UCH18YKYwn89RHqnkqmnpIGw,0,0,0,0,0,1,1,0,0,0,0,0
UCH1y2FmniGKjoB7KjrfrcYw,0,0,0,0,0,0,1,0,0,0,0,0
UCH3tRsAvHSsTi1LDC7l_PDA,1,1,0,0,1,1,1,0,0,0,0,0
UCH4GQz6j6P_DfWzfAFF0vpA,0,0,0,1,1,0,1,1,0,0,1,0
UCH5HohYG8TvMoxA7XhI87UA,0,0,0,0,0,0,1,0,0,0,0,0
UCH5SmePQqSenUAv8tsvWTRg,0,0,0,0,1,0,0,0,0,0,0,0
UCH5zBoluu-DiJ0R8CcGedvg,0,0,0,0,0,0,1,0,0,0,0,0
UCH9URGhHQ_MFnp1RlW9_Iwg,0,0,0,0,0,0,1,1,0,0,0,1
UCHCbTXJHv9bk-kngMQq205Q,0,0,0,0,1,1,1,0,0,0,0,0
UCHEkFIG6YOD5t0_x-sfEvgw,0,0,0,0,1,0,1,1,0,0,0,0
UCHKUUhkAt8EaXYAeLUPn8Sg,1,0,0,1,1,0,1,0,0,0,0,0
UCHLy-Dub9tVIDr4kem6OnYg,0,0,0,1,1,0,1,0,0,0,0,0
UCHMnkq-T2RLOdhHczr2mgfw,0,0,0,1,1,0,0,1,0,0,0,0
UCHUbDMXqjVbT5tWIsicHnkg,0,0,0,0,0,0,1,0,0,0,0,0
UCHWpl96KjxnwtWokRotwD9w,0,0,0,0,0,0,0,1,0,0,0,0
UCHWxsvjrJ4wWVzSfKB9wTTA,0,0,0,0,0,0,1,0,0,0,0,0
UCHYgG-eBMUo5tHMfmnbottg,1,1,0,1,1,0,1,1,0,0,1,0
UCHYjhDYvodIuMNVIRlqARQw,0,0,0,1,1,0,1,1,0,0,0,0
UCHcLs1E5uzBreRuH0xGwpWg,0,0,0,1,1,1,1,1,0,0,0,0
UCHeG6uJ8pvDxG6VH_iddB5g,0,0,0,1,1,1,1,0,0,0,1,0
UCHgEJRKrGLo6_KQebRvkxXQ,0,0,0,0,0,0,1,0,0,0,0,0
UCHgNZ1lX6BC8GKaOMz00n5g,0,0,0,0,0,0,1,0,0,0,0,0
UCHh8YgBGDHw4tJx9opCx3aQ,0,0,0,0,1,0,1,0,0,0,0,0
UCHkJhOYmzzCqN_wlw6SZtZw,0,0,1,0,0,0,1,0,0,0,1,0
UCHnBy2vTUn8TTdDWC5M_cYQ,1,1,0,0,1,0,1,1,0,0,0,0
UCHq-FjMlPYmHqAjnW44p7hw,0,0,0,0,0,0,1,0,0,0,0,0
UCHsRxMUnT65cE1R-uAS_fVA,0,1,0,1,1,0,1,1,0,0,0,0
UCHsqMqXQZ9K95YLCJWLbysA,0,0,0,0,0,0,1,0,0,0,0,0
UCHtpsJRyv8og3GQxrF-coLQ,1,0,0,0,1,0,0,0,0,0,0,0
UCHztRvvf7gcqnAW999ZPkzw,0,0,0,1,1,0,0,1,0,0,0,0
UCI-0Iod3eF5GgjBDZD99npg,0,0,0,1,0,0,1,0,0,0,0,0
UCI-c4S4Uh7BEzdHfMrTrhiQ,0,0,0,1,0,0,0,0,0,0,0,0
UCI2InUWLG30iqY5e2EalvcQ,1,1,0,1,1,1,1,1,0,0,0,0
UCI3iJmLozBWa7bLtX4nQwnw,0,1,0,0,0,0,1,1,0,0,1,0
UCI6NdOEXzjpEbaBDGb6txJg,1,0,0,0,0,0,0,0,0,0,0,0
UCI8ZWDh0hq53mCgCNTFzfAw,1,0,0,0,0,0,0,1,0,0,0,0
UCI8e9ezdnCo0XCMxD3T_tGQ,1,0,0,1,1,0,1,0,0,0,0,0
UCINSDxcNofl8Pj0aGlI42DQ,1,0,0,1,1,0,1,0,0,0,0,0
UCIRzpg4jFch7aX6-Moja-Nw,0,0,0,1,1,0,1,0,0,0,1,1
UCIUd7c2-N29IZaebbPKHc0w,0,0,0,0,1,0,0,0,0,0,0,0
UCIUpELGuZ5_hQ-7BfeH1nvw,0,0,0,0,1,1,1,1,0,0,0,0
UCIYJG2GEjkbB9LUfnAxaitA,0,0,0,0,1,0,1,0,0,0,0,0
UCI_EWgNs69q3dvAW8bj7Jjw,0,1,0,1,1,0,1,1,0,0,1,0
UCIb0CH4FR-iAQJ9l2zt6Trg,0,0,0,0,1,1,1,0,0,0,0,0
UCIc_WCIurQuj3Maf2n-ozlg,0,0,0,0,1,0,0,0,0,0,0,0
UCIfJiWRwKhXCjPE51dbMqVg,0,0,0,0,0,0,1,1,0,0,0,0
UCIlO-mBLpPvhJR1iDJ2ScVw,0,0,1,1,1,0,0,1,0,0,0,0
UCIlQ5LPPtQHHGshn2czah1Q,0,1,0,0,1,1,1,0,0,0,0,0
UCIlS3p8StCViFfc548qSrmQ,0,0,0,0,0,0,0,0,0,1,0,0
UCIo2K71MMfFdfHoO4CQnfhA,1,1,1,1,0,0,1,1,0,0,0,0
UCIqs5oh6u-GjXgcH4VuUVsw,0,0,0,0,1,0,1,1,0,0,0,0
UCIx8Bw7IEaYfioC-40xxx1g,0,0,0,1,0,1,0,1,0,0,1,0
UCIy23K5bEJ047ZRto_RSMOQ,0,0,0,1,1,0,0,1,0,0,0,0
UCJ-PBjKPCIfgDS6TMr8SAQQ,0,0,0,0,0,0,1,0,0,0,0,0
UCJ-jEcH-yJbsCztmZ_VnI_A,1,1,0,0,0,0,0,1,0,0,0,0
UCJ48lH3LktNF0jqaCYer8sQ,0,0,0,1,1,0,0,0,0,0,0,0
UCJ78YlNsQWn18Qth20cTnqw,0,0,0,0,1,0,0,0,0,0,1,0
UCJGPIxEUpRYUH-f3rmesb-Q,0,0,0,0,0,0,0,0,0,1,0,0
UCJLQvozD91XXCE-zPZfpvqA,1,0,0,1,1,0,0,0,0,0,0,0
UCJPLMjMsqP8njtnIelBPhwg,1,1,0,0,1,0,1,1,0,0,0,0
UCJUFRFcMxdqwFX-uPh4WJWA,0,0,0,1,0,0,0,0,0,0,0,0
UCJY5_7CJbpgqW6-tpXKQNJQ,1,0,0,0,0,0,0,0,0,0,0,0
UCJmA0V1LXxMznAZsefj4vEA,0,0,0,1,0,0,1,0,0,0,0,0
UCJnLliaT5nJpL3El-owTOcw,0,0,0,0,0,0,0,1,0,0,0,0
UCJpkhQcx9u1JPW6b7OGHpPA,0,0,0,1,1,1,0,0,0,0,1,0
UCJrEBCS-4rF6wHyc4sLETOA,0,0,0,0,0,0,0,1,0,0,0,0
UCJrNDaC5HYtuR7hn8ell_4A,0,0,0,1,1,1,0,0,0,0,0,0
UCJtvtzIbDPJDVh_Bw8pQ2Wg,1,0,1,0,0,1,0,0,0,0,0,0
UCJvcpf_3l-78VXVSbIj3Thw,1,1,0,0,1,0,1,0,0,0,0,0
UCJwI5OB7wMX_tw9FKM-ENOA,1,0,1,0,1,0,0,0,0,0,0,0
UCK-t_ko1mCAl7xzdNMIfkBA,0,0,0,1,0,0,0,0,0,0,1,0
UCK3BEzgpNKIf_KOiV35hmIw,0,0,0,0,0,0,1,0,0,0,0,0
UCK4KAUy-HAKoEOiE_XXjZAg,0,0,0,1,0,0,0,0,0,0,0,0
UCK71Xa8yBHllg1yUhD0v6Iw,0,0,0,0,0,0,1,0,0,0,0,0
UCK92KwVdaAa21H3Yw-w7ZnQ,0,0,0,1,1,1,1,0,0,0,0,0
UCKAGtmS3yLI4gZCng68u__A,0,0,0,0,0,0,1,0,0,0,0,0
UCKDgRZG-NirGvpd4M5QbKtw,1,1,0,0,0,0,0,0,0,0,0,0
UCKHRYOoiiVOLcjlutGX8Dlg,0,0,1,0,0,0,0,1,1,1,0,0
UCKJFRIa_PNd8WrEpP0j8Kfg,0,0,0,0,0,0,1,0,0,0,0,0
UCKLOR0JsABzXPa2cDhkd9eg,0,0,0,0,0,0,1,0,0,0,0,0
UCKLhS5Kzdr7jpb8DmTgxAIQ,0,0,0,1,1,0,0,0,0,0,0,0
UCKMmctA8PhYL2Sc6aK5lkbw,0,0,0,0,1,0,1,0,0,0,0,0
UCKNXs0GdCRWSLipNC7ubh_Q,0,0,0,0,0,0,1,0,0,0,0,0
UCKU3OoPCuxKoy9uUQTxxkMQ,1,0,0,0,0,0,1,0,0,0,0,0
UCKUHfnNk_9kGED_2WaXrYhA,0,0,0,0,0,0,0,0,1,1,0,0
UCKUrbHAtWjtXIZtYbyJ53sg,0,0,0,1,0,1,1,1,0,0,0,0
UCKXPOCG1DsLe2TmfMGNLpsA,1,0,0,0,0,0,1,0,0,0,0,0
UCKYG7SAFljWZukOmvls4JFQ,0,0,0,0,0,0,0,1,0,0,0,0
UCKZFSeG3JIVnFi1jfpZzTHA,0,1,0,0,1,0,0,0,0,0,0,0
UCKZVHOQtB9GcGuxD1HqMWaw,0,0,0,0,1,0,1,1,0,0,0,0
UCKazUhH9AEihTcDgSMq4oSA,0,0,0,0,0,0,1,1,0,1,0,0
UCKazkVudNQs8ZhwfXj_RNPw,0,0,0,0,0,0,0,1,0,0,1,1
UCKg0wHMaW2XY44-6B61mvSA,1,0,0,0,1,0,0,0,0,0,0,0
UCKhmObAF1UtqnXQUSRB195w,0,0,0,1,1,0,1,1,0,0,0,1
UCKnALOlQPa3LqmeNWLHXsyg,0,0,0,0,0,0,1,0,0,0,0,0
UCKnNsqQ2TeshnCrI9oJ1XEg,0,0,0,0,0,0,1,0,0,0,0,0
UCKo08nUrGTg_YN1gAliFnDw,0,0,0,0,1,0,1,0,1,0,0,0
UCKrGMrU-XtoL54-qFDxTSxg,0,0,0,0,0,0,0,1,0,0,0,0
UCKs-RLs_Xu5CHyAV1sWWoQg,0,1,0,0,0,0,0,0,0,0,0,0
UCKuG9aLmm7S02EoM0zBdThA,0,0,0,0,1,0,1,1,0,0,1,0
UCKvYa1SWqJXNqcvlmh7qW0Q,0,0,0,1,1,0,1,1,0,0,0,0
UCKxJp2lAo0STcqGhb7zavXA,0,0,0,0,1,0,1,0,0,0,0,0
UCKzDPq4kyFF_eWTipON8L6Q,0,0,0,0,0,0,0,0,0,0,1,0
UCKznQRJ7VshvJ5mMokjIlHw,0,0,0,0,1,0,1,0,0,0,1,0
UCL2Zp9wmnV9PMfaUKBEcESg,0,0,0,1,0,0,1,0,0,0,0,0
UCL2q9hfIu4sYmINyRfOYapA,0,0,0,0,1,0,0,0,0,0,0,0
UCL30cxyo5E8lk_iOK-aZYOg,1,1,0,0,0,0,0,0,0,0,0,0
UCL63Oxzwe4MdW8LI5PjNdxQ,0,0,0,1,1,0,1,0,0,0,0,0
UCL758311MM7JUu1iwhrJ2sw,0,0,0,0,0,0,1,0,0,0,0,0
UCLEp9_-cPbHmyJ9dmjcEwCQ,0,0,0,0,0,0,0,1,0,0,0,0
UCLGWiPu78SOBqq7qFZ3_RSg,0,0,0,0,0,0,0,0,1,1,1,0
UCLGpoIL5XEK3ZXeXeJ0sbOw,0,0,0,1,1,0,1,1,0,0,0,0
UCLIcu2u-d245zmg7KL6bnIA,0,0,0,0,0,0,1,0,0,0,0,0
UCLJ7sTH2gc9ElQl2tVJXYUA,0,0,0,0,0,0,1,0,0,0,0,0
UCLKp68wTgAwk3ur0bA3hu8Q,0,0,0,1,1,0,1,0,0,0,0,0
UCLLOrDyxPV6XZlkcXgn16og,1,0,0,1,1,1,0,1,0,0,0,0
UCLNIbYQkp3qIbLY-gzvD4kw,0,0,0,1,1,1,1,1,0,0,0,0
UCLOqtncIOb51TTfX6_VfLuQ,1,0,0,1,1,0,1,0,0,0,1,0
UCLPbXpAJXjw-X2Iz-Ndst7w,0,0,0,0,0,0,1,0,0,0,0,0
UCLYNbFZo-4_dtZriFhMreug,0,0,0,1,0,0,1,0,0,0,0,0
UCLdkip28kXO2UqPX-EJWxOQ,1,1,0,0,0,0,0,0,0,0,0,0
UCLevYCl2nDbIghJceScDxSQ,0,0,0,0,1,0,1,0,0,0,0,0
UCLfE0bUt77NDsSado-6b2Mg,0,0,0,0,1,0,1,0,0,0,0,0
UCLgtTFtr18BDCtO99IGVrNw,0,0,0,0,0,1,1,0,0,0,0,0
UCLpSSw-OLQM9xCEbyEmFstw,0,0,0,0,0,0,1,0,0,0,0,0
UCLtZxUIblVNMgf9pNLpmp3w,1,1,0,0,0,0,1,0,0,1,0,0
UCLuyrUQPIjGkqID9UlKUP2g,1,1,0,0,0,0,1,0,0,0,0,0
UCLx-lVnPeNnX8HVaA9r4klg,1,1,0,1,1,0,1,0,0,0,1,0
UCM0ULDdBKDAG-rmstIPK-8g,0,0,0,0,0,0,1,1,0,0,0,0
UCM40xYB1XKyXrdHnM1a5fmg,0,0,0,0,1,0,1,1,0,0,0,0
UCM4NJnUo5zi0mGj4RSnpV3Q,0,0,0,0,1,0,1,1,0,0,0,0
UCM4n5uEfd-JgVz_1eVK5REg,0,0,0,0,0,1,0,1,0,0,1,0
UCM5Z7NcA9_GuHlthVXZPSxA,1,0,0,0,0,0,0,1,0,0,0,0
UCMCVANim-P8B0GWx2oQ7fow,0,0,0,0,1,0,1,0,0,0,0,0
UCMESCOJlGewj3fbSVfTHoxQ,0,0,0,0,0,0,0,1,0,0,0,0
UCMG7DhyPga2ZpGfkrs2IiGA,0,0,0,1,0,0,1,1,0,0,0,1
UCMLXWLvU0N5upB45nDqiW_A,1,1,0,0,0,0,1,0,0,0,0,0
UCMLoSzVZa_maO6C9EddN45g,0,0,0,1,1,1,0,1,1,0,0,0
UCMMCJBC3b1DbmVc4-cTCFLg,0,0,0,0,0,0,1,1,0,0,0,0
UCMNH-qVhKOy1Ydvn6nTpOrw,0,0,0,0,1,0,1,1,0,0,0,0
UCMTj8Rk42EcHrW2vcQbWApA,0,0,0,0,1,0,0,1,1,0,0,0
UCMYadva5ayESXVkTCzrB0RQ,1,1,0,1,0,1,1,1,0,0,0,0
UCMiA8YbOje9Mf148_jMsHIg,1,1,0,1,1,0,0,0,0,0,0,0
UCMmSnJrK-R_bjFpMpdAS_Jg,0,0,0,0,1,0,1,0,1,1,0,0
UCMp6GsdtG1Wnzdt5W3jUqnQ,1,1,0,0,0,0,0,0,0,0,0,0
UCMqPnrpkhhjas9E0HIRP4Tg,0,0,0,0,0,0,1,0,0,0,0,0
UCMsRgADnqeBB24cm90qJgtQ,1,0,0,0,0,0,0,0,1,0,0,1
UCMsiWFEylMbDJ0gZfV61sow,0,0,0,1,0,0,0,1,0,0,0,0
UCMvf3AhN_59Jhj5bgFBjAog,0,0,0,0,1,1,0,0,0,1,0,0
UCMw5Ey7jXlv5IZc6QSkNsYw,0,0,1,0,0,0,1,0,0,0,0,0
UCN-KB4ScQprwOcMevaS0vhA,0,0,0,1,1,0,0,1,0,0,0,0
UCN0rsDg91Mda_bXQdvFPm9A,0,0,0,0,0,0,1,1,0,0,0,0
UCN40P43BvEIYpAVdTEyCYcA,1,0,0,1,1,1,1,0,0,0,0,0
UCN4vXRPq2rmZ9wq1mIYDGsA,1,1,0,1,1,0,1,0,0,0,1,0
UCN84kddLj2J6OTgKl6Kkt7Q,0,0,0,1,1,0,0,1,0,0,0,0
UCN8DhwrPhrxa_LhwqJmKcyQ,0,0,0,1,1,0,1,0,0,0,0,0
UCN8EZxZcuPZjtFGyoEs1r0A,0,0,0,1,1,0,1,1,0,0,1,0
UCNAm8yTZ5mM2IcpHtIy491Q,1,0,1,0,1,1,1,1,0,0,0,0
UCNC6eRU1hdF1EQAgMy1tGZg,1,0,0,1,0,0,0,0,0,0,0,0
UCNHQ_bVi6633CzIdvvxtVtw,0,0,0,0,0,0,0,1,0,0,0,0
UCNIF3pCLSTiaVzTDTKOYMlg,0,0,0,0,1,0,0,0,0,0,1,0
UCNIUbJ1BjqWY7cKDYeaYbSw,1,0,0,0,0,0,1,0,0,0,0,0
UCNKPecCrgQqd-ZXi_ANL70w,1,0,0,0,0,0,0,0,0,0,0,0
UCNLn0WqgKurXuo-3rlzKjAQ,0,0,0,0,0,0,1,1,0,0,0,0
UCNMB1XQO8RhoDBr6Ufa4RNw,0,0,0,0,1,0,1,0,0,0,1,0
UCNOMainYSXUudqKf2Qx_gAA,1,0,0,1,0,0,0,0,0,0,0,1
UCNPYh205ZpATb9jQpLXxCPg,0,0,0,1,1,0,1,0,0,0,1,0
UCNPhuBO5V7Rj0NqLa4mBnCQ,0,0,0,0,0,0,1,1,0,0,0,0
UCNQPparKsmaY5Kbe3VHSwkg,0,0,0,0,1,0,1,1,0,0,0,0
UCNRIdcMjR3t4snOfSq5sVpQ,1,1,0,0,0,0,1,0,0,0,0,0
UCNTfsXCrlKSZu3kaq7lFMDQ,1,0,0,0,0,0,1,0,0,0,0,0
UCNVdWmlK-0zj-zO-P3_abdg,0,0,0,0,0,0,1,1,0,0,0,0
UCNXOV7_6odn_Ns7ceUp1dLw,0,0,0,0,0,0,1,0,0,0,0,0
UCNYDL90f-LER5g62Xig0KbA,0,0,0,0,1,0,1,0,0,0,0,0
UCNbTaBG7jTwn4EMw5m9ceFw,0,1,0,0,1,0,1,1,0,0,0,0
UCNen3R3Lwlm1c-HjkTGmgPw,0,0,0,1,1,1,1,0,0,0,0,0
UCNfft-3jwhRKiL_t8am_qUA,0,0,0,0,1,1,0,0,0,0,0,0
UCNgfnmeooZt5Xfd7rgIO86A,0,1,0,1,0,0,1,0,0,0,0,0
UCNgoHcOCZ8Tiv-W4bV7Xv5A,0,0,0,1,1,0,1,0,0,0,0,0
UCNoTQel1pu9lZcXP5ADOF7w,0,0,0,0,0,0,1,0,0,0,0,0
UCNs3YHAyoXMw4WFJyhB-GuA,1,0,0,0,0,0,1,1,0,0,1,0
UCNuSkjcdQbSRhulwkfZPoqw,0,0,0,1,1,1,1,0,0,0,0,0
UCNuUNTqFmwFQuNVfic2xKmg,0,0,0,0,1,0,1,1,0,0,0,1
UCO0WPrBG5QImaKI2YI27xwg,1,0,0,1,1,0,1,1,0,0,0,0
UCO4Z2VHp90m57eXaAgKYR6g,0,0,0,0,1,0,1,0,0,0,1,0
UCO5QUta0vC6SKPOteu_AM_g,1,0,0,1,1,0,0,0,0,0,0,0
UCO8-4UNtaWyrs5AwDSaMdtA,0,0,0,1,0,0,1,0,0,0,0,0
UCO9hkpnSthqrwZ2IDwrcWyw,0,0,0,0,1,0,1,0,0,0,0,1
UCOB-cn8MMo5DsqwO1bD3bbA,0,0,0,0,0,0,1,0,0,0,0,0
UCOCIOfX8iDq7t7MHc5WuWUg,0,0,0,0,0,0,1,0,0,0,0,0
UCODvOfxonHB0pPnN2Eijmkg,1,1,0,1,1,0,0,1,0,0,0,0
UCOFX_SbPT1OU_ebVv1578bQ,1,0,0,0,0,0,0,0,0,0,1,0
UCOP2ZEJr1RhC-K7MxP2efGg,0,0,0,1,1,0,1,0,0,0,0,0
UCOS2muz4i1EZeMv0TSU0o-w,0,0,0,0,0,0,1,0,0,0,0,0
UCOSEsnkS1AEWoJAZ2RNu-QA,1,0,0,0,1,1,1,1,0,0,0,0
UCOTDGe0lTih6b_CJBB0QSEA,0,0,0,1,1,0,1,0,0,0,0,0
UCOUcahcBzw4aHzsdBptxVyw,0,1,0,1,0,0,1,0,0,0,0,0
UCOWL_F0dIR8-hSSmF1e9vPg,0,0,0,0,1,1,1,0,0,0,0,0
UCOb2e-w5BiD4rMTNCg8F_aA,1,0,0,0,0,0,0,0,0,0,0,0
UCOcrEkFE9jUvNqdiNMIUqZA,0,0,0,1,1,0,0,0,0,0,0,0
UCOmN0kDH6xv9GaFO0KkynXA,0,1,0,0,0,0,1,0,0,0,0,0
UCOrjRyXJpMzfQFLWuWzGwlg,0,0,0,1,1,0,1,1,0,0,0,0
UCOtDJ4ZcGbL_9OKpxkNXiAA,0,0,0,0,0,0,1,0,0,0,0,0
UCOwL_fmW6VPIAfJjoRylB5A,0,0,0,1,0,0,0,0,0,0,1,0
UCP-fTjLoUt766QEsfPwP6dQ,0,0,0,1,1,0,0,0,0,0,1,0
UCP-hBqu7wYKOzAAv_WrZ5wQ,0,0,0,0,0,0,1,0,0,0,0,1
UCP22aJhS04PkmET4ZuqedUw,0,0,0,0,0,0,1,0,0,0,0,0
UCP3POt7w6ONR-yi7RgyfAKw,1,1,0,1,0,0,1,1,0,0,1,0
UCP4BDh7G5kWhQ2BnkEzWC0A,0,0,0,0,0,0,1,0,0,0,1,0
UCP6jqkBOa36E6oqR7EMMkQg,0,0,0,0,1,0,1,1,0,0,0,0
UCPD1ulp3Hh3xZrFXZ8pevog,1,0,0,1,1,0,1,1,0,0,1,0
UCPEg6eW53NPMfUuzF9EMvCw,0,0,0,1,0,0,0,0,0,0,0,1
UCPEjDK8KhFXr6GOla5ZfK4Q,1,0,0,1,0,0,1,0,0,0,0,0
UCPF3i4x4SlmPubGVyCH6dNA,0,0,0,0,0,0,1,1,0,0,0,0
UCPGJPhu6TDKAC4LplHeV32Q,0,0,0,0,1,0,1,1,0,0,0,0
UCPJ3R0BeGo4CYsflBxRWMZQ,0,0,0,0,0,0,1,0,0,0,0,0
UCPKMLq9I0PUPTCePvAMkzxw,0,0,0,0,1,0,1,0,0,0,0,0
UCPMHUY0d-7tLtm9SDz5G9dA,0,0,0,0,0,0,1,0,0,0,0,0
UCPQRl6ceaNBTeuHkMqsfl7Q,0,0,0,0,0,0,1,1,0,0,0,0
UCPQRvl6TQxr93_L35sWlPiw,0,0,0,1,0,0,0,0,0,0,0,0
UCPRMDPpi3JS1Q1TqBtUlV6w,0,0,0,0,0,0,1,0,0,0,0,0
UCPTmeOSf5H9C12maQ3dRVkg,1,1,0,1,0,0,0,0,0,0,0,0
UCPa8U89SI8vVRkMaLUaBrUw,1,0,1,0,0,0,0,0,0,0,0,0
UCPhk3xx6E4Uy6swgNOrOH-g,1,0,0,0,0,0,0,0,0,0,0,0
UCPiOiRQrMMsuJC5wsGq5MMA,0,0,0,1,1,0,1,1,1,1,0,0
UCPj4Dp_tT296eE3TsMWSzhg,1,0,0,0,0,0,0,0,0,0,0,0
UCPjJTX-HcJOEicumBOdZDWQ,0,0,0,0,0,0,0,0,0,0,1,0
UCPkuXZwHq0gxenJlMOtUFDA,0,0,0,0,0,0,1,1,0,0,0,0
UCPoEbybnhgG_ZbjtSiu-sLw,0,0,0,1,0,0,0,0,0,0,0,0
UCPr0btfTlrGSq-1GMiMfGxQ,0,0,0,0,0,0,1,1,0,0,0,0
UCPuR6JPgQJg5pzB3-RktS7A,0,0,0,1,1,0,1,0,0,0,0,0
UCPv_3kXNdIxBUlEYqfu4P1Q,0,0,1,0,1,0,0,1,0,0,0,0
UCPwcGxorXZ10bCO9c42jNEg,1,1,0,0,0,0,1,0,0,0,0,0
UCPxjaJmBc-sCfddahBDNiBA,1,0,0,0,0,0,1,0,0,0,1,0
UCPxvQmO5bbG_rOLcI05hOiA,0,0,0,1,1,0,0,1,0,0,0,0
UCPyZvOm2T8s5QGUrmak5Efw,0,0,0,1,1,0,0,1,0,0,0,0
UCQ3cWPw92qfa6uJXvLqSLog,0,0,0,0,1,0,0,1,0,0,0,0
UCQ4Vp_pCe8_6tlIhNyXe6YA,0,0,0,1,0,0,1,0,0,0,0,0
UCQ5IYZuvmxmpFyGFsfsRYAA,0,0,0,0,1,0,1,1,0,0,0,0
UCQ7yb8eBJOMgvxKnbhWj1Mw,0,0,0,0,0,0,1,1,0,0,0,0
UCQJxa7TwRe4WkRSnogGIAHw,0,0,0,0,0,0,1,0,0,0,0,0
UCQKRmkbOwdcVmoOlt4eGoUg,0,0,0,1,0,0,0,0,0,0,0,0
UCQZqwa5cnLN8HNpZyr3Z6vQ,1,1,0,0,1,0,1,0,0,0,0,0
UCQcWbNeRbjjTMdBJUjCpuOA,0,0,0,1,1,0,1,0,0,0,0,0
UCQcv_kvdpzs4fF8JUrxGFcA,1,1,0,1,1,0,0,0,0,0,0,0
UCQejnt7-QrfuJzZrtVeGiyA,1,0,0,1,0,0,1,0,0,0,0,0
UCQhE9MWLYniFGDBkn6oI_Gg,0,0,0,0,0,0,1,0,0,0,0,0
UCQhWpmrstpo-sltWiziF4Jw,0,0,0,0,0,0,1,0,0,0,0,0
UCQj8o5vibtFdPeR5orzkpBA,0,0,0,0,1,1,1,1,0,0,0,0
UCQk9VmW3aOYQTRmmS8SbFzg,1,0,0,1,0,0,0,0,0,0,0,0
UCQnAxwZdfcp-9Gd9_x-29iA,0,0,0,0,0,1,1,0,0,0,0,0
UCQpRmzd1wWlzXYFVod2PjBA,1,0,0,1,0,0,1,0,0,0,1,0
UCQsQe9ScZ93MTpyhOadgq0A,0,0,0,1,1,1,1,1,0,0,0,0
UCQtG73JgijFQris1s6bFNhw,0,0,0,1,1,0,1,0,0,0,0,1
UCQx3ARKKm6hmayqb7oolwQA,0,0,0,1,0,0,1,0,0,0,1,0
UCQxJkJkXUBRcnL_CkWv07_A,1,0,0,0,0,0,1,0,0,0,0,0
UCQxWwKL7QF9X9SSAIkU7lHw,0,0,0,1,1,0,0,1,0,0,0,0
UCQy0-lM2tp3qBdvmmsS2f1A,1,1,0,0,0,0,1,1,0,0,0,1
UCR0I2f25Oldx4imfMosdmUA,0,1,0,0,1,0,1,0,0,0,0,0
UCR1hkx1bedXS-Lybv-v1nOQ,0,0,0,0,0,0,1,0,0,0,0,0
UCR3M9A2Uded3Ktt-IcFbtPA,1,0,0,0,0,0,1,0,0,0,0,0
UCR3anc5uhAvaLfl3SbymcRA,0,0,0,0,0,0,0,1,0,0,1,0
UCR4ZoMOP1xzcyoJHOjkv1aQ,0,0,0,0,1,0,0,0,0,0,0,0
UCR81qi4Q3ZKX5xwgYnmqMXQ,0,0,0,1,1,0,1,1,0,0,0,0
UCRBmaGfB_ZavwYTGP3dC4oQ,0,0,0,0,1,0,1,1,0,0,0,0
UCRFeskPspPBRGGJRc39NMDw,0,0,0,1,0,0,0,0,0,0,0,1
UCRGoi4YW5afhZukGo3P8H_Q,0,0,0,0,1,0,0,1,0,0,0,0
UCRIwQGKmAVetsDE-b1BhBqQ,1,0,0,0,1,0,1,0,0,0,0,0
UCRJtb-Qb2xzr1g29CoMVs2A,1,0,0,1,1,0,1,0,0,0,1,0
UCRK-LY-QiwA_PhWNgZSEDsA,0,0,0,0,0,0,0,0,0,1,0,0
UCRKcul-WIUU7B2vODQ_H_qQ,0,0,0,1,1,0,1,1,0,0,0,0
UCRKi_l9Z5HWbj2vVipWIcSQ,0,0,0,0,0,0,0,1,0,0,0,0
UCRLvzFCa0dt1SLTM5xbGrNw,0,0,0,0,1,0,1,0,0,0,0,0
UCRTPHBHpw5hEBXW5yYV33nw,0,0,0,1,1,0,0,1,0,0,0,0
UCRUFY2ZCyVOvC-1rJIVZlKg,0,0,0,1,1,0,1,1,0,0,0,0
UCRXZiMRMLbx9RtPbsuBMGiw,1,1,0,0,1,0,1,1,0,0,0,0
UCRYKAEJEvE3GSoAMgWd-dSQ,0,0,0,0,1,0,0,0,0,0,0,0
UCRZe5RNsD_rkBcwff7FsW-g,0,0,0,1,1,1,1,0,0,0,0,0
UCRapuCTbCYnCdLm-dfD5phg,1,0,0,1,1,0,1,1,0,0,1,1
UCRcGtDtwXvuBL86zQb2toTw,0,0,0,0,1,0,0,1,0,0,0,0
UCRcqgr4cjJdpDKMxLgZcufA,0,0,0,1,0,1,0,0,1,0,1,0
UCRiAOo2xHR__2WrfejWle8w,0,1,0,1,1,0,0,0,0,0,0,0
UCRjKCTIG9dbzauB1y5fMXhg,1,0,0,1,1,0,1,0,0,0,1,0
UCRnlHD29u4VKrpaiQV-tTTg,0,0,0,0,1,0,1,0,0,0,0,0
UCRtW_UvSohyxSz2CQo8GdIg,1,0,0,0,0,0,1,0,0,0,0,0
UCRu_bgKUZPtu-t29-WXsDBg,0,0,0,1,0,0,0,1,1,0,0,0
UCRufVowx8t9zI-4XxGeI8tA,0,0,0,1,1,0,1,0,0,0,0,0
UCRv9IO6bCHktbdn5XoD632A,0,0,0,0,0,0,1,0,0,0,0,0
UCRxwiRE4-l604TROGgEArkA,0,0,0,0,0,0,1,0,0,0,0,0
UCS-AEU8ccZmIf1I9-z4czkw,1,0,0,0,1,0,0,0,0,0,0,0
UCS1XlQ227rZCKjG9lpXymIg,0,0,0,0,0,0,1,1,0,0,0,0
UCS3_IFdRf8q0Y6SQAoYdp-w,1,0,0,0,1,0,1,0,0,0,0,0
UCS7rpsx_B36LPwhFNKML7Ew,1,0,0,1,0,0,1,0,0,0,1,0
UCSAHr56RH8xzNUpwAw4JClg,0,0,0,0,1,1,1,1,0,0,1,0
UCSGInmICPS-AtWg5NnZBEvA,0,0,0,0,1,0,1,1,0,0,0,0
UCSIwLoEr-GQUFXYEBop2FVQ,0,0,0,1,1,0,0,0,0,0,0,0
UCSKeFSK7VbMAMOsPfdB3MWA,0,0,0,0,0,0,1,0,0,0,0,0
UCSLGxXsqvNeAxuY_qWOo5bQ,0,0,0,1,0,0,0,0,0,0,0,0
UCSRKMpCknDJ1vX8C5KQ1V_w,0,0,0,0,0,0,1,1,0,0,0,0
UCSRo2XChF9n0E0ty16zh6Hw,1,0,0,1,1,0,1,0,0,0,0,0
UCSS1Ke0AQomRRTL7iaboo8w,0,0,0,0,1,0,1,0,0,0,0,0
UCSTarTBIgfQfLcTsqo9ARHw,0,0,0,1,0,1,1,0,0,0,0,0
UCSWR1UQElOYPr26Y00lqfwg,0,0,0,1,1,0,1,0,0,0,0,0
UCSeRZleiNIqGWgdmPU-YJjw,1,1,1,1,1,0,0,0,0,0,1,0
UCShZp5nurfwY_dcctqX5SYA,0,1,0,0,1,0,0,0,0,0,0,0
UCSi-CxRZvopZGg14ppnMQRw,0,0,0,0,0,0,0,1,0,0,0,0
UCSjPJCVBfSep5QudsUNGidQ,0,0,0,0,1,0,0,1,1,1,1,0
UCSkAoufyYzfqBDlYPqjh_7A,0,0,0,0,0,0,1,1,0,0,0,0
UCSmQU4p-lVLF7Uc0ZL_I19Q,0,1,0,0,0,0,0,1,0,0,0,0
UCSn0B-SrTgUmv_GntmT7FTA,0,0,0,1,0,0,0,0,0,0,0,0
UCSnxc7AhTPn85T52On4Tc4w,0,0,0,0,1,0,1,1,0,0,0,0
UCSpu0DHSs5vahl3cRwDb4uw,0,0,0,0,1,0,0,1,0,0,0,0
UCSqmr34Y49vzzKPmar9lOgQ,0,0,0,0,0,0,1,0,0,0,0,0
UCSsTLqvR9gXZPXuSGAg0E6g,1,0,0,0,0,0,1,0,0,0,0,0
UCSt3p78jrIMXaGh-Gxv6eUg,1,0,0,0,0,0,0,0,0,0,0,0
UCStg1DNQeMLTisfIGOZx7tQ,0,0,0,1,1,1,0,0,0,0,0,0
UCSuwNiQQ8Z2ptVPcBlScbZw,0,0,0,0,0,0,0,1,0,0,1,1
UCSvGPK39PpsilLqS2vJqjJw,1,0,0,0,1,0,1,0,0,0,0,0
UCSvq9SCM8XFDXLeClXza2Xg,0,0,0,0,0,0,1,0,0,0,0,0
UCSxLebKgbS8-QedEMQQtrCA,1,0,0,0,1,0,0,1,0,0,0,0
UCSxmj4sQUJr55_Rb_dtJH-w,0,0,0,0,0,1,0,0,0,0,0,0
UCT0AdVDoZBSs9GB2iJYAz1g,0,0,0,0,0,0,1,0,0,0,0,0
UCT3A8n1ocPTcwczBMHWUNnA,1,1,0,1,0,0,0,0,0,0,0,0
UCT6oxEhw_1sMMd0bMfFGF1w,0,0,0,1,1,1,1,1,0,0,0,0
UCT6xZ4pOfK616UxefeT4MAA,0,0,0,1,0,0,1,1,0,0,0,0
UCTC5wAC7pq62fk0wKb8abcg,1,0,0,0,0,0,1,0,0,0,0,0
UCTF7IXcUVQU-yPXsqW5PIAg,0,0,0,0,0,0,1,1,0,0,0,0
UCTHSEXoxztBUlcB6xkzAhpA,0,0,0,1,0,0,1,1,0,0,0,1
UCTHrnLSklgYghASFFdgvD9A,0,0,0,0,0,0,1,0,0,0,0,0
UCTKfW5IxTeY1V-_gy4wYMuA,0,0,0,0,1,0,0,1,0,0,0,1
UCTMPzGpa9ti4q8-2AlHNK6w,0,0,0,0,0,0,0,1,0,1,0,0
UCTNWzdpykybAFi7FV_mS7tQ,1,1,0,0,0,0,1,1,0,0,0,0
UCTOxAh_MDuXtl0TJPZVL1sw,0,0,0,1,1,0,0,0,0,0,1,0
UCTRNPsO9ZQq13yDOfM54oRA,0,0,0,0,0,0,0,0,0,0,1,0
UCTVGMlWoGUHRaFs-bJ3Hl7g,1,0,0,0,0,0,0,0,0,0,0,0
UCTVwwF_s0_CWwOUz-7GCHww,0,0,0,0,0,0,1,0,0,0,0,0
UCTWHdoN72SsT1FBBwA_9gdQ,0,0,0,0,0,0,1,0,0,0,0,0
UCTXQGMuQeaAmEAsiv_Wkhow,1,1,0,0,1,0,1,0,0,0,0,0
UCTbrLOPF6jX__UNHT2GMKTg,0,0,0,1,0,0,0,1,0,0,0,0
UCTcGPCVOjEMnjHyKUciI6Xw,1,1,0,0,0,0,1,1,0,0,0,0
UCTftkjHA30pWkXB-Z6eijOQ,0,0,0,0,0,0,1,0,0,0,0,1
UCTl5lkM6Q4mUIi5syA5eybg,0,0,1,1,0,1,1,1,0,0,1,0
UCTlAFJSid-vdOs0Ciwl5HKg,1,1,0,0,0,0,0,0,0,0,0,0
UCTnu107Gk0Ux7lO4tqTU3ow,0,0,0,0,0,0,1,1,0,0,0,0
UCTqWRO7U3xZbDdg28NJYrmA,0,0,0,0,0,0,1,0,0,0,0,0
UCTsBJT_DCbqUoXmnT2IVA_A,0,0,0,1,1,0,0,0,0,0,0,0
UCTtQ-MDpxl0DEKJige2SZWA,0,1,1,0,0,0,1,0,0,0,1,0
UCTyUsII-tj-smDn-Tg80HBQ,0,0,1,0,0,0,1,0,0,0,0,0
UCU-0EpnQaxkDpsqChCn0Wyw,1,0,0,0,0,0,1,1,0,0,0,0
UCU-IyJRy8iOCvKgHELDg_8Q,0,0,0,0,0,0,1,0,0,1,0,0
UCU48uidUFMxYdZl3a8Qucgw,0,0,0,1,0,0,1,0,0,0,0,0
UCUBIkxZrk3ym5XaI-4yjJ6A,0,0,0,0,0,0,1,1,0,0,0,0
UCUG0EfG2NA_Bc2U8nJEeesg,0,0,0,0,0,0,1,0,0,0,0,0
UCUHTLKAwCH4t0cZTZVjGe8Q,0,0,0,1,0,0,1,0,0,0,1,0
UCUKT2Ar5K32UQ9Ne_ye_jmg,1,0,0,0,0,0,1,0,0,0,0,0
UCUR1fNuBcffqmWHFHiOB4aA,1,0,1,1,1,1,1,1,0,0,0,1
UCUSa7U4kyoQsHpTqlk_NKFQ,0,0,0,0,0,1,1,1,0,0,0,0
UCUUbs64nBkENc6J09o3aUyg,0,0,0,0,1,0,1,1,0,0,0,0
UCUWcAwH8u8NR6vT1pUuhStA,1,1,0,0,1,0,0,0,0,0,0,0
UCUYVXFLTfEUoC6pHLv7CpaA,0,0,0,0,0,0,1,0,0,0,0,0
UCU_xRFdTRIneHBBAgNhSNaw,0,0,0,1,0,0,1,1,0,0,0,0
UCUf-8IH7RZU5hfbVeMoompA,1,0,0,0,0,0,1,1,0,0,1,0
UCUl5BjTg9CIShunsoDiIf8Q,0,0,0,0,0,0,1,0,0,0,0,0
UCUqQ7sRLNrgMj2WpngWeE9Q,0,0,0,0,1,0,1,0,0,0,1,0
UCV-f-msELn2ndhssIw19XnQ,1,0,0,1,1,0,1,1,0,0,0,0
UCV2qgpkQnRfLVV9wGmd-nAQ,0,0,0,0,1,0,0,1,0,0,0,0
UCV3H5eJReR4WSP6i5iirp6w,0,0,0,0,0,0,1,0,0,0,0,0
UCV4K1iLzMgb6m4SNNsDghIg,0,0,0,1,1,0,0,0,0,0,0,1
UCV50SGre26FoUO0qQPoOtzA,0,0,0,0,1,0,1,0,0,0,0,0
UCV76_5lt73NY_Ol6nD67dfw,0,0,0,0,0,0,1,0,0,0,0,0
UCV8Np-VXrd4umPyXBYm4_VQ,1,0,0,0,1,1,1,1,0,0,0,0
UCVB-arYZlg3SS0B-jnzu82w,0,0,0,0,0,0,1,0,0,0,0,0
UCVB16vOi24WElLNbbmOFFsA,1,0,0,0,0,1,1,0,0,0,0,0
UCVDa9cTAXKrJ9yxTstZH29Q,0,0,0,1,1,1,1,0,0,0,0,0
UCVHa4WoHsIIOYj2WtGy0iQw,0,0,0,0,0,0,1,0,0,0,0,0
UCVHykctvqUX1fhARnxv10ZA,0,0,0,1,1,1,0,1,0,1,0,0
UCVOIIKdW4k_HHnvBtsGmTbQ,0,0,0,0,1,0,1,0,0,0,0,0
UCVP5E_PqeF-PUe8dfVsRMGQ,0,0,0,0,0,0,1,0,0,0,0,0
UCVQnmM4bJYqWzcExK74sm-g,0,1,0,0,0,0,1,0,0,0,1,0
UCVVS1o0lSndpO9q80IVtcfA,0,0,0,0,0,0,1,0,0,0,0,0
UCVWyIZjJFuKDKAncFbl-_dA,0,0,0,0,0,0,1,0,0,0,0,0
UCVbK_r3xC6HKN_dOft6iLVg,0,0,0,0,1,0,1,0,0,0,0,0
UCVcRKJmdhcGTEXDAnC7KwbA,0,0,0,0,0,0,1,0,0,0,0,0
UCVi45MCqllaFYjSTP2bO5gA,0,0,0,0,0,0,1,0,0,0,0,0
UCVkb5wMIZVTmLgeQSIcPzww,1,0,0,0,0,0,1,0,0,0,0,0
UCVpT8wQ23B6Jn3m7gA-t99w,1,0,1,0,0,0,0,0,0,0,1,0
UCVswVwUv3I2tFcX0HkkThfQ,0,0,0,0,0,0,1,1,0,0,0,0
UCVwYCJIcKru_15r-CPGveXg,0,0,0,0,1,0,0,0,0,0,0,0
UCW0l6XXIjbHYdd11gSL1jog,0,0,0,1,1,0,1,0,0,0,0,0
UCW2ZP4WkDBq1WPzcK2VqgUA,0,0,0,0,1,0,0,0,0,0,0,0
UCW2ZgN3XYg9sjXoEon1mImQ,0,0,0,1,0,0,1,1,0,0,1,0
UCW3NawHTYuhLJotnqSuNVKg,0,0,0,0,0,0,1,1,0,0,1,0
UCW3xR1eMkGKHwnv9Imrqtvw,0,0,0,1,1,1,1,1,0,0,1,0
UCW6IhZ5tT4jXnWqUAVKDLCQ,1,1,0,0,0,0,0,1,1,0,0,0
UCW98qD_KJDihno7xhrVKHUA,1,1,0,0,0,0,0,0,0,0,1,0
UCWDEnfP6CcWNT1U5OlNqsgw,1,0,0,0,0,0,0,0,0,0,0,0
UCWEWXCotfguZ7vG1L2VPzFQ,0,0,0,1,1,0,1,0,0,0,0,0
UCWHkrlo-waHxCLUzGAVER8A,0,0,0,1,0,1,1,0,0,0,0,0
UCWK7QBUvQ1JmHTgLTjDsJ8g,1,1,0,1,0,0,1,0,0,0,0,0
UCWO-jbvK2g0L8hmgA7nSgUA,0,0,0,0,0,0,1,1,0,0,0,0
UCWP_nWo2mPwoVkQbqQAScHQ,1,1,0,0,1,0,0,0,0,0,0,0
UCWTohc4_nqeQndKDgmkvI4Q,0,0,0,0,1,0,0,0,0,0,0,0
UCWXSUHY9Tvy1qoGjpM7fIKg,0,0,0,0,0,0,1,0,0,0,0,0
UCWYGoppQj3q7fDn0tiKvXTA,0,0,0,0,1,0,0,0,0,0,0,0
UCWeC7KL_AwgTguFir3fEC1w,0,0,0,0,0,0,0,1,0,0,0,0
UCWeEKramQrMj99uVMelQbtA,1,0,0,0,0,0,0,0,0,0,0,0
UCWmVl06hG9etcVpVp6Vpsjw,1,0,0,0,1,0,0,0,0,0,1,0
UCWnDeg1mjbqYq8hkNz3VUFw,1,0,0,1,0,0,0,1,0,0,1,0
UCWnfJDk9mFkbO258TPpekUA,0,0,1,1,0,0,0,0,0,0,1,0
UCWqPeNZMsOpG1608Wi5bgsw,0,0,0,0,1,0,0,0,0,0,0,0
UCWuIzrL-E5IQXD_i5oaxbAA,0,0,0,1,1,0,1,1,0,0,0,0
UCWuKuAo94_kkkBIPnfa3R5w,1,0,0,0,0,0,1,0,0,0,0,0
UCWvp2Cpp8t2mUN0a4Ef343w,0,0,0,1,1,0,1,1,1,0,0,0
UCWx5SntBICZdoEAzy_O3A6A,0,0,0,1,0,0,1,0,0,0,0,0
UCWxXVDBhHSauvarC9sIDoHw,0,0,0,0,1,0,0,0,0,0,0,0
UCWxp2Y9JIo4iXAHnvrovB4w,1,0,0,1,1,0,0,1,1,0,0,0
UCWyg6ZiRQ62tlpEzONlDWXg,0,0,0,1,1,1,1,1,0,0,0,0
UCWzeZL8-tH-i7G3IhPp9O-w,0,0,0,1,0,1,1,1,0,0,0,0
UCX35JkgOjZAZwZ2sgccZS4w,0,1,0,0,1,0,1,1,0,0,0,0
UCX4OAcO4jVFBxaLBMXyuN3Q,0,0,0,0,1,1,0,0,0,0,0,0
UCXBXHXnzt6gtMcQH0pW6yQw,0,0,0,1,0,0,0,1,0,0,0,1
UCXDnVkyVFd1Q0S4ujwalhsQ,0,0,0,0,0,0,1,1,0,0,1,0
UCXDspelgEfUzW-PrqB8q62Q,0,0,0,1,0,0,1,0,0,1,0,0
UCXDy3Bx-VDX96Z_24c9zrAA,0,0,0,0,0,0,1,0,0,0,0,0
UCXMZ4cV6o-QoRFO5dCz7bOQ,0,0,0,0,1,0,0,0,0,0,0,0
UCXO37eA_WGfN18ctqnnt_7g,0,0,0,0,1,0,0,1,0,0,0,0
UCXRzzmbGgGG-_EhP7gO7oEw,0,0,0,1,0,0,0,0,0,0,0,0
UCXSQDlS-1HBYpPxLh94wOww,0,1,0,0,0,0,1,0,0,0,0,0
UCXcVvdMgQnjdjgUsSMoId4g,0,0,0,0,1,0,1,1,0,0,0,0
UCXcxjYALNDQHGsRK8nXCV6Q,0,0,0,1,1,1,1,1,0,0,0,0
UCXfdN0pKOdD4YynFQdQONKw,0,0,0,0,1,0,1,1,0,0,0,0
UCXjObf6AfcuKyyk_u2Sih9w,0,1,0,1,0,0,1,0,0,0,0,0
UCXkZUKRO_23QQUFNDWYtyHQ,0,0,0,1,1,0,1,1,0,0,0,0
UCXlaGq6-OS46qIwtqcPa62A,0,0,0,0,1,0,1,0,0,0,0,0
UCXqwkK6zlTYYRNlUbo21YuQ,0,0,0,1,1,0,0,0,0,1,0,0
UCXrRkb7n5aXAxFSetfpe29Q,0,0,0,1,1,0,0,1,0,0,0,0
UCXssmYCeXXX5TFjA1PF0HAA,1,1,0,0,0,0,0,0,0,0,0,0
UCY-Oxz5wxsT4hwbRjql7dBA,0,0,0,0,0,0,1,0,0,0,0,0
UCY-rzz8F3xdJ9NS3Y5iAGjw,0,0,0,0,0,0,0,0,1,0,0,0
UCY1AtKv8VBRjiANSSwd8DKg,0,0,0,0,1,0,1,0,0,0,0,0
UCY1greSYoItqNTQWwddm7kQ,0,0,0,0,1,0,1,0,0,0,0,0
UCY1qrEDK378Jay-0ewRfnHw,0,1,0,0,0,0,1,0,0,0,0,0
UCY5nxSq4K9hOW0eieKafdIQ,1,1,0,0,1,0,1,1,0,0,0,0
UCY6_e0cIUo3nI8LKhvBewxA,0,0,0,1,1,0,1,0,0,0,0,0
UCYAVkg1y33NN29UfcI5qg_Q,1,0,0,0,1,0,1,0,0,0,0,0
UCYDy13Yc98EkFbXcROZsaQQ,0,0,0,0,0,0,1,1,0,0,0,0
UCYGRrQjTI3jjBVYal9nbv3A,0,0,0,1,0,0,0,0,0,0,0,0
UCYH2Xjxs954DOtJ48RE8Duw,0,0,0,1,0,0,1,1,0,0,0,0
UCYJjMxGHCWF89hzPRYEqAhg,1,0,0,1,1,1,1,1,0,0,1,1
UCYLn1xts4mDfDEZAAZFAk4A,1,1,1,1,1,1,1,0,0,0,1,0
UCYMnf5YYFemiv4F2S8lQbrA,0,0,0,0,0,0,0,1,0,0,0,0
UCYSum2jNtiE9JZedmy00okQ,1,1,0,0,0,0,0,0,0,0,1,0
UCYT8a--RSMKRcZaMHjzLSTA,0,0,0,0,0,0,1,1,0,0,0,0
UCYXzB5vlPS5Z_wiAPQJqe1w,0,0,0,1,0,0,1,0,0,0,0,0
UCYZTrT9XYtdGZrCC9LCGqoA,0,0,0,0,1,0,0,0,0,0,0,0
UCYZUujsTn8uopC8gwBxXFPQ,0,1,0,0,0,0,0,1,0,0,1,1
UCYaEGfKFqU5eINks8Ey0UTQ,0,0,0,0,0,0,1,0,0,0,0,0
UCYambje2dNOLOz64tgfsbUg,0,0,1,0,0,0,1,1,0,0,1,1
UCYbBPtS52enSskfHm9-DCaA,1,0,1,1,1,1,1,1,1,0,0,0
UCYbPpfX_kDevsHgUl4chgrg,1,0,0,0,0,0,0,0,0,0,0,0
UCYgBlFMHnDATw1sZvPVQCsA,1,1,0,0,0,0,1,1,0,0,0,0
UCYl2qeRPosUnc-GAmk6K1cQ,0,0,0,0,0,0,1,1,1,1,0,0
UCYpu7V31Si5rHUFkS9aNPpw,0,0,0,0,0,0,0,0,0,0,1,0
UCYvKuXSAk5p9F4TMJgvcghA,0,0,0,0,0,1,1,0,0,0,0,0
UCZ-U9WtpKv61WSpuSd7NAkA,0,0,0,1,1,0,1,1,0,1,1,0
UCZ3SbG9tCwQ4EIZkI0q7lzw,1,0,0,0,0,0,1,0,0,0,0,0
UCZ7TMz5GXcxhpaRAhm1R--w,0,0,0,0,0,0,1,0,1,0,0,0
UCZ7e7KqFfovnRS1U2bPy48w,0,0,0,0,0,0,0,0,0,1,0,0
UCZB3CHNHP5tD6S7lV59tS9Q,0,0,0,0,1,1,1,1,0,0,0,0
UCZKKZ_BNI1_-LDFtSl9-YMQ,0,0,0,0,0,0,1,0,0,0,0,0
UCZLwnUygGO2AZAapuaCj1cA,0,0,0,0,0,0,1,1,0,0,0,0
UCZOki7WEG0EsiTIdwhzLVSw,0,1,0,0,0,0,0,0,0,0,0,0
UCZQzXAz_4-ea557GQEP-KRw,0,1,0,1,0,0,1,0,0,0,0,0
UCZR6LWoDCIIL5-bu1oMUh-Q,0,0,0,0,0,0,1,0,0,0,1,0
UCZSCGEcUD5sekIsc8MgeSVw,0,0,0,1,1,1,0,0,0,0,1,0
UCZUTVk0R9V8pLMKKwV0Ab5w,0,0,0,1,1,0,1,1,0,0,0,1
UCZX5lhPBhsIvpGQyunxjCDw,1,0,0,0,1,0,1,1,0,0,0,0
UCZXIpT51Du-MDBLHn-L7ztw,1,1,0,0,1,0,0,0,0,0,0,1
UCZZyXlaxCL3LMLwZlWqWb_A,0,0,0,0,0,0,1,0,0,0,0,0
UCZcugKYkn9YIqDK_BkGtIpQ,0,0,0,0,0,0,1,0,0,0,0,0
UCZhV-0aegPx_WBuRl06WMsQ,0,0,0,0,0,0,1,0,0,0,0,0
UCZid1t1kx2mDJuDVKJXfBng,0,0,0,0,0,0,0,1,0,0,0,0
UCZoBsi6UjLplcIJPQLpQ3Sg,0,0,0,1,1,0,1,0,0,0,0,0
UCZp_9ppEu_2pKxdPkvb3M0g,0,0,0,1,1,0,0,0,0,0,0,0
UCZpszs4x7JjZXOoJYjZ63Nw,0,0,0,0,0,0,1,1,0,0,0,0
UCZrRqsN-528Jp1Q5ZrIdK3g,0,0,0,1,1,0,1,0,0,0,0,0
UCZwA6bcDy9cMWRKpOVMIwGg,0,0,1,1,0,0,1,1,0,0,0,0
UCZwsOhl_T0k2Sgf7S3JReNQ,0,0,0,0,0,0,0,1,0,0,0,0
UCZzso-nqlGNdF9urBAWoU6Q,0,0,0,1,1,0,0,1,0,0,1,0
UC_-UeNLnsCOebsOau344gqA,0,0,0,0,1,0,1,0,0,0,0,0
UC_1CxBCTzNrCpjoD8Kzi7zg,0,0,0,1,0,0,1,0,0,0,0,0
UC_4x4gCnCkJ2o-VINN0AJ6A,0,0,0,0,0,0,0,1,0,0,0,0
UC_6Ai8svBvpMEqRdCH8QhhQ,0,0,0,1,1,0,0,0,0,0,0,0
UC_9DxYZ_4Lhm9ujFvcHryNw,0,0,0,1,1,0,1,0,0,0,0,0
UC_A8A39-o_hcbWa0IpxKIcg,0,0,0,0,1,0,1,0,0,0,1,0
UC_HWSkQFp0JUWG0p3g6IK2g,1,0,0,0,0,0,1,0,0,0,0,0
UC_LQWk4Q2JOcXzr6HNnYFkg,0,0,0,1,1,0,1,0,0,0,1,0
UC_OgziLVtGyrlp2EGXreQ7w,0,0,0,0,1,0,1,0,0,0,0,0
UC_QFbIgMACq0tuJ_CFdCYlA,0,0,0,0,0,0,1,0,0,0,1,0
UC_WQq68cnKTdgbfDCoK6zzA,1,1,0,0,0,0,0,1,0,0,1,0
UC_ZM1Eg4o1NMJZ9vJ1JtIoQ,1,0,0,0,0,0,1,1,0,0,0,0
UC__DOF4LkU50LOMyzVe7tDQ,0,0,0,0,0,0,1,0,0,0,0,0
UC_eYNb2rcoFzjaeW_KnDILA,1,1,0,0,0,0,1,0,0,0,0,0
UC_fuqq56nJIrdSzE28xqqcA,0,0,0,0,0,0,1,0,0,0,0,1
UC_fvCMXg2wW715kdTOxcWIw,1,0,0,1,0,0,1,0,0,0,1,0
UC_k1itxLnmYvdr9sRUr9g2A,0,0,0,0,0,0,1,1,0,0,0,0
UC_kVMJY14iOXWhHMzG302AA,1,1,0,0,0,0,1,0,0,0,0,1
UC_knFr4NEqkxdyjMp8GoQMw,1,1,0,1,1,0,0,1,0,0,0,0
UC_nYFFhgy36RWFaC70ySUkg,0,0,0,0,0,0,0,1,0,0,0,0
UC_pm96XrJqjN6v5jPchzD3Q,0,0,0,0,0,0,1,0,0,0,0,0
UC_uXXOfDSZRCVcXX89IrMmw,1,0,0,0,0,1,0,0,0,0,1,0
UC_uhr-B8-kiDtUgXjaPhmjw,0,0,0,0,1,0,1,0,0,0,0,0
UC_v3obb9USAvu-sof6EWoug,0,0,0,0,0,0,1,0,0,0,0,0
UC_w5NmHheErqzqUDfxStFjA,0,0,0,0,1,0,1,0,0,0,1,0
UC_wsLBhgvAeTR26RaaL6RRA,0,1,0,0,1,0,1,0,0,0,0,0
UC_y6bzV_aWGYYUtSH3KwdQQ,0,0,0,0,0,0,0,1,0,0,0,0
UC_z0M7u_pjXSOJnJwXKzWhw,1,1,0,1,1,0,0,1,0,0,0,0
UCa1MucFcRedNFa9dEmcXWtg,1,0,0,0,1,0,1,1,0,0,1,0
UCa32Gu2Wo8EepUHEdLjfRVA,0,1,0,1,1,1,1,1,0,0,0,0
UCa8A_GjBqEEOg3MU9wKye4Q,1,0,0,1,1,1,1,0,1,1,1,0
UCa8LEwtYMIqB_FFZq75ST4Q,0,0,0,1,0,0,1,1,0,0,0,0
UCaBJpskufXmLFHEr7I6_UPw,0,0,0,0,1,0,1,1,0,0,0,0
UCaD80ayB8tFbdHdq7eSlBrg,0,0,0,1,1,0,1,1,0,0,0,0
UCaFWs1xar3vB04371S5I4WA,0,0,0,0,0,0,1,0,0,0,0,0
UCaGpND58K8VLPgI8ryykI0g,0,0,0,1,1,0,1,0,0,0,0,0
UCaI-5ljwpouYfyghDOIhP-g,1,0,0,1,0,0,0,0,0,0,0,1
UCaI7c41luCDgCu3FFlqtMhA,1,1,0,0,0,0,0,0,0,0,0,0
UCaINMeCRB3imgr27jG9gOVQ,0,0,0,0,0,0,1,0,0,0,0,0
UCaRQqhSkHY-JllEAuprPR0g,0,1,0,1,1,0,1,1,0,0,0,1
UCaWChLJF24HDzteT8u0EYnw,0,0,0,0,0,0,1,0,0,0,0,0
UCaXfFDauhubIgmaTKxM74Kw,1,1,0,0,0,0,1,1,0,0,1,0
UCaXng-3y1HCwt1si1_LxbzQ,0,0,0,0,1,0,0,0,1,0,1,0
UCaZCkMgFVy6Ff-eKH4i6CiA,0,0,0,0,1,0,1,0,0,0,0,0
UCaZyZTK97xSw257pUV_7ebg,0,0,0,0,0,0,1,0,0,0,0,0
UCa_c-GDWvfwrb9IadpydJLQ,0,0,0,0,1,0,0,1,0,0,0,0
UCaa7x_w40FSFvnyTpfsU_eg,0,0,0,1,0,0,1,0,0,0,1,0
UCafUuJq9x8ePrXwn2bQHEIw,0,0,1,1,1,0,1,0,0,0,1,1
UCafrW1oEuZQffuvJR52NUCg,0,0,0,0,0,0,1,1,0,0,0,0
UCahDtRMtHl65Wx9oMi7Ao6g,0,0,0,0,1,0,0,1,0,0,0,0
UCaiW85cp9i9DkupjuIGd6iA,0,0,0,0,0,0,1,0,0,0,0,0
UCakOOeWPecsvk6BvVhlR-zg,0,0,0,0,1,1,0,0,0,0,0,0
UCan812aVrwN0oWyJd2baunA,1,0,0,0,0,0,0,0,0,0,0,0
UCao_Vb3UNhQLLO64OJl4AVw,1,1,1,0,0,0,0,0,0,0,0,0
UCauJiYQYD3DJkEQGDQ8F43w,0,1,0,0,1,0,1,1,1,1,1,0
UCavP2MzniLiZq-SHFAmbUaA,0,0,0,0,0,0,1,0,0,0,0,0
UCazDELmgW-GCKCi4wimQv0Q,1,0,0,0,1,0,0,1,0,0,0,0
UCb-q8hZcaqrM7EiI2WnMsdA,0,0,0,1,1,1,1,0,0,0,0,0
UCb3tuQAv8tEYFW7_QdgM--A,0,0,0,1,1,0,0,1,0,0,0,0
UCb4MUlSJeOti67-rt3y1DTQ,0,0,0,1,0,0,0,0,0,0,0,0
UCb57Oks-J0tudkCJEcvwnbw,1,0,0,0,0,0,0,0,0,0,0,0
UCb7cgAw6fybC9aP-UopXIGw,0,0,0,0,1,0,0,1,1,0,1,0
UCbDPbAfuWag0flTtStNjJBw,1,1,0,0,1,0,1,0,0,0,0,0
UCbF5xOeqwFJuiV5YIBohqtw,0,0,1,1,1,0,0,0,0,0,0,0
UCbGZT-jq3oxejrWs_tHlmqQ,1,0,0,1,0,0,1,1,0,0,0,0
UCbHdpEcUAabA4ciH2stjPKQ,0,0,0,0,1,0,1,1,0,0,0,0
UCbKne6Ja7RovPOiaPLpDKeg,0,0,0,0,0,0,1,0,1,0,1,0
UCbPXwjTcE54UJyBAKoGRw_g,0,0,0,0,0,0,1,1,0,0,0,0
UCbQCBdd7NXVAOV5f3wYKWrA,0,0,0,1,1,0,1,0,0,0,0,0
UCbQFG4a9y-PDxde_u5dB4dw,1,0,0,0,0,0,0,0,0,0,0,0
UCbQyUW-ZZepatnnzCq6hOrg,0,0,0,0,1,0,1,0,0,0,1,0
UCbRVO-BaX6HR9rX8j0YhBuw,0,0,0,0,0,0,0,0,0,1,0,0
UCbSc_SezU0zqIm3WMLmvTWw,1,0,1,0,0,0,0,1,0,0,1,0
UCbV1gUG8uVfwqOGy8itIzUQ,0,0,0,1,0,0,1,0,0,0,0,0
UCbXv7KfH7RIqXhqUaBWWVfQ,0,0,0,0,1,0,1,0,0,0,0,0
UCbY72SlSr78S0zynNitmh6g,1,1,0,1,0,0,1,0,0,0,0,0
UCb_He6SSh4YjKTLXAoVeVng,0,0,0,0,0,0,1,0,0,0,0,0
UCbcvWPWVSpghOhXQS_fEyBQ,1,0,0,1,1,0,1,0,0,0,1,0
UCbdRgu5SIbaYBPv8_SkUIEw,0,1,0,0,0,0,1,1,0,0,0,0
UCbdiD3s1A-6ZtUXUHsZLzfQ,0,0,0,0,0,0,1,0,1,1,0,0
UCbf1HP8rxlJU2Ok8Wa4suEw,0,0,0,0,0,0,1,0,0,0,0,0
UCbfGFpXrQBCe5F33BCB-ssQ,0,0,0,0,0,0,0,1,0,0,0,0
UCbfbrFiXLRxYlqyNIpVQVsQ,0,0,0,0,0,0,1,0,0,0,0,0
UCbieHWy60w8eMEw9TyXIZMA,0,0,0,0,1,0,0,0,0,0,0,0
UCbkBpqd6HHe4-v3t7hnTE_Q,1,1,0,1,0,0,0,0,0,0,0,0
UCbqcVMzwEkh-jieFVJlRZ1w,0,0,0,1,1,0,1,1,0,0,0,0
UCbv3Bo3KJAMYbIYOxiHmCpg,0,0,0,0,0,0,1,1,0,0,0,0
UCbwGxIDKW2W39ZNXF4XdD5A,0,0,0,0,0,1,0,0,0,0,0,0
UCbyjhEB9zq8_lbzO3nFA1CQ,0,0,0,0,1,0,1,0,0,0,0,0
UCbzcrlew8CX9qMf5Sn5bakw,0,0,0,1,1,0,1,0,0,0,0,0
UCc-EHjhhh_gNY_-O48OE3BA,0,0,1,0,0,0,0,1,0,0,0,0
UCc0tKvncUJCsZf02p-AG0mw,0,1,0,0,0,0,1,0,0,0,0,0
UCc29AsHSgL2934BI56IgTAg,0,0,0,0,0,0,1,0,0,0,0,0
UCc9s3EP9IB63ahNUpdFzSaw,0,0,0,0,0,0,0,1,0,1,0,0
UCcBwExkkqUGhFvYYKVy4bjQ,0,0,0,0,1,0,0,0,0,0,0,0
UCcHv8CrBnQn19xhokzNwWFA,0,0,0,1,0,0,1,0,0,0,0,0
UCcIzAN1Nv56oZysr3A-U41g,0,0,0,0,1,0,1,1,0,0,0,0
UCcJJr7OiJ7LaFljPesvU4ZQ,1,0,1,1,1,1,1,1,1,1,1,0
UCcLWiQFLAySNg9QjiCIRogg,0,0,0,0,0,0,1,0,0,0,0,0
UCcMXcKhp_AYVf_SPCs1JpCA,0,0,0,0,0,0,1,0,0,0,0,0
UCcNg1rl7bnXXWpVSmq0YTkg,0,0,0,0,0,0,1,1,0,0,0,0
UCcRDTazPBLdYSYtTj5v_Fyw,1,0,0,0,0,0,1,0,0,0,0,0
UCcSSf6NLiboaq62lb6q2PkA,0,0,0,1,1,0,1,1,0,0,0,0
UCcYCi6EwVRkM5rMoL19FCbQ,0,0,0,1,0,1,0,1,0,0,0,0
UCcYxUF_Wev7U7H9F9cSn_TA,1,0,0,0,0,0,0,0,0,0,0,1
UCcZZslMRLCjUwcuMAdlnvfQ,0,0,1,1,1,0,1,1,0,0,0,0
UCc_2TinbOgb0EhXrdRjxCaw,0,1,0,0,1,0,0,0,0,0,0,0
UCcaoUlaUyoR_wotukLKleWA,0,0,0,1,1,0,1,0,0,0,0,0
UCcdcxHO11d4ZNyu2Ph_OQFg,0,0,0,0,1,0,1,1,0,0,1,0
UCcdgzmLKfrGYv-amSSswX3g,0,0,0,0,0,0,0,0,0,0,0,1
UCchK9jCrG88ymPXt5y8f98w,0,0,0,0,0,1,0,1,0,0,0,0
UCcnLRhKiue4YpNGwupP0Ptg,1,0,0,0,0,0,0,0,0,1,0,0
UCcniKxCKKgvOX1LSD2mDxAQ,0,0,0,1,1,0,1,0,0,0,1,0
UCcqCHOzqi5c0j1tBd0h5j2Q,1,0,0,1,0,0,1,1,0,0,1,0
UCcqEON3s2GXnReyYQEKIutg,0,0,0,1,1,0,1,0,0,0,0,0
UCcqKBNA4ZA5CSEImRI48VKA,1,0,0,0,0,0,0,0,0,0,0,0
UCcqnvJqfflNgaf43uZg22dw,0,0,0,0,1,0,0,1,0,0,0,0
UCcrkYKl4OHqU2PAcB3Le2bQ,1,0,0,0,0,0,0,1,0,0,1,0
UCcxTE9X0pWrTbsFa5NipTYg,1,0,0,1,1,1,1,1,0,0,0,0
UCd2_hljVFKySLyEaUa8f7yA,1,0,0,0,0,0,1,0,0,0,0,0
UCd5ChOo4UjIKbCIjM1kTvcg,1,0,0,0,1,0,1,1,0,0,0,0
UCd6Hb18gTgQoShOnfkXAcaw,0,0,0,0,0,0,0,1,0,0,0,0
UCd8ajtODkYLCLFC6nLoWMAA,0,0,0,0,0,0,1,0,0,0,0,0
UCdBcZgVr0ErDdtKP7wZMpmw,0,0,0,0,0,0,1,1,0,0,0,0
UCdHS6wIAM39eYA4I7MqTKmg,0,0,0,1,1,0,0,1,0,0,1,0
UCdKKxVykJB_NKiq9_4fwllQ,1,1,0,0,0,0,1,1,0,0,0,0
UCdKSpI4ksS3mOSEON3kK8Xw,0,0,0,1,0,0,1,0,0,0,0,0
UCdLqOSa1BbYtC9HiTh9DFrQ,1,0,0,0,1,0,1,1,0,0,0,0
UCdN9WF7IZb0PaKW_muAB2RQ,1,1,1,0,1,1,0,1,0,0,0,0
UCdNt3F3wM_UBZ_PLwILiNXg,0,0,0,1,1,0,0,1,0,0,0,0
UCdNzYbIhUVbgMoYxHDZTrXA,0,0,0,1,1,0,1,0,0,0,0,0
UCdOqbliqU5b33iioElz3NMg,1,0,0,0,1,0,0,0,0,0,0,0
UCdSSq9vdTFch5e9DgvEry8Q,1,0,0,1,0,0,0,0,0,0,0,1
UCdTt66sWmIsK48Yh_1yVuAg,0,0,0,0,0,0,1,0,0,0,0,0
UCdaFGg0dqt0gIWL82Q5UK_g,0,0,0,1,0,0,0,1,0,1,1,1
UCdbByRBDoGJEdO6yjwgaimQ,0,0,0,0,0,0,1,0,0,0,0,0
UCdclBcD_4FN_yK8Gd3V9I1g,0,0,0,1,0,1,1,0,0,0,0,0
UCdhTrLS7gusvGvcXucYfy9Q,0,0,0,0,0,0,0,1,0,0,0,0
UCdken0VUPCa4qA6P0-5zCmg,0,0,0,1,1,0,1,1,0,0,1,0
UCdknlDyLAYSlqIoEN9FFUKw,1,1,0,0,0,0,1,1,0,0,0,0
UCdktACSrw2uHkL_cl1VbudQ,0,0,0,0,0,0,1,0,0,0,0,0
UCdlDGPRc4EjtN-QnCuzwFKw,0,0,0,0,1,0,1,0,0,0,0,0
UCdmyMpg1SBUfZybNxuFkPcw,0,0,0,0,0,1,1,0,0,0,0,0
UCdqAtQIxcWJ8P11Kkez0RFw,0,0,0,1,0,1,0,0,0,0,0,0
UCds_Rwk7PPbBveRG4P6m_8Q,0,1,0,0,0,0,0,1,0,0,1,0
UCduiLe0-61x4vgcH8E2Minw,1,0,0,0,0,0,0,0,0,0,1,0
UCdvVt55jhskBxCJAaoiJkRw,0,0,0,0,0,0,1,0,0,0,0,0
UCdyFrHrpAXHepBWADwIW2wA,1,0,0,0,0,0,1,1,0,1,0,0
UCdyWD_42PFlGYre6GeXWuFg,0,0,0,1,1,0,1,0,1,1,0,0
UCdzKTwB9PsvaKZ7Mvrqv_tw,0,0,0,1,0,0,1,0,0,0,0,0
UCe-9NQzW54XQ0o9daBKgTiw,0,0,0,0,0,0,1,0,0,0,0,0
UCe10vwfJ2b9EQh6XX2WXE6g,0,0,0,1,0,0,0,1,0,0,0,0
UCe10wQFN1Z5G4vcAn5W4xXA,0,0,1,0,1,0,0,0,0,0,1,0
UCe2n09gZFJxk9b9d7COf8-A,1,0,0,0,0,0,1,1,0,0,0,0
UCe2xF5TKhTmoUZBMSA58e9Q,0,0,0,1,1,0,1,0,0,0,0,0
UCe32uxRCVULIxoS941zengw,0,0,0,0,0,0,1,0,0,0,0,0
UCe5CvaSjYAQeLjVN5US4NuA,0,0,0,1,1,0,1,0,0,0,0,0
UCe5H0PIoelRjA4yk5RwDBHw,0,0,0,0,0,0,0,1,1,1,0,0
UCe7cG0gVpPN0IJZ2lIh3Ajg,1,1,0,0,1,0,1,0,0,0,1,0
UCe8nF6gFBOaqPwkhoW49rWQ,1,1,0,1,1,0,0,1,0,0,0,0
UCeHfSt0ygHjj3D-897auDzw,0,0,0,1,1,1,1,0,0,0,0,0
UCeJWc7XvjRPA21ONtpjKoig,0,0,0,1,0,0,1,0,0,0,0,0
UCeWb8YN2qD-nwM1QNFIYbUw,0,0,0,1,1,0,1,0,0,0,0,0
UCeb2KF6p9Fi-mnDlJfKJ27w,0,0,0,0,1,0,0,0,0,0,0,0
UCecYDdRQHOpQQFkYkyG11zQ,1,1,0,0,0,0,0,1,0,0,1,0
UCedDkSamugRXEN3belY5vIQ,0,0,1,0,0,0,0,0,0,0,0,0
UCegFQTNyFwva_1SD4DQAoaw,0,0,1,0,0,0,0,1,1,0,1,0
UCehSCs9QPvaoM7BkYXPQt_A,0,0,0,0,0,0,1,0,0,0,0,0
UCehteXVjm9OhwPbpF35p2CQ,0,0,1,0,0,0,0,0,0,0,1,0
UCelP0tUWy_v6NyVTxp8FzNQ,0,0,0,1,1,0,1,1,0,0,0,0
UCeldBm1EjkdTkb0L_heR5MQ,1,0,0,0,0,0,0,1,0,0,0,0
UCelew9wfONsgKeEvZEaLzsQ,0,0,0,1,0,0,1,0,0,0,0,0
UCeu5EypIZ0JW0LyHxtVeztQ,0,0,0,0,0,0,1,0,0,0,0,0
UCeuqg3bz8lMkElBYy4O-Drw,0,0,0,1,0,0,1,0,0,0,0,0
UCevISkw3UXAWi7BWE8t3k9A,0,0,0,1,1,0,1,1,0,0,0,0
UCex38Vm3iKTuhCMK96GJz1w,0,0,0,1,0,1,1,0,0,0,0,0
UCez5D_dtExDJzQOAzg1k1RQ,0,0,0,1,1,0,0,1,0,0,0,0
UCf3sSkQuImy9RE9ViZ9VeZQ,0,0,0,0,1,0,1,0,0,0,0,1
UCf4b4sIziV3jVxmG9puREDA,1,0,0,0,0,1,1,0,0,0,0,0
UCfA-_1xgih-wMYhJ5jcG8Wg,1,0,0,0,0,0,0,0,0,0,1,0
UCfAR5VKJL1nj-lSotjFB13Q,0,0,0,0,0,0,0,1,0,0,0,0
UCfCthQdvGvIEP4aNlvwDONQ,0,0,0,0,1,0,1,0,0,0,0,0
UCfE5hpVioVgrEw87yzidr0w,1,1,0,0,0,0,0,0,0,0,0,0
UCfFnrr49nFp6IyQO9ouI2ag,0,0,1,0,0,0,1,0,0,0,0,0
UCfID92astwm5deddqFs4GZg,1,0,0,1,0,0,0,0,0,0,1,0
UCfJOT29NSDKDdzGb8nBmzxw,0,0,0,0,1,0,1,0,0,0,0,0
UCfL-srbLh_X2YqGbEyEW1Ug,0,0,0,1,1,0,0,1,0,0,0,0
UCfMTSbp2gBfmOpREtsUMoqQ,0,0,0,0,0,0,1,1,0,0,0,0
UCfP4a_p9RyWfqiQkmH59ysg,1,1,0,0,0,0,1,0,1,0,0,0
UCfPwtmjVXsByl4z8TT32Lbg,0,0,0,1,1,0,1,1,0,0,0,0
UCfRoKmsatznAxLXEWOgcQKA,1,0,0,0,1,0,1,0,0,0,0,0
UCfSf4ToLpHoh1wbYkVHF_mg,0,0,0,1,0,0,1,1,0,0,0,1
UCfY7YIWfNk5m46XRst2709A,0,0,0,0,0,0,0,1,0,0,0,0
UCf_URK1Y-rzOkOCh5W-gNEg,0,0,0,1,0,0,1,1,0,0,0,0
UCff1QdgVV1iFeCi0GdPcqwg,0,0,0,0,1,1,1,0,0,0,0,0
UCfhu6uxJItHsGT8ANGWN9gw,0,0,0,0,0,0,1,0,0,0,0,0
UCfn1OyGrBAdX2xVsCb5Uoag,0,0,0,1,1,1,1,0,0,0,0,0
UCfnI5YS8RX8byI7O5hBvSgw,0,0,0,1,0,0,1,1,0,0,0,0
UCfo183azIfEKotjwL41gx9A,0,0,0,1,1,0,0,1,0,0,0,0
UCfo5XOnOLoBvyfIUYST1ZVA,0,0,0,0,0,0,1,1,0,0,0,0
UCfoSy6v26Hu1mJxO7jVcB0w,0,0,0,1,1,0,1,0,0,0,0,0
UCfsSlQUPgbMAVFXIGzhCuMg,1,0,0,1,0,0,0,0,0,0,0,0
UCftJR3Qm0LyEuEQue1QYytA,0,0,0,0,1,0,1,0,0,0,0,0
UCftcQ8uj7sMw-Gm5_aGPPhA,0,0,0,0,0,0,1,0,0,0,0,0
UCfuFx4-QmRIDi5R1YPvx0Zw,1,0,0,0,1,0,1,0,0,0,1,0
UCfuS_Fp-uFB-1fgCXgJc2MA,1,1,0,0,1,0,0,1,0,0,0,0
UCfxn5cmOYnC2y6Qpb2TQgsg,0,0,0,0,1,0,0,1,0,0,0,0
UCfylpLJoy0lswnaXyttQNSA,1,0,0,0,1,0,1,1,0,0,0,0
UCg1vXTq8uvD9xTiTT3kvjdw,0,0,0,0,1,1,1,0,0,0,0,0
UCg6N2lmVe6GE3CvShuv6bTg,0,0,0,0,0,0,1,0,0,0,0,0
UCg8-ZOExFxonnHTaK9aYznQ,0,0,0,1,1,0,1,1,0,0,0,0
UCgGWLLZK_X2wKuCAVmJ6Q5g,1,1,0,1,0,0,1,0,0,0,0,0
UCgGnwygmGCle2c6BvojhEeQ,0,0,0,0,1,0,0,0,0,0,0,0
UCgK45_8vM6bMxtEiVBEsS8A,0,1,0,0,1,0,0,0,0,0,0,0
UCgKH6CVq4FVesKl5tU9sCvQ,0,0,1,1,1,0,1,0,0,0,1,0
UCgOGJOPEjfwALrVdCqRWwLg,1,0,0,0,0,0,1,0,0,0,0,0
UCgONllw5Zoa-kKpJrotvxuw,0,0,0,0,0,0,0,1,1,0,0,0
UCgRKTXR7rjChmCDd6PMHSEQ,0,0,0,1,1,0,1,1,0,0,1,0
UCgRwoZjk7TLb5MctlGQbYEQ,1,0,0,0,0,0,0,1,0,0,0,0
UCgSlUqXm0ktHAjypGpaJwyw,0,0,0,0,0,0,0,1,1,0,0,1
UCgUHyazT6FS6QWYmw0rlW-g,0,0,0,0,1,0,0,0,0,0,0,0
UCgUIm-EShMCyV9baRT9SW6w,0,1,1,0,0,0,1,0,0,0,1,1
UCgWyZOhwXjozIsX0itOomDA,0,0,0,0,1,0,1,0,0,0,0,0
UCgX_lkr_Rf9C6KgUHU99vJQ,0,0,0,0,0,0,1,0,0,0,0,0
UCgbVwE75qZoBii_RSE9wYaA,0,0,0,0,0,0,1,1,0,0,0,0
UCgcZQBWzXrLfr5V2BZwi0hQ,0,0,0,1,1,0,1,0,0,0,0,0
UCgfToRN_MRy3Mg-W8JkHwgg,0,0,0,1,1,0,1,1,0,0,0,0
UCgfhmzCA1skPuhBorW5Fj1Q,0,0,0,1,0,0,1,0,1,1,0,0
UCgg5TvrhuXf_uA3ah8JExxQ,0,0,0,0,1,0,0,0,0,0,0,0
UCgga1fREEsZaTqSJYqo_2sA,0,0,0,0,1,0,1,1,0,0,0,0
UCgiAlZ8C1-RHLde9U1Y0yLw,0,0,0,1,0,0,0,1,0,1,1,0
UCgmUoD_dcM02QNcb9sEx2vA,0,0,0,0,0,0,1,0,0,0,0,0
UCgo4TxatUpnwAACYRU0Fs4w,0,0,0,0,0,0,0,1,0,1,0,0
UCgsj8Yt4lp7MYk6Zbk104CQ,0,0,0,1,1,0,1,0,0,0,0,0
UCgyxG91nNr1hO4nsu2b6GxQ,1,0,0,0,0,0,0,0,0,0,0,0
UCh1E8qvxpe5GxMzxk9Qv6rA,0,0,0,0,1,0,1,0,0,0,0,0
UCh28X71Be61x90bhu0kTT6g,1,0,0,0,0,0,1,0,0,0,1,0
UCh33SC8Jeqi47tIYFvS470Q,0,0,0,1,0,0,0,1,0,0,1,1
UCh3bQf20rJnEtiU25vIK2Hg,1,0,0,1,0,0,1,0,0,0,1,0
UCh4dV4_CKhI63JglJGigqfA,1,0,0,0,1,0,0,0,0,0,0,0
UCh52hp0_j3paYqDXPxnGapA,0,0,0,1,0,0,1,0,0,0,0,1
UCh6MPxu3_Dhe5B-9DdIU5Sg,0,0,0,0,1,0,1,1,0,0,0,0
UCh7I0t_kj9nycZbSjaIyitw,1,0,0,1,0,0,0,0,0,0,1,0
UCh7gjyYRqRUmhpw5_EHXieA,0,0,0,0,1,0,0,0,0,0,0,0
UCh9eC3wxGFYFm9W1DJeCKsw,1,1,0,1,1,0,0,1,0,0,0,0
UChBFDLeY7cNh0pllsEAx2Vw,0,0,0,0,1,0,1,0,0,0,0,0
UChDuEBOpon-Q6Bw3FrX-V0A,0,0,0,0,1,0,1,0,0,0,0,0
UChIxfr_fGyKEJut0KD2oTnA,0,0,0,0,1,0,1,0,0,0,0,1
UChNMNhBIsh9EghGbTyu87mg,0,0,0,1,1,0,1,0,0,0,0,0
UChOBfJ657HFPrSSfovzQ7OQ,0,0,0,0,1,0,1,1,0,0,0,0
UChR1jZvjSA1r3n9vYCe5mfQ,0,0,0,1,1,0,0,0,0,0,0,0
UChTI-WraqcTbKuSiG6zVQcw,1,0,0,0,0,0,0,0,0,0,0,0
UChVXos0pE8NWTGRm9ZUVe6g,0,0,0,0,0,0,0,0,0,0,1,0
UChWQX93O07hpBdMTljjU92A,0,0,0,1,0,0,0,0,0,0,0,0
UChdU9Q2LB1gaGjG5lf8dRyw,1,0,0,1,1,0,0,0,0,1,0,0
UChetQUnY0nfB1a-evwtCRfQ,0,0,0,0,0,0,1,1,0,0,0,0
UChgPRHKHFHNTKfa9abM8wnw,1,0,0,0,0,0,1,0,0,0,0,0
UChgfPYHfd5ro0vJ5NxWYraQ,1,0,0,0,1,0,1,0,0,0,0,0
UChhyZhh-lNF040FnF8ButLg,0,0,0,0,0,0,0,0,0,0,0,1
UChmCoFceTL5NxSh0_o-z6jg,0,0,0,0,1,0,1,0,0,0,0,0
UChoKiGiCjCYMKR1co3XAkyQ,0,0,0,0,0,0,1,0,0,0,0,0
UChorkuk4qbzp8-nA-00_iKQ,0,0,0,1,0,0,0,0,0,0,1,0
UChrT92QQtYsDHV64DkuhLmA,1,0,0,1,0,0,1,0,0,0,1,0
UChsEOVjWrnt9hkfkpZnfD1w,1,0,0,0,1,0,0,1,0,0,0,0
UCht4hlHb9tv04jK7m9Y1CkA,0,0,0,0,1,0,0,1,0,0,0,0
UChuQxkz1aqeuZORCLN-IbJg,0,0,0,0,0,0,0,0,0,0,1,0
UCi0w1rDGK7-Ew8ZbPd2O9hA,0,0,0,1,1,0,1,1,0,0,0,0
UCi1A7ffg3pcx4ro64dv_IYA,0,0,0,0,0,0,1,0,0,0,0,0
UCi2b4gx97o1150O4UfF41Zw,1,0,1,0,0,0,0,0,0,0,0,0
UCi3gutRxG5Qy2CdUxs4--mA,0,0,0,0,0,0,1,1,0,0,0,0
UCi5GCOZtNvsKw30S2BxuaoA,0,0,0,1,0,0,1,0,0,1,0,0
UCi837ueZ2WHZan3KrMJtGEQ,0,1,0,0,0,0,0,0,0,0,0,0
UCiAHT9CYWRNbb0hujhcMpKA,0,0,0,0,0,0,1,0,0,0,1,0
UCiB5sxRpUSqzErkf8C2A8LA,0,0,0,1,0,0,0,0,0,0,0,0
UCiBcXqMM2CSOY6OmkuA_j0A,0,0,0,1,0,0,1,0,0,0,1,0
UCiD0WR6Wx0uk88qWAdsUs4g,0,0,0,0,1,0,1,0,0,0,0,0
UCiJZUs2b4Z-b2pAIFQ6s0-g,0,0,0,1,1,1,1,1,0,0,0,0
UCiN1LSSoSFdoNr87rMiVR4g,0,0,0,0,0,0,1,0,0,0,0,1
UCiOtlajRm8xJ9WUHyruptSg,0,0,0,0,0,0,1,0,0,0,0,0
UCiQXSOl-4JLlDTs-k_cqL2A,1,1,0,0,0,0,0,0,0,0,1,0
UCiR5PAeL8TpbA7bbR58_7cg,0,0,0,1,0,0,1,1,0,0,0,0
UCiRRDaHNYKF8eSwhYPu3x4w,0,0,0,0,1,0,1,0,0,0,0,0
UCiRp0-EvDg5FeWtftAWDPTg,1,1,0,0,0,0,1,1,0,0,0,0
UCiSm-bQq8dgIX6ZATVqEppg,0,0,0,0,1,0,1,0,0,0,1,0
UCi_RzqXuEujY4ji_ZDAag7w,1,1,0,0,0,0,0,0,0,0,0,0
UCiadVeDTYyO24BkqU6j_mng,0,0,0,0,0,0,1,0,0,0,0,0
UCicjnwgl81_waPIwjjnZyeg,0,0,0,1,0,0,1,0,0,0,0,0
UCig-qfvUl-8etPZ7uc6lYIA,0,0,0,0,0,0,1,0,0,0,0,0
UCiwRm9neSWb-QRBOgi_skJQ,0,0,0,0,1,0,0,1,0,0,1,0
UCizTBognnhbuJslC44phkGA,0,0,0,1,1,0,1,1,0,0,0,0
UCizybmN9SQ_V_L3hVcPSf5Q,0,0,0,1,1,0,0,1,0,0,0,0
UCj18lIBYB9nFE6zmxHIWwVQ,1,0,0,0,0,0,0,0,0,0,0,0
UCj1S21fgQrBHqj4ne9cY7YQ,0,0,0,0,0,0,1,1,0,0,0,0
UCj38lw-viOzONagmimb1vWA,1,0,0,0,0,0,0,0,0,0,0,0
UCj3I3jatZ-EOMgdxfzqCDFw,0,0,0,1,1,0,0,0,1,0,0,0
UCj5pKnFtBqk5VePDU4EbNiQ,0,0,0,1,0,0,0,0,0,0,0,0
UCj8CHH-Nb069q7Rf1SJUFNg,1,0,1,0,0,1,1,0,0,1,1,1
UCj94oQF8mAVQKROVoqbOL6Q,1,0,0,0,0,0,1,0,0,0,0,0
UCjApQoIBmuiL9lcrKOLnP8w,0,0,0,0,0,0,1,1,0,0,0,0
UCjD5hgcw2tWajoUwAsgg8DQ,0,0,0,0,0,0,1,0,0,0,0,1
UCjEWzu74hLc9_7if3_LnXqA,0,0,0,1,1,0,1,1,0,0,0,0
UCjH4Z-uXHegQCTlGeUc7qUA,0,0,0,0,1,1,0,0,0,0,0,0
UCjJ-s6GOpgzP9vrCrsHAcuw,0,0,0,0,0,0,0,1,0,0,0,0
UCjJzaM7fhlPTmr1nhSywZYA,0,0,1,0,0,0,1,0,0,0,0,0
UCjKpFcooUMA0ITMu8prj42g,0,0,0,0,0,0,1,0,0,0,0,0
UCjL9J34ONhK4tKjABgzCGxQ,0,0,0,1,1,1,1,1,0,0,1,0
UCjMKzzgWNY_TROoopnjfX4g,0,0,0,0,0,0,1,0,0,0,0,0
UCjQgPXWvEeOQrdmTkdnHu6g,0,0,0,0,1,1,0,1,0,0,1,0
UCjT6nOmBDfuaObCSb-ECUlw,0,0,0,1,0,0,1,0,0,0,0,0
UCjYdzJYCaboiQiGaGCN-PVg,0,0,0,0,0,0,1,0,0,0,0,0
UCjZFp8Nb_A_DwDpfSx-KaEA,1,0,0,1,1,0,1,0,0,0,0,0
UCjcseugGw9KpT5-1Mm7dbgg,1,0,0,0,0,0,1,0,0,0,0,0
UCjdbu2LbSrNn1-mTPkTmHuQ,1,0,0,0,0,0,0,0,0,0,0,0
UCjg7hsqOTHTMP45hJieVWpA,0,0,0,1,0,0,1,1,0,0,0,0
UCjhX37E0Gttgabf6NuywEpg,0,0,0,0,0,0,0,1,1,1,0,0
UCjirbtthjP9TjpPHl3qhsIQ,0,0,0,0,0,0,1,1,0,0,0,0
UCjivem4uXvz2BReIoeE2ACQ,1,1,0,0,0,0,1,0,0,0,0,0
UCjkioW8uoXORPnl2bi0ATMg,1,0,0,0,1,0,0,0,0,0,0,0
UCjmOqCMmiv9yf777m1TMpSQ,1,1,0,0,0,0,0,0,0,0,0,0
UCjpW7sdWD3wLaxRW-EoljsA,0,0,0,0,0,0,0,0,0,0,1,0
UCjt-U6psz7ZieiKfeoVFoLg,1,0,0,0,0,0,1,0,0,0,0,0
UCjtjYL9W4n9ZK8LN649rpng,0,1,0,0,0,0,1,0,0,0,0,0
UCjvFGRT2XqA1AhqEquzFJNQ,0,0,0,0,0,0,0,0,0,1,0,0
UCjvyoUkplkR0AE1YDZ28pmg,0,0,0,0,0,0,1,1,1,1,0,0
UCjzxki1q58U9_Ehc3s6HCww,0,0,1,0,0,0,0,0,0,0,0,0
UCk--7D107cvb6PKqAiAK5uQ,0,0,0,1,1,0,1,0,0,0,0,0
UCk-xXFv6nkZriH7Bepb7Ldw,0,0,0,0,0,0,1,0,0,0,0,0
UCk5_FAzxe7TvtvgjEfHqfkQ,0,0,0,1,1,0,1,0,0,0,1,0
UCkBRFh7oogakkhbcNshnR5Q,0,0,0,1,0,0,0,1,0,0,0,0
UCkIoEPncHPIWByx7OlzEVXQ,0,0,0,0,0,0,1,1,0,0,0,0
UCkKBI8ZWHWauPbpZ0xiNpxw,1,1,0,0,1,0,0,1,0,0,0,0
UCkKjuJc-WBn88fRXbzjCyEw,0,0,0,1,1,1,1,1,0,0,0,0
UCkMIXzuN4Ilij7dpPrvzg_g,0,0,0,0,0,0,1,1,0,0,0,0
UCkQ9FRFX_ibAc0w8qDxxaLg,0,0,1,0,0,0,1,0,0,1,1,0
UCkUfp0u4CK07r4bSWauIGFA,0,0,0,1,1,0,0,1,0,0,0,0
UCkYI3DKSpPUBDYr6lPtPjTg,0,0,0,0,0,0,1,0,0,0,0,0
UCk_MoElhHpT8HqrsUlpbEGg,0,0,0,0,0,0,1,1,0,0,0,0
UCknMBjGzmKpcMnu5IXApk5A,0,0,0,1,0,0,1,0,0,0,0,0
UCkoPr18oHbBQ44GZspeQ9qw,0,0,0,0,1,0,0,0,0,0,0,0
UCkr2uUdDfTK_gqstp5rQNcA,0,0,0,0,1,0,0,0,0,0,0,0
UCkv7GhiUV1l9n0OILkU3phg,0,0,0,0,0,0,0,1,0,0,0,0
UCkzmWCL4qOto2r95Cq-lp2Q,0,0,0,1,1,0,1,0,0,0,0,0
UCkzsuewZNG09r3jdq1yBZ1w,0,0,1,0,0,0,1,0,0,0,1,0
UCl0P2Ib-CRe7TGt1rE_O23A,1,0,0,1,1,0,0,1,0,0,0,0
UClEyHTCUQ2vy522hKIRT3Gw,1,0,0,0,0,0,0,1,0,1,1,0
UClFdCERiSy4r2wj5Klf03KQ,0,0,0,1,1,0,1,0,0,0,1,0
UClKaqfC8FknBkbDE92n9nug,0,1,0,1,0,0,0,1,0,0,1,0
UClMj6YrkATf6UDGlfd8qwrQ,1,0,0,0,0,0,1,0,0,0,0,0
UClNfK7hRIPIjIpDi0tS8j0A,0,0,0,0,0,0,1,1,0,0,0,0
UClRKgeUJnEE_V5yImMbI1GQ,0,0,0,0,0,0,0,0,0,1,0,0
UClSiZo83Q1n5Mv6jwyBpupw,0,0,0,1,0,0,1,0,0,0,0,0
UClWJRvckX0yceoxeMfT3u_w,1,0,0,0,0,0,0,1,0,0,0,0
UCl_TEptbbaYAim2iHZl6KYA,1,0,0,1,1,0,1,1,0,0,0,0
UClcaqljOFZVViVXTMlNgkKQ,1,1,0,0,0,0,0,0,0,0,0,0
UClf6QC2lgGPv09KRbkXv5XQ,0,0,0,0,0,0,1,0,0,0,0,0
UClfjJJJqBh9SL4cCgNHDPsg,0,0,0,1,1,0,1,0,0,0,0,0
UClmU8-CzEBULTeOdzNkS4HA,0,0,0,0,1,0,1,0,0,0,0,0
UClp6cldT-oNbtq-rUXPrZxg,0,0,0,1,1,0,1,0,0,0,0,0
UClrDcDBdOIxFBays4EtWWQA,0,0,0,1,1,0,1,0,0,0,0,0
UClsdKKXIhONjuN8FJH6w6sg,1,0,0,0,0,0,0,1,0,0,0,0
UCltrSv6vApKWCOCGgh3Xu0A,0,0,0,0,0,0,0,0,1,1,0,0
UCluGdQwCQ-SFskv_N51dkVw,1,1,0,0,0,0,0,0,0,0,0,0
UClvZRXp0DfKja76iYqpJ7FA,0,0,0,1,0,0,1,0,0,0,0,0
UClxdmTGulJmWXbgphJ6Dt8w,1,0,0,1,0,0,1,0,0,0,0,0
UClxrt4pRmaqQnSlDii3EJBQ,1,0,0,1,1,0,1,0,0,0,1,0
UCm-qR3K6cyUtNRij0i7qiow,1,1,0,0,0,0,1,0,0,0,1,0
UCm0gBmRNJ5KDnLZg34NSkHw,0,0,0,1,1,0,1,0,0,0,0,0
UCm1l2vBr530CEzvB9jlgmxg,1,0,0,0,0,0,1,1,0,0,0,0
UCmACFu30GhuNOWnY305sjvA,1,1,0,0,0,0,0,0,0,0,0,0
UCmAvfhAXTO7yB-2iTlWXxnQ,0,0,0,1,1,1,0,1,0,0,0,0
UCmAxPzbc2R3Uhe9iUluwCAg,0,0,0,0,0,0,1,0,0,0,0,0
UCmBZcrPUnX_9GynOToiN1Hg,0,0,0,1,1,0,1,0,0,0,0,0
UCmCwUYnF_oglVIlEyJ731bw,0,0,0,0,0,0,1,0,0,0,0,0
UCmDPcLYne07vYJv5dq4BD0A,0,0,0,0,0,0,1,0,0,0,1,0
UCmJ0V9Hhah3p0pRjulDIAiA,0,0,0,1,0,0,1,1,0,0,1,0
UCmNW-MD9_-9CprO5E0MzZvQ,0,0,0,0,0,0,1,0,0,0,0,0
UCmOba0E0A8Xf98L70pELkJA,0,0,0,0,0,0,0,0,0,0,1,0
UCmQ2t_sqNUOyFLjCipXvCpQ,0,0,0,0,0,0,0,1,0,0,0,0
UCmQDLvbTP7HlH5pANE-HU0Q,0,0,0,1,0,0,1,0,0,0,0,0
UCmR9vBV-cjMisjeVvveQc4Q,0,0,1,0,0,0,0,0,0,0,0,0
UCmWWYhl0o7rYL-tf-PJo1NA,0,0,0,1,0,0,1,0,0,0,0,0
UCmX2YZ6NQD2J7KfVQts8Baw,1,0,0,0,0,0,0,0,0,0,1,0
UCmZJ0VLIYnN1SBtOHu3fzVg,1,0,0,0,1,0,0,0,0,0,1,0
UCmcSBmEydYIyh2yC5Gzzerg,0,0,0,1,0,0,1,0,0,0,0,0
UCmcshaG9nZB_9fwsxva5VxQ,1,0,0,0,0,0,1,0,0,0,0,0
UCmfO8St3y5xNdL71goTJMcw,0,0,0,1,0,0,1,1,0,0,0,0
UCmfXyszDWuDPY8VihXjaRiw,0,0,0,0,0,0,0,1,0,0,0,0
UCmh-V9D3C8Q672RtSD7e6UA,0,0,0,0,0,0,0,1,0,0,0,0
UCmiSSyWLWu0M_TM2kTWW3pw,0,0,0,0,0,0,0,1,0,0,0,0
UCmr4qtbzst3g-_fUUgX__Rw,1,0,0,0,1,0,0,0,0,0,0,0
UCmuOT1sQ_jxEjl-OLiN-bwA,1,1,0,0,0,0,0,0,0,0,0,0
UCmwNJLpuudGrZlvOTF5zTdw,0,0,0,0,0,0,0,0,0,0,1,0
UCmwWERrmDlkS7KnhhCjmBJA,0,0,0,0,1,0,1,0,0,0,0,0
UCn4SIkkQ70nqC5jGnroVckQ,0,0,0,0,0,0,1,0,0,0,0,0
UCn5DoFWrjHhMtD5czTRQlsQ,1,0,0,0,1,0,0,1,0,0,0,0
UCn7baB2f4Vz9DQSPhwhyA3w,1,0,0,0,1,1,0,0,0,0,0,0
UCnCD8K_fkB-sTa9oJw7iKXw,0,1,0,1,0,0,0,0,0,0,0,0
UCnMDJ28oUjcr22UQomtYfHg,0,0,0,0,1,0,1,0,0,0,0,0
UCnQRtfMue33j3osBznCYb_w,1,0,0,0,0,0,1,1,0,0,0,0
UCnSzUNybG2W4PQhGCD-U38A,1,1,0,0,0,0,1,1,0,0,0,0
UCnWWrint6Ig3AHBEANLdrlQ,0,0,0,1,1,0,1,1,0,0,0,0
UCnXuFlcjgDhZeDj1fQIMwkA,1,1,1,0,0,0,0,1,0,0,0,0
UCnXuWcdXFM-4hmRZBVEZLJA,0,0,0,1,1,0,1,1,0,0,0,0
UCncsOsnMBAAaYb6WidBYIDw,0,0,0,1,1,0,1,1,0,0,1,0
UCnlsofcP_kv2Y5o_Upnyyfg,0,0,0,1,0,0,1,1,0,0,1,0
UCnmGsLQWX1T42oZI_SwsY6g,0,0,0,0,0,0,0,0,0,1,0,0
UCnrju0M7dk4cqAv_1Kc9dHQ,1,1,1,0,0,0,1,1,0,0,0,0
UCnv-IFe2Xd31jQfr_H3NUnQ,0,0,0,0,0,1,1,0,0,0,0,1
UCo1e2zlkPYxRoRQRbTkxQgQ,0,0,0,0,0,0,1,0,0,0,0,0
UCo3_7rH1eJJOc-Ri3ug2iYw,1,0,0,0,1,1,1,0,0,0,1,0
UCo4UeBFy1RyszH9F9uqBlnA,0,0,0,1,1,0,1,0,0,0,0,0
UCo5Sde9nnLl6Ip_hTHqqvLg,0,0,0,1,1,0,0,0,0,0,0,0
UCoAAEbqKDnRKt3n9bJZzJ4Q,0,0,0,0,1,0,1,0,0,0,1,0
UCoE2SdHT1Bk7oRXD4QHKWqQ,0,0,0,1,1,1,0,0,0,0,0,0
UCoEQgBLlacPU18FoWDJA5Qg,0,0,0,0,0,0,1,1,0,1,0,1
UCoGEcux6-Bl7_fnmDJ8IC3A,0,1,0,0,0,0,0,0,0,0,0,0
UCoH2pmJSNwhoITW8vYWRaow,0,0,0,0,0,0,0,1,1,1,0,0
UCoHE2EF9Yyjd7aF01w-4nKA,0,0,0,0,0,0,1,0,0,0,0,0
UCoLUupNQVCZbe2-vkCdqCpw,0,0,0,0,0,0,1,0,0,0,0,0
UCoOi4XUDnTvoJ4IWoE1tOxA,0,0,0,1,0,0,1,1,0,0,0,0
UCoSrOp0v53DGSClkrHqfBmw,1,1,0,0,0,0,0,0,0,0,0,0
UCoUodSvI1T0F63NKS18xyeA,0,0,0,0,0,0,1,0,0,0,0,0
UCoXM0RnE0X59pVtunMHjBCw,1,0,0,1,1,0,0,1,0,0,0,0
UCoYIx7jcaC1NpSRpLfKfBlw,0,0,0,0,0,0,1,1,0,0,1,0
UCobxhb4I3-uGpLxqwYaSAaw,0,0,0,0,0,0,0,0,1,1,0,0
UCoctiwrFzgFgJysKa_xXpRg,0,0,0,1,0,0,1,0,0,0,0,0
UCofinfDNUy7n4aHfO_p71sg,0,0,0,0,0,0,1,0,0,0,0,0
UCogmZFwxFG5pbLuDCvrWzJw,0,0,0,1,1,1,1,0,0,0,0,0
UCojpqyGQLeKg5i9gNn9otvg,0,0,1,0,1,0,0,0,0,0,0,0
UCojwOHePW6jMik1rUdOPgeQ,0,0,0,0,0,0,0,1,0,0,0,0
UColivAUZ-0GN_P1zxtnr4VQ,1,0,0,0,0,1,0,0,1,1,1,0
UCp3tyf0FKDitVTuk5T03r9g,0,0,0,1,1,0,1,1,0,0,1,0
UCp4Q7A7A78KVq61VRPBJ_GQ,1,0,1,0,0,0,0,0,0,0,1,0
UCpAmidP9mEl8MEFrz8-1bFw,0,0,0,0,0,0,1,0,0,0,0,0
UCpAxlk21vbmiFMi_iYHjQ1A,1,0,0,1,0,0,0,0,0,0,0,0
UCpB5lRUzTJzMydW7YcGic1Q,0,0,0,0,0,0,1,0,0,0,0,0
UCpEESTSpGHDgKTDJfS57Zkg,1,0,0,0,1,0,1,0,0,0,0,0
UCpF1sj1mNsFjO1uFSzbAuQg,0,0,0,0,1,0,1,0,0,0,1,0
UCpH9qYa3hEjYtiuPOdt8XpQ,0,0,0,0,0,0,1,0,0,0,0,1
UCpM8r7OGvyeo_RUIAKExz6w,1,0,0,1,0,0,0,1,0,0,0,0
UCpO8bk-B9B8-Sd7gZEAvZDQ,0,0,0,0,1,0,0,1,0,0,0,0
UCpQ042HLlA-py8v5SwlMizQ,0,0,0,0,1,0,0,1,1,0,0,0
UCpQkFjlL8e_Z0klcZevI1cQ,0,1,0,0,0,0,0,0,0,0,0,0
UCpUw6y1YJOIF8LKJDBD8FZQ,1,1,0,0,0,0,0,1,0,0,0,0
UCpW2XVC5Rh3mhDWyUGYXsGw,0,0,0,0,1,0,1,0,0,0,0,0
UCpWRZ4mFeZ6PXc2zsaL_nIw,0,0,0,0,0,0,0,1,0,0,0,0
UCp_SG-UqxEXM2BpjR09tOVQ,0,0,0,0,0,0,1,1,0,0,0,0
UCpbBY67BoQyMHG5hPYB3fqQ,1,0,0,0,0,0,0,0,0,0,0,0
UCpcouBeuby3l25eGDJZQ7Sw,0,0,0,1,0,0,0,0,0,0,0,0
UCpgH96sW2zjoyxvxzLACSPQ,1,0,0,1,1,1,1,0,0,0,0,0
UCpmd6wVceZ32y4erXMsDAzw,0,0,0,0,0,0,1,0,0,0,0,0
UCpqttPZc25qyMvoVwJr5g0w,0,0,0,0,0,0,1,0,0,0,0,0
UCpqzHLkCbbta9ZBtftVey8g,0,0,0,0,0,0,1,0,0,0,0,0
UCpyWey8v_027ghRI8uu_Ulw,0,0,0,0,1,0,1,1,0,0,0,0
UCpzHDnMS67OUSppK_zfIVxg,0,0,0,1,1,1,1,0,0,0,1,0
UCq23dJoZHobdst-aLnSSAdg,0,0,0,1,0,0,0,0,0,0,0,0
UCq3bb88WRB_ad7x7EVTx_MA,0,0,0,1,1,0,1,1,0,0,0,0
UCq5Tibl3OdjGBhS74qtIQlg,0,0,0,0,1,0,1,1,0,0,0,0
UCq61tmnsx_iXu-JHNqM-Tug,0,0,0,0,0,1,1,0,0,0,1,0
UCqAg6wiTYVRTM0yrl5br1Cg,1,1,1,0,0,0,0,0,0,0,0,0
UCqDkNaHGgLcoNEDj54iNqdw,1,0,0,0,0,0,1,0,0,0,0,0
UCqFAenJfKyEOL-3SSZ1wL3g,0,0,0,0,0,1,1,1,1,1,0,0
UCqMq7MTkHtPxV4SFS1c3avg,0,0,0,0,0,0,0,1,0,0,0,0
UCqMr97bDnfo2UtgL-TtmP5w,0,0,0,0,0,0,0,1,1,0,0,0
UCqV7koNTl0dZR_asN4_nRJg,1,1,0,0,0,0,0,0,0,0,0,0
UCqVDInNe0qLzDn4dwEALT-g,0,0,0,0,0,0,0,1,1,1,0,0
UCq_kgLyB4tmHsmj1-AGpIUQ,0,0,0,0,1,0,0,0,0,0,0,0
UCqkk6nRRT_y2LS57k58t0dQ,0,0,0,1,1,1,1,0,0,0,0,1
UCqlxsIDazeloZoyAsF0WFEg,0,0,0,1,1,0,1,1,0,0,0,0
UCqo5eaC6qaGeao7Afo2scOg,0,0,0,0,0,0,0,1,0,0,0,0
UCqqqv2bR_PyBGfJ6GK5nyTA,0,0,0,0,0,0,1,0,0,0,0,0
UCquDhPIuujLA7-yK_hO2t8Q,0,0,0,1,1,0,1,0,0,0,0,0
UCqv34iKK5S0XArEpvS8-p8A,0,0,0,1,1,0,0,0,0,0,1,0
UCqvBLkOO8Q-_fSaT1Jty75g,0,0,0,0,0,0,0,1,0,0,1,0
UCqvSqMipBqxnRaKjt91mMaA,1,1,1,0,1,0,0,0,0,0,1,0
UCqvd6XtslWgRbonU-1WdrPw,0,0,0,0,0,0,1,1,0,0,0,0
UCqvmWeYIQAVPtaSHhL5H7SQ,1,0,0,0,0,0,1,0,0,1,0,0
UCqxaZMLDl2WZ7XU3_-WQKOQ,0,0,0,0,0,0,0,1,0,0,0,1
UCqy8_JaLGwnCN3KOd_5U8PQ,0,0,0,1,1,0,0,0,0,0,0,0
UCqzzE23pqCdX8mQxwftqQrg,1,0,0,1,1,1,1,1,0,0,0,0
UCr0ZRgu6YqlWaJ8dVvGZtyQ,1,0,0,0,0,0,1,0,0,0,0,0
UCr27bsd0dgspdYOPelgxlrg,0,0,0,1,1,0,0,0,0,0,0,0
UCr9QqMJnfoGggw9k_aKbejQ,0,0,0,0,0,0,1,0,0,0,0,0
UCrARB-k76fZG4z5E_hpyMJA,1,0,0,1,1,1,1,1,0,0,1,0
UCrAsByHNIFObjr2sEaZHkCg,0,0,0,0,1,0,0,1,0,0,0,0
UCrD0-xsZa1s0buLHYuzfBLQ,0,1,0,0,1,0,1,1,0,0,0,0
UCrDftrcu-_qNYFJ6Xj2vyFQ,0,0,0,1,1,1,1,0,0,0,0,0
UCrFvyHTVBF337-kbiV-IcJQ,0,0,0,1,0,0,1,0,0,0,0,0
UCrJKzHMBSDIktgYLvuEzCyA,0,0,0,0,0,0,1,0,0,0,0,0
UCrKD8cwv_Wrpx22SO-VeWAQ,1,1,0,0,1,0,0,0,0,0,1,0
UCrKyqJEnafvHujqcH12FJ1Q,1,0,0,0,1,0,0,1,0,0,0,0
UCrLWzd0tTY4cD6K3oYlD3lQ,0,0,0,0,0,0,1,1,0,0,0,0
UCrNTO6K7H20O7oot2jeGdfA,1,0,0,0,0,0,0,0,0,0,0,0
UCrQnn213QtS65_bNM33-ikQ,0,0,0,0,1,0,1,1,0,0,0,0
UCrT2eERC1vXTmM6j8Q7PxNw,0,1,0,0,0,0,1,0,0,0,0,0
UCrTxTKtRTbiVqOLCVoCkV9Q,0,0,0,0,0,0,1,0,0,0,0,0
UCrXK4yjQJOqXNkUMX_XOw_Q,0,0,0,1,0,0,1,0,0,0,1,0
UCrXi_er8fB3EGkE0031cnyA,1,1,0,0,0,0,0,0,1,0,0,1
UCrYaTOSrPT310CqnrYwL38A,0,0,0,1,0,0,0,0,1,0,0,0
UCraZRMilTtfkJCOFiFz4axw,1,0,0,0,0,0,0,0,0,0,0,0
UCrb7blYaPvvrPE9hWHAc8lA,0,0,0,1,1,0,1,0,0,0,0,0
UCrdBHXDF5bre-aKRf_QcQ_A,0,0,0,0,1,0,1,0,0,0,1,0
UCri7Aft0jr2Jd0wIdTft84A,0,0,0,0,0,0,1,1,1,0,0,1
UCrni4MW_TL9kxvuw2q9AAYw,0,0,0,1,1,0,0,0,0,0,0,0
UCrogPOrHYVBY0dUHPU6OrFA,0,0,0,0,1,0,1,1,0,0,0,0
UCrrXum2CuHcnKUG74ULJYPA,0,0,0,0,0,0,1,0,0,0,0,0
UCrskM0J-lEsbdnTiaUfohGA,0,0,0,0,0,0,1,0,0,0,0,0
UCrxTB5ds8IxyKsHWL6n6AlA,0,0,0,1,1,0,0,0,0,0,0,0
UCrxtv0Zc8uQNfsY0HsAGY8g,0,0,0,1,1,1,1,0,0,0,0,0
UCryGmcxRu8mLMHKeGNrhspA,1,1,0,1,1,1,1,1,0,0,0,0
UCrzPw3MTeWeKS6vtHeIylRQ,0,0,0,0,0,0,1,0,0,0,0,0
UCs3v3MmPQL0xjD2QbyqFsEw,0,0,0,1,0,0,0,1,0,0,0,0
UCs86f6tbWatcKVt7emv9hfQ,0,0,0,1,1,0,1,0,0,0,0,0
UCs9JL1zGYoPRPri5LHiYsBA,1,1,1,1,1,0,1,1,0,0,1,0
UCsABPC_SPKUaf7BkZGs4wbQ,0,0,0,1,1,1,0,0,0,0,0,0
UCsGBTa5Q16KODMvjyfCqBAQ,0,0,0,1,1,0,1,0,0,0,0,0
UCsJJMwBmHcUSgeaPThsUmKw,0,0,0,0,1,0,0,0,0,0,0,1
UCsKlOT5XodZjpw-5lbotUfg,0,0,1,0,0,0,0,0,0,0,0,0
UCsNwhkVM-Ym0fmPozt5o6HQ,0,0,0,0,1,0,1,0,0,0,0,0
UCsOphDUZVkIKElbpSQSZp7g,0,0,0,0,0,0,1,1,0,1,0,0
UCsPuy87lQNkZCkJIn4jnEWA,1,0,0,0,0,0,1,1,0,0,0,0
UCsR4s88DCEXQugxTPFZr3lw,0,0,0,1,0,0,1,1,0,0,0,1
UCsT0ObJr8dLwzuzTycFnlfQ,1,0,0,0,1,0,0,1,0,0,0,0
UCsUGTxM3VOrKKMgYijSebUg,1,0,0,0,0,0,1,0,0,0,0,0
UCs_-B77ovzBt1eqD-fJU2nw,1,0,0,0,0,0,0,0,0,0,0,0
UCs_IVAqpWMnsb9bbDi7UMxw,0,0,0,0,0,0,1,0,0,0,0,0
UCsePDjnaskK3iZ84tfG2O8A,1,0,0,1,0,0,1,1,0,0,0,0
UCshrf1-rSTP1tqcqKce23zw,1,0,0,0,1,1,1,1,0,0,1,0
UCsirysZB2oRnHvl5YSL37bQ,0,0,0,1,1,0,0,0,0,0,0,0
UCsjvbVNBq94er0Kdt5znjSw,0,0,0,1,1,1,1,1,0,0,0,0
UCskMZniU8xs3dDdTlEEX32Q,1,1,1,0,0,0,0,0,0,0,0,0
UCsqOzXBX069HnYSgJ_HTxQw,0,0,0,0,1,0,0,0,0,0,0,0
UCsr06_2VZDYRansEL9eVKYw,0,1,0,0,1,0,0,1,0,0,0,0
UCss96PGc_5XcqHwEznoUHzw,0,0,0,0,1,0,1,0,0,0,0,1
UCsxZuoQO9HMKc4tazBAbIqg,0,0,0,0,0,0,0,0,1,0,0,1
UCsxaXSuUj3WVhZ-VKCR7FBA,1,0,0,1,1,0,0,0,0,0,0,0
UCt-t02m1QA89b9ZsV1VAgeQ,0,0,0,0,0,0,1,1,0,0,1,0
UCt-tU8FjjQ9wf6NL_0rEQaQ,0,0,0,1,1,0,1,0,0,0,0,0
UCt1khDGMCaUKZtuc-Yfjt9g,0,0,1,1,0,0,0,1,0,0,0,0
UCt3Z1KrLxKlS1MNhg3M0IFw,0,0,0,0,0,0,1,0,0,0,0,0
UCtApE7r35YYNSTEIt0cHW7A,0,0,0,0,0,0,1,0,0,0,0,0
UCtBfuuza3UAB4oLd-4gS4bw,1,0,0,0,0,0,0,1,0,0,0,0
UCtCRh3eTrbeK13IlhK0H1Vw,0,0,0,1,1,1,0,0,0,0,0,0
UCtDYh7r6Zgz1A8-6RYx3KBQ,0,0,0,0,1,0,0,0,0,0,0,0
UCtEwg8EekRghpadXGTKWeyw,0,1,0,0,0,0,0,1,0,0,0,0
UCtHB5s1zOkyEkvp8FusTgQw,0,0,0,0,1,0,1,0,0,0,0,0
UCtMyj58Dj5wXIy-RvEN9xPQ,1,1,0,0,0,0,1,0,0,0,0,0
UCtNrGqVAiJVmZvZaqF1mFtw,0,0,0,0,0,0,1,0,0,0,0,0
UCtOXFtMxJl8dcrG8istOOww,0,0,0,0,0,0,0,1,0,0,0,1
UCtOqmT7urIyCKIVpcQ3NCng,0,0,0,1,0,0,0,0,0,0,1,0
UCtP6oqueh1gFgk4BAwsTfnA,0,0,0,0,0,0,1,0,0,0,0,0
UCtQ3rUXjgudUzPjo5LcuMxA,1,0,0,0,0,0,0,1,0,0,0,0
UCtQYWx3MKr8SDGyHe2e_6wA,0,0,0,0,0,0,1,0,0,0,0,0
UCtQlVp6V21m__qVexSHB79g,0,0,0,1,1,0,1,0,0,0,0,0
UCtULYtCQSJ6iwseENkpu5GQ,0,0,0,1,1,0,0,1,0,0,0,0
UCtX2hL3vMaFL539br_0_hWw,0,1,0,0,0,0,0,0,0,0,0,0
UCtXr7GBaXJknLLDX3KfzcxQ,0,0,0,0,1,0,1,0,0,0,0,0
UCtZeMvTTKmrBHBk6v5nDnRg,0,0,0,0,1,1,1,0,0,0,0,1
UCt_bXa2tlZvxKgp4nYoPs-w,0,0,0,0,1,0,0,1,0,0,0,0
UCtbK81dx8hyDs4YX80gK64A,0,1,0,0,0,0,1,0,0,0,0,0
UCteRv19ybEsO0Dch_0yHBcA,0,0,0,1,0,0,1,0,0,0,1,0
UCtegeFdf4ELI-7mSkB5EJEw,0,0,0,1,0,0,0,0,0,0,0,0
UCtehV-RMpKKAoL-kds5iyjQ,1,0,0,0,0,0,0,1,0,0,0,0
UCtg9i4TxyddG5QV5CYZETiQ,0,0,0,0,0,0,1,0,0,0,0,0
UCtg_Ax-1Bh8XS75eFdnbflQ,0,0,0,0,0,0,1,0,0,0,0,0
UCtk6tfRyQZDt7ArbyyqGGkg,1,1,0,1,1,0,1,1,0,0,1,0
UCto-Js_wBR623myy5eL7low,0,0,1,1,1,1,1,1,0,0,0,0
UCtpWVIB4ZIVdEEM3VusKk_w,0,0,0,0,1,0,1,0,0,0,0,0
UCtpzg9pcXxJZ4pqfg5kIwtQ,0,0,0,0,0,0,0,1,0,1,0,0
UCttEVtWXs6v0-NxMc-vlQfg,0,0,0,1,1,0,1,1,0,0,0,0
UCtv7INNd4ozitB7jC-1X-NA,0,0,0,0,1,0,0,0,0,0,0,1
UCtwyDwW6HZg9py8-Cg0DFNA,0,0,0,0,1,1,0,0,0,0,0,0
UCtxGd9di8DUpEHwiSyRsqsA,0,0,0,0,0,0,0,1,0,0,0,0
UCu0aKD_tvYuhAQff9hCRnxg,1,1,0,0,0,0,1,0,0,0,0,0
UCu0mhy-70kx9QiEFHa78C0Q,0,0,0,1,1,0,0,0,0,0,0,0
UCu0p2JS8Z5x525qpN8Qj0QA,0,0,0,1,0,0,1,0,0,0,0,0
UCu12WcKK--k3lGVF22qBQLA,1,0,0,0,0,0,1,0,0,0,0,0
UCu1_73AvVJDc9wtnj6s5K-g,1,1,0,0,0,0,0,1,0,0,1,0
UCu3aGBUMXeG9a3R4Btd4-hQ,0,0,0,0,0,0,1,0,0,0,0,0
UCu4eqsjdkS3_bTBU0auG-qA,1,1,0,1,1,0,1,1,0,0,0,0
UCu5yCEYvYDz020eKXzFCH9g,0,0,0,1,1,0,0,0,0,0,0,0
UCu6YTeC1kEUphI-jZ2iMsbA,1,1,0,1,1,0,0,0,0,0,1,0
UCu7AsixLY16zx2Kza5Dtkww,0,0,0,0,1,0,0,0,0,0,0,0
UCuB0IGaLenzLvRerikTcQoQ,0,0,0,0,0,0,1,1,0,1,0,0
UCuC3Ha6BAD_r-krW9VcTNrQ,0,0,0,0,1,0,1,0,0,0,0,0
UCuCCh5jjY-rQ9ZsgtcqcxdQ,0,0,0,0,1,1,1,1,0,0,0,0
UCuDUk4ZT3YPweDixgDxtpEA,0,1,0,0,0,0,1,0,0,0,0,0
UCuJp0qNfZKNiwwLyRirrCnw,0,0,1,0,1,0,1,1,0,0,0,1
UCuKMSojL_T6O1OsNS9-tfPQ,0,0,0,1,1,1,1,0,0,0,0,0
UCuKry3-zOszGrXpYAhlgYWA,1,1,0,1,0,0,0,0,0,0,1,0
UCuL6dATKrZn-H_VTI7z6pNw,0,0,0,1,1,0,1,1,0,0,1,1
UCuMwjmdeeHN-LtiJVTjAS9Q,0,0,0,0,1,0,1,1,0,0,0,0
UCuNMvR1CmZak5E0ogmaZH3g,0,1,0,0,0,0,1,1,1,0,1,1
UCuUDwtPwqcxkxFzEZEprA9w,0,0,0,0,0,0,0,1,0,0,0,0
UCuVnOISQ9bbUMjS3Kwz7Z1g,1,0,0,0,0,0,0,0,0,0,0,0
UCu_3887V1w_sw7o_ADZ3OLA,0,0,0,0,0,0,1,0,0,0,0,0
UCu_w7syvCITrHWwFWNkBjcg,0,0,0,1,0,0,1,1,0,0,0,0
UCud2oS1jvksj2ogcLWFCYbQ,1,0,0,0,0,0,0,0,0,0,0,0
UCue9zuUM9h2uQYOiMlKgEyQ,1,0,0,0,1,0,1,1,0,0,1,0
UCufZenVe3PMkC72usAdVwZQ,0,0,0,0,0,0,1,0,0,0,0,0
UCujFEHlt4hMWo4BNrp2xaCQ,0,0,0,0,1,0,0,1,0,0,1,0
UCujWwLQcQNnATF1iHA6Bomg,1,1,0,0,0,0,0,0,0,0,0,0
UCukjX-eFqs0mZkfCG_klG5g,1,0,0,0,1,0,0,0,0,0,0,0
UCuqcPmdBvwHEWGx00XYCFWg,0,0,0,0,0,0,0,1,0,0,0,0
UCurghtB_YojMw3wvD2amL4Q,1,1,0,1,1,1,1,1,0,0,1,1
UCuzlYqnn6ZUoc07auQ5r22Q,0,0,0,1,1,0,1,1,0,0,0,0
UCv0FE0v0AgCdqBATxH-rj-w,0,0,0,0,0,0,1,1,0,0,0,0
UCv0hpsgpGWYdBsotEA3_5fQ,1,1,0,1,1,1,1,1,1,0,1,0
UCv4D6SmfvkN8TY6PTRhdbUA,1,0,0,0,0,0,0,0,0,0,0,0
UCv8djfekF-GsPNywhCOlKYQ,0,0,0,0,1,1,1,0,0,0,0,1
UCvBzK2i9RkrhMQ46XKZcdOA,0,0,0,1,0,0,0,0,0,0,0,0
UCvJKZzKKeM5aDE5oQYV5lmw,1,1,0,0,1,0,1,1,0,0,0,0
UCvMlkmAR0xS8Q2Zk7-hSLDA,0,0,0,0,0,0,1,0,0,0,0,0
UCvRvOalmBWfaZw86qelQTpQ,0,0,0,0,1,0,0,0,0,0,0,0
UCvUWlu7YCjCZMnmXSTd4q-A,0,0,0,1,0,0,0,1,0,0,0,0
UCvV9_2RYlz7x8VuPEpuxYVw,1,0,0,1,0,0,1,1,0,1,0,1
UCvVro9VlqgUY5xgGwwDCg9w,0,0,0,1,1,1,1,0,0,0,0,0
UCv_jGH9rRBSDanGgQ9XhWgg,0,1,0,0,0,0,1,0,0,0,0,0
UCvd4WMDbygUN73i8RTmkxDg,0,0,0,1,1,0,1,0,0,0,0,0
UCvdljMHCsy284JEz6hq572w,0,0,0,0,0,0,1,0,0,0,1,0
UCvgSH7ZXVYkr2PcJQGmMUIw,1,0,0,0,0,0,0,1,0,0,0,0
UCvnR3FAnPvjJBFveGIHJquQ,0,0,0,0,0,0,1,0,0,0,0,0
UCvnUQBs7Ux96-20_whBNpSw,1,1,0,0,0,0,1,1,0,0,0,0
UCvnfQsZGNW_9IvOPcdjOXTQ,0,0,0,0,0,0,1,0,0,0,0,0
UCvoANwH_p3uGHlWO_zWUI7w,0,0,0,0,1,0,1,1,0,0,0,0
UCvt6Ii-z741f-i7ZyODvnog,0,0,0,1,1,0,1,0,0,0,1,0
UCvw7nXdZTlVWIpdeAOipbhg,1,0,0,1,0,0,0,0,0,0,0,0
UCvx49rHn3BZof5hlwJqSs_w,0,0,0,1,0,0,0,0,0,0,1,0
UCw-Y9E6edAA-w0t_rCThmGg,0,0,0,0,1,0,1,0,0,0,0,0
UCw1TcHPYZyCLs2QMYfpNh6Q,0,0,0,0,1,0,0,0,0,0,0,0
UCw2q6SjfKz2azkt8LPRSKUA,0,0,0,0,0,0,1,0,0,0,0,0
UCw704jdOTfSCpb0k5r-R0lg,0,0,0,0,1,0,0,1,0,0,0,0
UCw8V1-vKkEWPzMaIJgMICpw,1,0,1,0,0,0,0,0,0,0,0,0
UCwF3WRDfUvfhMdisuv7OK4A,0,0,0,0,0,1,1,0,0,0,0,1
UCwHfJhmxx0GBBJNXWafFg6g,0,0,0,0,0,0,1,0,0,0,0,0
UCwIwkbulYB-ZwqYHINavzeA,0,0,0,0,1,0,1,0,0,0,0,0
UCwJHP0MXj9ICevE6P4BxNfg,0,1,0,0,1,0,1,0,0,0,0,0
UCwLEw2tR0_Q10vegPAsos9g,0,0,0,0,1,0,0,1,0,0,0,0
UCwLLDVKxLPvybyxwZHCV3zA,0,1,0,0,0,0,0,1,0,0,0,0
UCwVNkCEcpqVxtRtena-gNIQ,0,0,0,0,1,0,0,0,0,0,0,0
UCwbS_qOBSPLRDTZeYfoDb4w,0,0,0,0,0,0,1,1,0,0,0,0
UCwbxBO9eML73Vw6gdU3fIGQ,0,0,0,1,1,0,0,1,0,1,1,0
UCwdnaGD1Pe-assNPDMRzTMg,0,0,0,0,1,0,0,0,0,0,0,0
UCweMX-efBxmxhWzMGuVIdeg,0,0,0,0,0,0,0,1,0,0,0,0
UCwjyAQLlue0F7W69awH4N-A,0,0,0,0,0,0,0,1,0,0,0,0
UCwmC3dfjo0n-EhFAm0fSBAA,0,0,0,0,0,0,0,0,0,0,1,0
UCwreDIAac6zMeo8CIADrL-w,0,0,0,0,0,0,1,0,0,0,0,0
UCwt0Dg0h-jxBLW2J0pd57LA,0,1,0,0,1,0,0,0,0,0,0,0
UCwvvdMAL_IQVkeJcmNACwGw,0,0,0,0,1,0,0,0,0,0,0,0
UCwx6UL368Zb8ruqo8aeZexA,0,0,0,1,0,0,0,0,0,0,0,0
UCwy7f2_Om5uTi263Zg40FNg,0,1,1,0,0,0,0,0,0,0,1,0
UCwzBvImbaFEzTyd0Ne0sw1A,0,0,0,1,0,0,1,0,0,0,0,0
UCx-SnFvoy-MPZ8Ea-jaK1sA,0,0,0,0,1,1,0,1,0,0,0,0
UCx0Zs-parY6GIkAFycGc4Dw,0,0,0,0,1,0,0,1,0,0,0,0
UCx8acom1r3inGpBj_rLxPpg,0,0,0,0,0,0,1,0,0,1,0,0
UCx9h36r0txOnUFG6Q3GG6gg,0,0,0,1,1,0,0,1,0,0,0,0
UCxIO_YiE9KaZq6qbqoIucHQ,1,1,0,0,0,0,0,0,0,0,1,0
UCxJD_TCaC-uK75_2AiSAvnQ,1,0,1,0,0,0,0,0,0,0,0,0
UCxJVJeDiAA7cJEKw5GryRCw,0,0,0,0,1,0,1,0,0,0,0,0
UCxMckCEmlshBDxUM68XYI9A,1,0,0,0,0,0,1,0,0,0,0,0
UCxNVqR63eYs5FJwu9NRPWHA,1,0,0,1,1,0,0,0,0,0,0,0
UCxNrqbqAzwxcMpguAgjyhlQ,0,0,0,0,1,0,1,0,0,0,0,0
UCxRWYE9g8MeZteVLiGdOLjw,0,0,0,0,0,0,0,1,1,0,0,0
UCxRuCxGE4hEddWnsSUCR0SA,1,1,0,0,0,0,1,1,0,0,0,0
UCxVklbHLPsZOmzzQIcwOcfQ,1,1,0,1,0,0,0,0,0,0,0,0
UCxaMRcqB54x11JxePtaWTZg,1,0,0,0,0,0,0,0,0,0,0,0
UCxavYpm91UOgngdMCGQt0Xg,0,0,0,0,0,0,0,1,0,0,0,0
UCxbEI5hGWOtptD75WQG5Y7g,0,0,0,0,0,0,1,0,0,0,0,0
UCxfRuUTS3jZuYaJ0M7bfHxQ,0,0,0,0,0,0,0,1,0,0,0,0
UCxl8V-WZhFvaSKvw_oLeHRw,1,1,0,0,0,0,0,0,0,0,0,0
UCxo47fOeY3a2VUonbFnmkzw,1,1,0,0,0,0,1,1,1,1,1,0
UCxp8AZy1RtU9klpBomXoBeg,1,0,1,0,0,0,1,0,0,0,0,0
UCxvlgkpP5z98LsRudHN_Ucg,1,0,0,0,0,0,0,0,0,0,0,0
UCxwD89K8EDEEE4A75CF261A,0,0,0,1,1,0,0,0,0,0,1,0
UCy02XeJSsURLjSNMq3KTVjg,0,0,0,1,1,0,1,0,0,0,0,0
UCy0N162ftrJ2F5H1IyYnA6A,0,0,0,1,1,0,1,0,0,0,0,0
UCy1k7Y-nYgB6yLNDLJoykYw,0,0,0,0,1,1,1,1,0,0,0,0
UCy2cgdPFZZk6gUi29EExFBQ,1,0,0,0,0,0,1,0,0,0,0,0
UCy3bzGZVEkTrESsbcM4i69g,0,0,0,1,1,0,1,0,0,0,0,0
UCy90B0ItX2LNKnCmjFh1mVQ,0,0,0,1,1,0,1,1,0,0,0,0
UCyFjG42G-DQ8F-Vv88RUHnA,0,0,0,0,1,0,0,1,0,1,0,0
UCyPGVE5M6d6nK5JA1wIc07g,0,0,0,1,1,1,0,0,0,0,0,0
UCyQAhSzgAgJrSltmmqWKfMw,0,0,0,0,1,0,1,0,0,0,0,0
UCyS4v76WqVn_Kr8QmRMczsQ,0,0,0,0,0,0,1,1,0,0,0,0
UCyT7aSDSks6vR9a0h9TaVFg,1,1,0,0,0,0,0,0,0,0,0,0
UCyTTdKnJiYmQNg-f9BnfjHA,1,1,0,0,0,0,0,0,0,0,0,0
UCyV6eypRezBvS7EzpCtqaJA,0,0,0,0,0,0,1,0,0,0,0,0
UCyVPF0RomwR4uZ4uyNUnA6g,0,1,0,0,0,0,1,0,0,0,0,0
UCyXaw7icSa2A9I6KvV2FiDg,0,0,0,1,1,0,1,1,0,0,0,0
UCyYX1zinaP_J8TZcSe3ruew,0,0,0,0,0,0,1,0,0,0,0,0
UCyYsuYmMG169I14hmnBc0bA,1,0,0,0,1,0,0,0,0,0,0,0
UCyb8GTIJu9MuljeU6vs1aeA,1,0,1,0,1,0,1,0,0,0,0,0
UCycmZZio75Gsa2J5BPNeyMw,0,0,1,1,1,1,0,0,0,0,0,0
UCyedW6JmIqJ2kR7w8UZIJ5w,0,0,0,0,0,0,1,0,0,0,0,0
UCyextUdR8HFyx0NW_Thn0Bg,0,0,1,0,1,1,0,0,0,0,0,0
UCyf3UaRnr1LCIYl9y4zeELQ,0,0,0,0,1,0,1,0,0,0,0,0
UCygkeNT-BbyC26-5N33ec0w,0,0,0,1,1,0,0,0,0,0,0,0
UCyopqN_GraPxU1rWlt_Axyw,0,0,0,0,1,1,1,0,0,0,0,0
UCysYqEaJC9rP_XWpzadqXQQ,0,0,0,0,1,1,1,0,0,0,0,0
UCyzGm7Emtxi06eCpu8Qm-BA,0,0,0,0,1,0,1,0,0,0,0,0
UCyzXrgzw_RX8YHKKP6FB6NA,1,1,0,0,0,0,1,0,0,0,0,0
UCz1MWTK8oebif5Sb5nS-Zqg,0,0,0,0,0,0,1,0,0,0,0,0
UCz1RAeb7dVaUcd-4rEgyxPw,0,0,0,0,0,0,0,1,0,1,0,0
UCz70D9LZgRupQsaTuS_T99w,0,0,0,1,1,0,1,1,0,0,1,0
UCz7Cw_nVe4mrwl9-u486Rxg,0,0,0,1,0,0,1,0,0,0,0,0
UCzAC5szml-g7qduV69glqQw,1,0,0,0,0,0,0,1,0,0,0,0
UCzB1xOhFJoFlY40BKZ3XnLA,0,0,0,0,0,1,0,0,0,0,0,0
UCzF7F9dTr2BfJ92x1hG3nYQ,0,0,0,0,1,0,1,0,0,0,0,0
UCzH6qK6Awr7CV9sbxIDLrQQ,0,0,0,1,0,0,1,0,0,0,0,0
UCzIl72OwzvDg80MFiDwIWeA,1,0,0,0,1,0,1,1,0,0,0,0
UCzLZXm8ydCqmu-ZDc9BzRzA,0,0,0,1,1,1,1,1,0,0,0,0
UCzOL8UE8kiWrTo8XDd2FmNA,0,0,0,0,1,0,1,0,0,0,0,0
UCzS53hlQioY6RIRsqYDO6dw,0,0,0,0,1,0,1,1,0,0,0,0
UCzTLfU1Qgl790ICfGyFEk0Q,0,0,0,0,0,0,0,1,0,0,0,0
UCzUm3dlIC8Mkrn7qOYnjKAQ,0,0,0,0,0,0,1,0,0,0,0,0
UCzUuGBHfH5RmBPJkDkB69Lw,1,0,0,0,0,0,1,0,0,0,1,0
UCzWB36FbRpeXLVmpizMRU2A,0,0,0,0,0,0,1,0,0,0,0,0
UCz_ouR71sswPGpl4Fiv31mA,0,0,0,1,1,1,1,0,0,0,0,0
UCzaA_5Id4_UG6pziHLKWHXA,0,0,0,0,1,1,0,1,0,0,0,0
UCzaiKvc-tvgUShpKRfAcv-w,0,0,0,0,1,0,1,0,0,0,0,0
UCzaqkqp-3Mwpg_HHE8BQ1BQ,0,0,0,1,1,1,1,1,0,0,1,0
UCzbCMNvFKxggVno_I2GfyPg,0,0,0,0,1,0,1,1,0,0,0,0
UCzcUw50IlRtqTzAiYlsLZTQ,0,0,0,0,0,0,1,1,0,0,0,0
UCzl_fvYVQXj3I53Kt9iivsQ,0,0,0,1,0,0,0,1,0,0,0,0
UCzmgkiEtmxPOMKlqP-ThdTA,1,0,0,0,0,0,0,0,0,0,0,0
UCzn6BG4X-lzW9PQqoGHRGlw,0,0,0,1,0,0,0,0,0,0,0,0
UCznNjQ1e-U01Puhz0cWNm9g,0,0,0,0,0,0,1,0,0,0,0,0
UCzoYdtq1U0GNwqPmEbVneFg,0,0,0,0,1,0,0,0,0,0,0,0
UCzsWcoXGdP9f1uw8SIUQftA,0,0,0,0,1,0,0,0,0,0,0,0
UCzs_-QiOIk7QIiH6UU22tbQ,1,0,0,1,1,0,0,0,0,0,1,0
UCzukBm1qWPQhXXwJeq2GGBQ,0,0,0,1,1,0,1,0,0,0,0,0
UCzxsAJju39QhVJdsxSUprWg,0,0,0,0,0,0,1,0,0,0,0,0
UCzyMTeMEEJS-VzFIeyHjXCg,1,0,0,0,0,0,1,0,0,0,0,0
UCzymiMePt_3lCkXCZrkip5A,0,1,0,0,0,0,0,1,0,0,0,0
